chrom	position	raw_depth	sample	gene_symbol	rpm_depth
chrX	35860859	0.0	RNA_siLuc	Pgrmc1	0.0
chrX	35860860	0.0	RNA_siLuc	Pgrmc1	0.0
chrX	35860861	0.0	RNA_siLuc	Pgrmc1	0.0
chrX	35860862	0.0	RNA_siLuc	Pgrmc1	0.0
chrX	35860863	0.0	RNA_siLuc	Pgrmc1	0.0
chrX	35860864	0.0	RNA_siLuc	Pgrmc1	0.0
chrX	35860865	0.0	RNA_siLuc	Pgrmc1	0.0
chrX	35860866	0.0	RNA_siLuc	Pgrmc1	0.0
chrX	35860867	0.0	RNA_siLuc	Pgrmc1	0.0
chrX	35860868	0.0	RNA_siLuc	Pgrmc1	0.0
chrX	35860869	0.0	RNA_siLuc	Pgrmc1	0.0
chrX	35860870	0.0	RNA_siLuc	Pgrmc1	0.0
chrX	35860871	0.0	RNA_siLuc	Pgrmc1	0.0
chrX	35860872	0.0	RNA_siLuc	Pgrmc1	0.0
chrX	35860873	0.0	RNA_siLuc	Pgrmc1	0.0
chrX	35860874	0.0	RNA_siLuc	Pgrmc1	0.0
chrX	35860875	0.0	RNA_siLuc	Pgrmc1	0.0
chrX	35860876	0.0	RNA_siLuc	Pgrmc1	0.0
chrX	35860877	0.0	RNA_siLuc	Pgrmc1	0.0
chrX	35860878	0.0	RNA_siLuc	Pgrmc1	0.0
chrX	35860879	0.0	RNA_siLuc	Pgrmc1	0.0
chrX	35860880	0.0	RNA_siLuc	Pgrmc1	0.0
chrX	35860881	0.0	RNA_siLuc	Pgrmc1	0.0
chrX	35860882	0.0	RNA_siLuc	Pgrmc1	0.0
chrX	35860883	0.0	RNA_siLuc	Pgrmc1	0.0
chrX	35860884	0.0	RNA_siLuc	Pgrmc1	0.0
chrX	35860885	0.0	RNA_siLuc	Pgrmc1	0.0
chrX	35860886	0.0	RNA_siLuc	Pgrmc1	0.0
chrX	35860887	0.0	RNA_siLuc	Pgrmc1	0.0
chrX	35860888	0.0	RNA_siLuc	Pgrmc1	0.0
chrX	35860889	0.0	RNA_siLuc	Pgrmc1	0.0
chrX	35860890	0.0	RNA_siLuc	Pgrmc1	0.0
chrX	35860891	0.0	RNA_siLuc	Pgrmc1	0.0
chrX	35860892	0.0	RNA_siLuc	Pgrmc1	0.0
chrX	35860893	0.0	RNA_siLuc	Pgrmc1	0.0
chrX	35860894	0.0	RNA_siLuc	Pgrmc1	0.0
chrX	35860895	0.0	RNA_siLuc	Pgrmc1	0.0
chrX	35860896	0.0	RNA_siLuc	Pgrmc1	0.0
chrX	35860897	0.0	RNA_siLuc	Pgrmc1	0.0
chrX	35860898	0.0	RNA_siLuc	Pgrmc1	0.0
chrX	35860899	0.0	RNA_siLuc	Pgrmc1	0.0
chrX	35860900	0.0	RNA_siLuc	Pgrmc1	0.0
chrX	35860901	0.0	RNA_siLuc	Pgrmc1	0.0
chrX	35860902	0.0	RNA_siLuc	Pgrmc1	0.0
chrX	35860903	0.0	RNA_siLuc	Pgrmc1	0.0
chrX	35860904	0.0	RNA_siLuc	Pgrmc1	0.0
chrX	35860905	0.0	RNA_siLuc	Pgrmc1	0.0
chrX	35860906	0.0	RNA_siLuc	Pgrmc1	0.0
chrX	35860907	0.0	RNA_siLuc	Pgrmc1	0.0
chrX	35860908	0.0	RNA_siLuc	Pgrmc1	0.0
chrX	35860909	0.0	RNA_siLuc	Pgrmc1	0.0
chrX	35860910	0.0	RNA_siLuc	Pgrmc1	0.0
chrX	35860911	0.0	RNA_siLuc	Pgrmc1	0.0
chrX	35860912	0.0	RNA_siLuc	Pgrmc1	0.0
chrX	35860913	0.0	RNA_siLuc	Pgrmc1	0.0
chrX	35860914	0.0	RNA_siLuc	Pgrmc1	0.0
chrX	35860915	0.0	RNA_siLuc	Pgrmc1	0.0
chrX	35860916	0.0	RNA_siLuc	Pgrmc1	0.0
chrX	35860917	0.0	RNA_siLuc	Pgrmc1	0.0
chrX	35860918	0.0	RNA_siLuc	Pgrmc1	0.0
chrX	35860919	0.0	RNA_siLuc	Pgrmc1	0.0
chrX	35860920	0.0	RNA_siLuc	Pgrmc1	0.0
chrX	35860921	0.0	RNA_siLuc	Pgrmc1	0.0
chrX	35860922	0.0	RNA_siLuc	Pgrmc1	0.0
chrX	35860923	0.0	RNA_siLuc	Pgrmc1	0.0
chrX	35860924	0.0	RNA_siLuc	Pgrmc1	0.0
chrX	35860925	0.0	RNA_siLuc	Pgrmc1	0.0
chrX	35860926	0.0	RNA_siLuc	Pgrmc1	0.0
chrX	35860927	0.0	RNA_siLuc	Pgrmc1	0.0
chrX	35860928	0.0	RNA_siLuc	Pgrmc1	0.0
chrX	35860929	0.0	RNA_siLuc	Pgrmc1	0.0
chrX	35860930	0.0	RNA_siLuc	Pgrmc1	0.0
chrX	35860931	0.0	RNA_siLuc	Pgrmc1	0.0
chrX	35860932	0.0	RNA_siLuc	Pgrmc1	0.0
chrX	35860933	0.0	RNA_siLuc	Pgrmc1	0.0
chrX	35860934	0.0	RNA_siLuc	Pgrmc1	0.0
chrX	35860935	0.0	RNA_siLuc	Pgrmc1	0.0
chrX	35860936	0.0	RNA_siLuc	Pgrmc1	0.0
chrX	35860937	0.0	RNA_siLuc	Pgrmc1	0.0
chrX	35860938	0.0	RNA_siLuc	Pgrmc1	0.0
chrX	35860939	0.0	RNA_siLuc	Pgrmc1	0.0
chrX	35860940	0.0	RNA_siLuc	Pgrmc1	0.0
chrX	35860941	0.0	RNA_siLuc	Pgrmc1	0.0
chrX	35860942	0.0	RNA_siLuc	Pgrmc1	0.0
chrX	35860943	0.0	RNA_siLuc	Pgrmc1	0.0
chrX	35860944	0.0	RNA_siLuc	Pgrmc1	0.0
chrX	35860945	0.0	RNA_siLuc	Pgrmc1	0.0
chrX	35860946	0.0	RNA_siLuc	Pgrmc1	0.0
chrX	35860947	0.0	RNA_siLuc	Pgrmc1	0.0
chrX	35860948	0.0	RNA_siLuc	Pgrmc1	0.0
chrX	35860949	0.0	RNA_siLuc	Pgrmc1	0.0
chrX	35860950	0.0	RNA_siLuc	Pgrmc1	0.0
chrX	35860951	0.0	RNA_siLuc	Pgrmc1	0.0
chrX	35860952	0.0	RNA_siLuc	Pgrmc1	0.0
chrX	35860953	0.0	RNA_siLuc	Pgrmc1	0.0
chrX	35860954	0.0	RNA_siLuc	Pgrmc1	0.0
chrX	35860955	0.0	RNA_siLuc	Pgrmc1	0.0
chrX	35860956	0.0	RNA_siLuc	Pgrmc1	0.0
chrX	35860957	0.0	RNA_siLuc	Pgrmc1	0.0
chrX	35860958	0.0	RNA_siLuc	Pgrmc1	0.0
chrX	35860959	0.0	RNA_siLuc	Pgrmc1	0.0
chrX	35860960	0.0	RNA_siLuc	Pgrmc1	0.0
chrX	35860961	0.0	RNA_siLuc	Pgrmc1	0.0
chrX	35860962	0.0	RNA_siLuc	Pgrmc1	0.0
chrX	35860963	0.0	RNA_siLuc	Pgrmc1	0.0
chrX	35860964	0.0	RNA_siLuc	Pgrmc1	0.0
chrX	35860965	0.0	RNA_siLuc	Pgrmc1	0.0
chrX	35860966	0.0	RNA_siLuc	Pgrmc1	0.0
chrX	35860967	0.0	RNA_siLuc	Pgrmc1	0.0
chrX	35860968	0.0	RNA_siLuc	Pgrmc1	0.0
chrX	35860969	0.0	RNA_siLuc	Pgrmc1	0.0
chrX	35860970	0.0	RNA_siLuc	Pgrmc1	0.0
chrX	35860971	0.0	RNA_siLuc	Pgrmc1	0.0
chrX	35860972	0.0	RNA_siLuc	Pgrmc1	0.0
chrX	35860973	0.0	RNA_siLuc	Pgrmc1	0.0
chrX	35860974	0.0	RNA_siLuc	Pgrmc1	0.0
chrX	35860975	0.0	RNA_siLuc	Pgrmc1	0.0
chrX	35860976	0.0	RNA_siLuc	Pgrmc1	0.0
chrX	35860977	0.0	RNA_siLuc	Pgrmc1	0.0
chrX	35860978	0.0	RNA_siLuc	Pgrmc1	0.0
chrX	35860979	0.0	RNA_siLuc	Pgrmc1	0.0
chrX	35860980	0.0	RNA_siLuc	Pgrmc1	0.0
chrX	35860981	0.0	RNA_siLuc	Pgrmc1	0.0
chrX	35860982	0.0	RNA_siLuc	Pgrmc1	0.0
chrX	35860983	0.0	RNA_siLuc	Pgrmc1	0.0
chrX	35860984	0.0	RNA_siLuc	Pgrmc1	0.0
chrX	35860985	0.0	RNA_siLuc	Pgrmc1	0.0
chrX	35860986	0.0	RNA_siLuc	Pgrmc1	0.0
chrX	35860987	0.0	RNA_siLuc	Pgrmc1	0.0
chrX	35860988	0.0	RNA_siLuc	Pgrmc1	0.0
chrX	35860989	0.0	RNA_siLuc	Pgrmc1	0.0
chrX	35860990	0.0	RNA_siLuc	Pgrmc1	0.0
chrX	35860991	0.0	RNA_siLuc	Pgrmc1	0.0
chrX	35860992	0.0	RNA_siLuc	Pgrmc1	0.0
chrX	35860993	0.0	RNA_siLuc	Pgrmc1	0.0
chrX	35860994	0.0	RNA_siLuc	Pgrmc1	0.0
chrX	35860995	0.0	RNA_siLuc	Pgrmc1	0.0
chrX	35860996	0.0	RNA_siLuc	Pgrmc1	0.0
chrX	35860997	0.0	RNA_siLuc	Pgrmc1	0.0
chrX	35860998	0.0	RNA_siLuc	Pgrmc1	0.0
chrX	35860999	0.0	RNA_siLuc	Pgrmc1	0.0
chrX	35861000	0.0	RNA_siLuc	Pgrmc1	0.0
chrX	35861001	0.0	RNA_siLuc	Pgrmc1	0.0
chrX	35861002	0.0	RNA_siLuc	Pgrmc1	0.0
chrX	35861003	0.0	RNA_siLuc	Pgrmc1	0.0
chrX	35861004	0.0	RNA_siLuc	Pgrmc1	0.0
chrX	35861005	0.0	RNA_siLuc	Pgrmc1	0.0
chrX	35861006	0.0	RNA_siLuc	Pgrmc1	0.0
chrX	35861007	0.0	RNA_siLuc	Pgrmc1	0.0
chrX	35861008	0.0	RNA_siLuc	Pgrmc1	0.0
chrX	35861009	0.0	RNA_siLuc	Pgrmc1	0.0
chrX	35861010	0.0	RNA_siLuc	Pgrmc1	0.0
chrX	35861011	0.0	RNA_siLuc	Pgrmc1	0.0
chrX	35861012	0.0	RNA_siLuc	Pgrmc1	0.0
chrX	35861013	0.0	RNA_siLuc	Pgrmc1	0.0
chrX	35861014	0.0	RNA_siLuc	Pgrmc1	0.0
chrX	35861015	0.0	RNA_siLuc	Pgrmc1	0.0
chrX	35861016	0.0	RNA_siLuc	Pgrmc1	0.0
chrX	35861017	0.0	RNA_siLuc	Pgrmc1	0.0
chrX	35861018	0.0	RNA_siLuc	Pgrmc1	0.0
chrX	35861019	0.0	RNA_siLuc	Pgrmc1	0.0
chrX	35861020	0.0	RNA_siLuc	Pgrmc1	0.0
chrX	35861021	0.0	RNA_siLuc	Pgrmc1	0.0
chrX	35861022	0.0	RNA_siLuc	Pgrmc1	0.0
chrX	35861023	0.0	RNA_siLuc	Pgrmc1	0.0
chrX	35861024	0.0	RNA_siLuc	Pgrmc1	0.0
chrX	35861025	0.0	RNA_siLuc	Pgrmc1	0.0
chrX	35861026	0.0	RNA_siLuc	Pgrmc1	0.0
chrX	35861027	0.0	RNA_siLuc	Pgrmc1	0.0
chrX	35861028	0.0	RNA_siLuc	Pgrmc1	0.0
chrX	35861029	0.0	RNA_siLuc	Pgrmc1	0.0
chrX	35861030	0.0	RNA_siLuc	Pgrmc1	0.0
chrX	35861031	0.0	RNA_siLuc	Pgrmc1	0.0
chrX	35861032	0.0	RNA_siLuc	Pgrmc1	0.0
chrX	35861033	0.0	RNA_siLuc	Pgrmc1	0.0
chrX	35861034	0.0	RNA_siLuc	Pgrmc1	0.0
chrX	35861035	0.0	RNA_siLuc	Pgrmc1	0.0
chrX	35861036	0.0	RNA_siLuc	Pgrmc1	0.0
chrX	35861037	0.0	RNA_siLuc	Pgrmc1	0.0
chrX	35861038	0.0	RNA_siLuc	Pgrmc1	0.0
chrX	35861039	0.0	RNA_siLuc	Pgrmc1	0.0
chrX	35861040	0.0	RNA_siLuc	Pgrmc1	0.0
chrX	35861041	0.0	RNA_siLuc	Pgrmc1	0.0
chrX	35861042	0.0	RNA_siLuc	Pgrmc1	0.0
chrX	35861043	0.0	RNA_siLuc	Pgrmc1	0.0
chrX	35861044	0.0	RNA_siLuc	Pgrmc1	0.0
chrX	35861045	0.0	RNA_siLuc	Pgrmc1	0.0
chrX	35861046	0.0	RNA_siLuc	Pgrmc1	0.0
chrX	35861047	0.0	RNA_siLuc	Pgrmc1	0.0
chrX	35861048	0.0	RNA_siLuc	Pgrmc1	0.0
chrX	35861049	0.0	RNA_siLuc	Pgrmc1	0.0
chrX	35861050	0.0	RNA_siLuc	Pgrmc1	0.0
chrX	35861051	0.0	RNA_siLuc	Pgrmc1	0.0
chrX	35861052	0.0	RNA_siLuc	Pgrmc1	0.0
chrX	35861053	0.0	RNA_siLuc	Pgrmc1	0.0
chrX	35861054	0.0	RNA_siLuc	Pgrmc1	0.0
chrX	35861055	0.0	RNA_siLuc	Pgrmc1	0.0
chrX	35861056	0.0	RNA_siLuc	Pgrmc1	0.0
chrX	35861057	0.0	RNA_siLuc	Pgrmc1	0.0
chrX	35861058	0.0	RNA_siLuc	Pgrmc1	0.0
chrX	35861059	0.0	RNA_siLuc	Pgrmc1	0.0
chrX	35861060	0.0	RNA_siLuc	Pgrmc1	0.0
chrX	35861061	0.0	RNA_siLuc	Pgrmc1	0.0
chrX	35861062	0.0	RNA_siLuc	Pgrmc1	0.0
chrX	35861063	0.0	RNA_siLuc	Pgrmc1	0.0
chrX	35861064	0.0	RNA_siLuc	Pgrmc1	0.0
chrX	35861065	0.0	RNA_siLuc	Pgrmc1	0.0
chrX	35861066	0.0	RNA_siLuc	Pgrmc1	0.0
chrX	35861067	0.0	RNA_siLuc	Pgrmc1	0.0
chrX	35861068	0.0	RNA_siLuc	Pgrmc1	0.0
chrX	35861069	0.0	RNA_siLuc	Pgrmc1	0.0
chrX	35861070	0.0	RNA_siLuc	Pgrmc1	0.0
chrX	35861071	0.0	RNA_siLuc	Pgrmc1	0.0
chrX	35861072	0.0	RNA_siLuc	Pgrmc1	0.0
chrX	35861073	0.0	RNA_siLuc	Pgrmc1	0.0
chrX	35861074	0.0	RNA_siLuc	Pgrmc1	0.0
chrX	35861075	0.0	RNA_siLuc	Pgrmc1	0.0
chrX	35861076	0.0	RNA_siLuc	Pgrmc1	0.0
chrX	35861077	0.0	RNA_siLuc	Pgrmc1	0.0
chrX	35861078	0.0	RNA_siLuc	Pgrmc1	0.0
chrX	35861079	0.0	RNA_siLuc	Pgrmc1	0.0
chrX	35861080	0.0	RNA_siLuc	Pgrmc1	0.0
chrX	35861081	0.0	RNA_siLuc	Pgrmc1	0.0
chrX	35861082	0.0	RNA_siLuc	Pgrmc1	0.0
chrX	35861083	0.0	RNA_siLuc	Pgrmc1	0.0
chrX	35861084	0.0	RNA_siLuc	Pgrmc1	0.0
chrX	35861085	0.0	RNA_siLuc	Pgrmc1	0.0
chrX	35861086	0.0	RNA_siLuc	Pgrmc1	0.0
chrX	35861087	0.0	RNA_siLuc	Pgrmc1	0.0
chrX	35861088	0.0	RNA_siLuc	Pgrmc1	0.0
chrX	35861089	0.0	RNA_siLuc	Pgrmc1	0.0
chrX	35861090	0.0	RNA_siLuc	Pgrmc1	0.0
chrX	35861091	0.0	RNA_siLuc	Pgrmc1	0.0
chrX	35861092	0.0	RNA_siLuc	Pgrmc1	0.0
chrX	35861093	0.0	RNA_siLuc	Pgrmc1	0.0
chrX	35861094	0.0	RNA_siLuc	Pgrmc1	0.0
chrX	35861095	0.0	RNA_siLuc	Pgrmc1	0.0
chrX	35861096	0.0	RNA_siLuc	Pgrmc1	0.0
chrX	35861097	0.0	RNA_siLuc	Pgrmc1	0.0
chrX	35861098	0.0	RNA_siLuc	Pgrmc1	0.0
chrX	35861099	0.0	RNA_siLuc	Pgrmc1	0.0
chrX	35861100	0.0	RNA_siLuc	Pgrmc1	0.0
chrX	35861101	0.0	RNA_siLuc	Pgrmc1	0.0
chrX	35861102	0.0	RNA_siLuc	Pgrmc1	0.0
chrX	35861103	0.0	RNA_siLuc	Pgrmc1	0.0
chrX	35861104	0.0	RNA_siLuc	Pgrmc1	0.0
chrX	35861105	0.0	RNA_siLuc	Pgrmc1	0.0
chrX	35861106	0.0	RNA_siLuc	Pgrmc1	0.0
chrX	35861107	0.0	RNA_siLuc	Pgrmc1	0.0
chrX	35861108	0.0	RNA_siLuc	Pgrmc1	0.0
chrX	35861109	0.0	RNA_siLuc	Pgrmc1	0.0
chrX	35861110	0.0	RNA_siLuc	Pgrmc1	0.0
chrX	35861111	0.0	RNA_siLuc	Pgrmc1	0.0
chrX	35861112	0.0	RNA_siLuc	Pgrmc1	0.0
chrX	35861113	0.0	RNA_siLuc	Pgrmc1	0.0
chrX	35861114	0.0	RNA_siLuc	Pgrmc1	0.0
chrX	35861115	0.0	RNA_siLuc	Pgrmc1	0.0
chrX	35861116	0.0	RNA_siLuc	Pgrmc1	0.0
chrX	35861117	0.0	RNA_siLuc	Pgrmc1	0.0
chrX	35861118	0.0	RNA_siLuc	Pgrmc1	0.0
chrX	35861119	0.0	RNA_siLuc	Pgrmc1	0.0
chrX	35861120	0.0	RNA_siLuc	Pgrmc1	0.0
chrX	35861121	0.0	RNA_siLuc	Pgrmc1	0.0
chrX	35861122	0.0	RNA_siLuc	Pgrmc1	0.0
chrX	35861123	0.0	RNA_siLuc	Pgrmc1	0.0
chrX	35861124	0.0	RNA_siLuc	Pgrmc1	0.0
chrX	35861125	0.0	RNA_siLuc	Pgrmc1	0.0
chrX	35861126	0.0	RNA_siLuc	Pgrmc1	0.0
chrX	35861127	0.0	RNA_siLuc	Pgrmc1	0.0
chrX	35861128	0.0	RNA_siLuc	Pgrmc1	0.0
chrX	35861129	0.0	RNA_siLuc	Pgrmc1	0.0
chrX	35861130	0.0	RNA_siLuc	Pgrmc1	0.0
chrX	35861131	0.0	RNA_siLuc	Pgrmc1	0.0
chrX	35861132	0.0	RNA_siLuc	Pgrmc1	0.0
chrX	35861133	0.0	RNA_siLuc	Pgrmc1	0.0
chrX	35861134	0.0	RNA_siLuc	Pgrmc1	0.0
chrX	35861135	0.0	RNA_siLuc	Pgrmc1	0.0
chrX	35861136	0.0	RNA_siLuc	Pgrmc1	0.0
chrX	35861137	0.0	RNA_siLuc	Pgrmc1	0.0
chrX	35861138	0.0	RNA_siLuc	Pgrmc1	0.0
chrX	35861139	0.0	RNA_siLuc	Pgrmc1	0.0
chrX	35861140	0.0	RNA_siLuc	Pgrmc1	0.0
chrX	35861141	0.0	RNA_siLuc	Pgrmc1	0.0
chrX	35861142	0.0	RNA_siLuc	Pgrmc1	0.0
chrX	35861143	0.0	RNA_siLuc	Pgrmc1	0.0
chrX	35861144	0.0	RNA_siLuc	Pgrmc1	0.0
chrX	35861145	0.0	RNA_siLuc	Pgrmc1	0.0
chrX	35861146	0.0	RNA_siLuc	Pgrmc1	0.0
chrX	35861147	0.0	RNA_siLuc	Pgrmc1	0.0
chrX	35861148	0.0	RNA_siLuc	Pgrmc1	0.0
chrX	35861149	0.0	RNA_siLuc	Pgrmc1	0.0
chrX	35861150	0.0	RNA_siLuc	Pgrmc1	0.0
chrX	35861151	0.0	RNA_siLuc	Pgrmc1	0.0
chrX	35861152	0.0	RNA_siLuc	Pgrmc1	0.0
chrX	35861153	0.0	RNA_siLuc	Pgrmc1	0.0
chrX	35861154	0.0	RNA_siLuc	Pgrmc1	0.0
chrX	35861155	0.0	RNA_siLuc	Pgrmc1	0.0
chrX	35861156	0.0	RNA_siLuc	Pgrmc1	0.0
chrX	35861157	0.0	RNA_siLuc	Pgrmc1	0.0
chrX	35861158	0.0	RNA_siLuc	Pgrmc1	0.0
chrX	35861159	0.0	RNA_siLuc	Pgrmc1	0.0
chrX	35861160	0.0	RNA_siLuc	Pgrmc1	0.0
chrX	35861161	0.0	RNA_siLuc	Pgrmc1	0.0
chrX	35861162	0.0	RNA_siLuc	Pgrmc1	0.0
chrX	35861163	0.0	RNA_siLuc	Pgrmc1	0.0
chrX	35861164	0.0	RNA_siLuc	Pgrmc1	0.0
chrX	35861165	0.0	RNA_siLuc	Pgrmc1	0.0
chrX	35861166	0.0	RNA_siLuc	Pgrmc1	0.0
chrX	35861167	0.0	RNA_siLuc	Pgrmc1	0.0
chrX	35861168	0.0	RNA_siLuc	Pgrmc1	0.0
chrX	35861169	0.0	RNA_siLuc	Pgrmc1	0.0
chrX	35861170	0.0	RNA_siLuc	Pgrmc1	0.0
chrX	35861171	0.0	RNA_siLuc	Pgrmc1	0.0
chrX	35861172	0.0	RNA_siLuc	Pgrmc1	0.0
chrX	35861173	0.0	RNA_siLuc	Pgrmc1	0.0
chrX	35861174	0.0	RNA_siLuc	Pgrmc1	0.0
chrX	35861175	0.0	RNA_siLuc	Pgrmc1	0.0
chrX	35861176	0.0	RNA_siLuc	Pgrmc1	0.0
chrX	35861177	0.0	RNA_siLuc	Pgrmc1	0.0
chrX	35861178	0.0	RNA_siLuc	Pgrmc1	0.0
chrX	35861179	0.0	RNA_siLuc	Pgrmc1	0.0
chrX	35861180	0.0	RNA_siLuc	Pgrmc1	0.0
chrX	35861181	0.0	RNA_siLuc	Pgrmc1	0.0
chrX	35861182	0.0	RNA_siLuc	Pgrmc1	0.0
chrX	35861183	0.0	RNA_siLuc	Pgrmc1	0.0
chrX	35861184	0.0	RNA_siLuc	Pgrmc1	0.0
chrX	35861185	0.0	RNA_siLuc	Pgrmc1	0.0
chrX	35861186	0.0	RNA_siLuc	Pgrmc1	0.0
chrX	35861187	0.0	RNA_siLuc	Pgrmc1	0.0
chrX	35861188	0.0	RNA_siLuc	Pgrmc1	0.0
chrX	35861189	0.0	RNA_siLuc	Pgrmc1	0.0
chrX	35861190	0.0	RNA_siLuc	Pgrmc1	0.0
chrX	35861191	0.0	RNA_siLuc	Pgrmc1	0.0
chrX	35861192	0.0	RNA_siLuc	Pgrmc1	0.0
chrX	35861193	0.0	RNA_siLuc	Pgrmc1	0.0
chrX	35861194	0.0	RNA_siLuc	Pgrmc1	0.0
chrX	35861195	0.0	RNA_siLuc	Pgrmc1	0.0
chrX	35861196	0.0	RNA_siLuc	Pgrmc1	0.0
chrX	35861197	0.0	RNA_siLuc	Pgrmc1	0.0
chrX	35861198	0.0	RNA_siLuc	Pgrmc1	0.0
chrX	35861199	0.0	RNA_siLuc	Pgrmc1	0.0
chrX	35861200	0.0	RNA_siLuc	Pgrmc1	0.0
chrX	35861201	0.0	RNA_siLuc	Pgrmc1	0.0
chrX	35861202	0.0	RNA_siLuc	Pgrmc1	0.0
chrX	35861203	0.0	RNA_siLuc	Pgrmc1	0.0
chrX	35861204	0.0	RNA_siLuc	Pgrmc1	0.0
chrX	35861205	0.0	RNA_siLuc	Pgrmc1	0.0
chrX	35861206	0.0	RNA_siLuc	Pgrmc1	0.0
chrX	35861207	0.0	RNA_siLuc	Pgrmc1	0.0
chrX	35861208	0.0	RNA_siLuc	Pgrmc1	0.0
chrX	35861209	0.0	RNA_siLuc	Pgrmc1	0.0
chrX	35861210	0.0	RNA_siLuc	Pgrmc1	0.0
chrX	35861211	0.0	RNA_siLuc	Pgrmc1	0.0
chrX	35861212	0.0	RNA_siLuc	Pgrmc1	0.0
chrX	35861213	0.0	RNA_siLuc	Pgrmc1	0.0
chrX	35861214	0.0	RNA_siLuc	Pgrmc1	0.0
chrX	35861215	0.0	RNA_siLuc	Pgrmc1	0.0
chrX	35861216	0.0	RNA_siLuc	Pgrmc1	0.0
chrX	35861217	0.0	RNA_siLuc	Pgrmc1	0.0
chrX	35861218	0.0	RNA_siLuc	Pgrmc1	0.0
chrX	35861219	0.0	RNA_siLuc	Pgrmc1	0.0
chrX	35861220	0.0	RNA_siLuc	Pgrmc1	0.0
chrX	35861221	0.0	RNA_siLuc	Pgrmc1	0.0
chrX	35861222	0.0	RNA_siLuc	Pgrmc1	0.0
chrX	35861223	0.0	RNA_siLuc	Pgrmc1	0.0
chrX	35861224	0.0	RNA_siLuc	Pgrmc1	0.0
chrX	35861225	0.0	RNA_siLuc	Pgrmc1	0.0
chrX	35861226	0.0	RNA_siLuc	Pgrmc1	0.0
chrX	35861227	0.0	RNA_siLuc	Pgrmc1	0.0
chrX	35861228	0.0	RNA_siLuc	Pgrmc1	0.0
chrX	35861229	0.0	RNA_siLuc	Pgrmc1	0.0
chrX	35861230	0.0	RNA_siLuc	Pgrmc1	0.0
chrX	35861231	0.0	RNA_siLuc	Pgrmc1	0.0
chrX	35861232	0.0	RNA_siLuc	Pgrmc1	0.0
chrX	35861233	0.0	RNA_siLuc	Pgrmc1	0.0
chrX	35861234	0.0	RNA_siLuc	Pgrmc1	0.0
chrX	35861235	0.0	RNA_siLuc	Pgrmc1	0.0
chrX	35861236	0.0	RNA_siLuc	Pgrmc1	0.0
chrX	35861237	0.0	RNA_siLuc	Pgrmc1	0.0
chrX	35861238	0.0	RNA_siLuc	Pgrmc1	0.0
chrX	35861239	0.0	RNA_siLuc	Pgrmc1	0.0
chrX	35861240	0.0	RNA_siLuc	Pgrmc1	0.0
chrX	35861241	0.0	RNA_siLuc	Pgrmc1	0.0
chrX	35861242	0.0	RNA_siLuc	Pgrmc1	0.0
chrX	35861243	0.0	RNA_siLuc	Pgrmc1	0.0
chrX	35861244	0.0	RNA_siLuc	Pgrmc1	0.0
chrX	35861245	0.0	RNA_siLuc	Pgrmc1	0.0
chrX	35861246	0.0	RNA_siLuc	Pgrmc1	0.0
chrX	35861247	0.0	RNA_siLuc	Pgrmc1	0.0
chrX	35861248	0.0	RNA_siLuc	Pgrmc1	0.0
chrX	35861249	0.0	RNA_siLuc	Pgrmc1	0.0
chrX	35861250	0.0	RNA_siLuc	Pgrmc1	0.0
chrX	35861251	0.0	RNA_siLuc	Pgrmc1	0.0
chrX	35861252	0.0	RNA_siLuc	Pgrmc1	0.0
chrX	35861253	0.0	RNA_siLuc	Pgrmc1	0.0
chrX	35861254	0.0	RNA_siLuc	Pgrmc1	0.0
chrX	35861255	0.0	RNA_siLuc	Pgrmc1	0.0
chrX	35861256	0.0	RNA_siLuc	Pgrmc1	0.0
chrX	35861257	0.0	RNA_siLuc	Pgrmc1	0.0
chrX	35861258	0.0	RNA_siLuc	Pgrmc1	0.0
chrX	35861259	0.0	RNA_siLuc	Pgrmc1	0.0
chrX	35861260	0.0	RNA_siLuc	Pgrmc1	0.0
chrX	35861261	0.0	RNA_siLuc	Pgrmc1	0.0
chrX	35861262	0.0	RNA_siLuc	Pgrmc1	0.0
chrX	35861263	0.0	RNA_siLuc	Pgrmc1	0.0
chrX	35861264	0.0	RNA_siLuc	Pgrmc1	0.0
chrX	35861265	0.0	RNA_siLuc	Pgrmc1	0.0
chrX	35861266	0.0	RNA_siLuc	Pgrmc1	0.0
chrX	35861267	0.0	RNA_siLuc	Pgrmc1	0.0
chrX	35861268	0.0	RNA_siLuc	Pgrmc1	0.0
chrX	35861269	0.0	RNA_siLuc	Pgrmc1	0.0
chrX	35861270	0.0	RNA_siLuc	Pgrmc1	0.0
chrX	35861271	0.0	RNA_siLuc	Pgrmc1	0.0
chrX	35861272	0.0	RNA_siLuc	Pgrmc1	0.0
chrX	35861273	0.0	RNA_siLuc	Pgrmc1	0.0
chrX	35861274	0.0	RNA_siLuc	Pgrmc1	0.0
chrX	35861275	0.0	RNA_siLuc	Pgrmc1	0.0
chrX	35861276	0.0	RNA_siLuc	Pgrmc1	0.0
chrX	35861277	0.0	RNA_siLuc	Pgrmc1	0.0
chrX	35861278	0.0	RNA_siLuc	Pgrmc1	0.0
chrX	35861279	0.0	RNA_siLuc	Pgrmc1	0.0
chrX	35861280	0.0	RNA_siLuc	Pgrmc1	0.0
chrX	35861281	0.0	RNA_siLuc	Pgrmc1	0.0
chrX	35861282	0.0	RNA_siLuc	Pgrmc1	0.0
chrX	35861283	0.0	RNA_siLuc	Pgrmc1	0.0
chrX	35861284	0.0	RNA_siLuc	Pgrmc1	0.0
chrX	35861285	0.0	RNA_siLuc	Pgrmc1	0.0
chrX	35861286	0.0	RNA_siLuc	Pgrmc1	0.0
chrX	35861287	0.0	RNA_siLuc	Pgrmc1	0.0
chrX	35861288	0.0	RNA_siLuc	Pgrmc1	0.0
chrX	35861289	0.0	RNA_siLuc	Pgrmc1	0.0
chrX	35861290	0.0	RNA_siLuc	Pgrmc1	0.0
chrX	35861291	0.0	RNA_siLuc	Pgrmc1	0.0
chrX	35861292	0.0	RNA_siLuc	Pgrmc1	0.0
chrX	35861293	0.0	RNA_siLuc	Pgrmc1	0.0
chrX	35861294	0.0	RNA_siLuc	Pgrmc1	0.0
chrX	35861295	0.0	RNA_siLuc	Pgrmc1	0.0
chrX	35861296	0.0	RNA_siLuc	Pgrmc1	0.0
chrX	35861297	0.0	RNA_siLuc	Pgrmc1	0.0
chrX	35861298	0.0	RNA_siLuc	Pgrmc1	0.0
chrX	35861299	0.0	RNA_siLuc	Pgrmc1	0.0
chrX	35861300	0.0	RNA_siLuc	Pgrmc1	0.0
chrX	35861301	0.0	RNA_siLuc	Pgrmc1	0.0
chrX	35861302	0.0	RNA_siLuc	Pgrmc1	0.0
chrX	35861303	0.0	RNA_siLuc	Pgrmc1	0.0
chrX	35861304	0.0	RNA_siLuc	Pgrmc1	0.0
chrX	35861305	0.0	RNA_siLuc	Pgrmc1	0.0
chrX	35861306	0.0	RNA_siLuc	Pgrmc1	0.0
chrX	35861307	0.0	RNA_siLuc	Pgrmc1	0.0
chrX	35861308	0.0	RNA_siLuc	Pgrmc1	0.0
chrX	35861309	0.0	RNA_siLuc	Pgrmc1	0.0
chrX	35861310	0.0	RNA_siLuc	Pgrmc1	0.0
chrX	35861311	0.0	RNA_siLuc	Pgrmc1	0.0
chrX	35861312	0.0	RNA_siLuc	Pgrmc1	0.0
chrX	35861313	0.0	RNA_siLuc	Pgrmc1	0.0
chrX	35861314	0.0	RNA_siLuc	Pgrmc1	0.0
chrX	35861315	0.0	RNA_siLuc	Pgrmc1	0.0
chrX	35861316	0.0	RNA_siLuc	Pgrmc1	0.0
chrX	35861317	0.0	RNA_siLuc	Pgrmc1	0.0
chrX	35861318	0.0	RNA_siLuc	Pgrmc1	0.0
chrX	35861319	0.0	RNA_siLuc	Pgrmc1	0.0
chrX	35861320	0.0	RNA_siLuc	Pgrmc1	0.0
chrX	35861321	0.0	RNA_siLuc	Pgrmc1	0.0
chrX	35861322	0.0	RNA_siLuc	Pgrmc1	0.0
chrX	35861323	0.0	RNA_siLuc	Pgrmc1	0.0
chrX	35861324	0.0	RNA_siLuc	Pgrmc1	0.0
chrX	35861325	0.0	RNA_siLuc	Pgrmc1	0.0
chrX	35861326	0.0	RNA_siLuc	Pgrmc1	0.0
chrX	35861327	0.0	RNA_siLuc	Pgrmc1	0.0
chrX	35861328	0.0	RNA_siLuc	Pgrmc1	0.0
chrX	35861329	0.0	RNA_siLuc	Pgrmc1	0.0
chrX	35861330	0.0	RNA_siLuc	Pgrmc1	0.0
chrX	35861331	0.0	RNA_siLuc	Pgrmc1	0.0
chrX	35861332	0.0	RNA_siLuc	Pgrmc1	0.0
chrX	35861333	0.0	RNA_siLuc	Pgrmc1	0.0
chrX	35861334	0.0	RNA_siLuc	Pgrmc1	0.0
chrX	35861335	0.0	RNA_siLuc	Pgrmc1	0.0
chrX	35861336	0.0	RNA_siLuc	Pgrmc1	0.0
chrX	35861337	0.0	RNA_siLuc	Pgrmc1	0.0
chrX	35861338	0.0	RNA_siLuc	Pgrmc1	0.0
chrX	35861339	0.0	RNA_siLuc	Pgrmc1	0.0
chrX	35861340	0.0	RNA_siLuc	Pgrmc1	0.0
chrX	35861341	0.0	RNA_siLuc	Pgrmc1	0.0
chrX	35861342	0.0	RNA_siLuc	Pgrmc1	0.0
chrX	35861343	0.0	RNA_siLuc	Pgrmc1	0.0
chrX	35861344	0.0	RNA_siLuc	Pgrmc1	0.0
chrX	35861345	0.0	RNA_siLuc	Pgrmc1	0.0
chrX	35861346	0.0	RNA_siLuc	Pgrmc1	0.0
chrX	35861347	0.0	RNA_siLuc	Pgrmc1	0.0
chrX	35861348	0.0	RNA_siLuc	Pgrmc1	0.0
chrX	35861349	0.0	RNA_siLuc	Pgrmc1	0.0
chrX	35861350	0.0	RNA_siLuc	Pgrmc1	0.0
chrX	35861351	0.0	RNA_siLuc	Pgrmc1	0.0
chrX	35861352	0.0	RNA_siLuc	Pgrmc1	0.0
chrX	35861353	0.0	RNA_siLuc	Pgrmc1	0.0
chrX	35861354	0.0	RNA_siLuc	Pgrmc1	0.0
chrX	35861355	0.0	RNA_siLuc	Pgrmc1	0.0
chrX	35861356	0.0	RNA_siLuc	Pgrmc1	0.0
chrX	35861357	0.0	RNA_siLuc	Pgrmc1	0.0
chrX	35861358	0.0	RNA_siLuc	Pgrmc1	0.0
chrX	35861359	0.0	RNA_siLuc	Pgrmc1	0.0
chrX	35861360	0.0	RNA_siLuc	Pgrmc1	0.0
chrX	35861361	0.0	RNA_siLuc	Pgrmc1	0.0
chrX	35861362	0.0	RNA_siLuc	Pgrmc1	0.0
chrX	35861363	0.0	RNA_siLuc	Pgrmc1	0.0
chrX	35861364	0.0	RNA_siLuc	Pgrmc1	0.0
chrX	35861365	0.0	RNA_siLuc	Pgrmc1	0.0
chrX	35861366	0.0	RNA_siLuc	Pgrmc1	0.0
chrX	35861367	0.0	RNA_siLuc	Pgrmc1	0.0
chrX	35861368	0.0	RNA_siLuc	Pgrmc1	0.0
chrX	35861369	0.0	RNA_siLuc	Pgrmc1	0.0
chrX	35861370	0.0	RNA_siLuc	Pgrmc1	0.0
chrX	35861371	0.0	RNA_siLuc	Pgrmc1	0.0
chrX	35861372	0.0	RNA_siLuc	Pgrmc1	0.0
chrX	35861373	0.0	RNA_siLuc	Pgrmc1	0.0
chrX	35861374	0.0	RNA_siLuc	Pgrmc1	0.0
chrX	35861375	0.0	RNA_siLuc	Pgrmc1	0.0
chrX	35861376	0.0	RNA_siLuc	Pgrmc1	0.0
chrX	35861377	0.0	RNA_siLuc	Pgrmc1	0.0
chrX	35861378	0.0	RNA_siLuc	Pgrmc1	0.0
chrX	35861379	0.0	RNA_siLuc	Pgrmc1	0.0
chrX	35861380	0.0	RNA_siLuc	Pgrmc1	0.0
chrX	35861381	0.0	RNA_siLuc	Pgrmc1	0.0
chrX	35861382	0.0	RNA_siLuc	Pgrmc1	0.0
chrX	35861383	0.0	RNA_siLuc	Pgrmc1	0.0
chrX	35861384	0.0	RNA_siLuc	Pgrmc1	0.0
chrX	35861385	0.0	RNA_siLuc	Pgrmc1	0.0
chrX	35861386	0.0	RNA_siLuc	Pgrmc1	0.0
chrX	35861387	0.0	RNA_siLuc	Pgrmc1	0.0
chrX	35861388	0.0	RNA_siLuc	Pgrmc1	0.0
chrX	35861389	0.0	RNA_siLuc	Pgrmc1	0.0
chrX	35861390	0.0	RNA_siLuc	Pgrmc1	0.0
chrX	35861391	0.0	RNA_siLuc	Pgrmc1	0.0
chrX	35861392	0.0	RNA_siLuc	Pgrmc1	0.0
chrX	35861393	0.0	RNA_siLuc	Pgrmc1	0.0
chrX	35861394	0.0	RNA_siLuc	Pgrmc1	0.0
chrX	35861395	0.0	RNA_siLuc	Pgrmc1	0.0
chrX	35861396	0.0	RNA_siLuc	Pgrmc1	0.0
chrX	35861397	0.0	RNA_siLuc	Pgrmc1	0.0
chrX	35861398	0.0	RNA_siLuc	Pgrmc1	0.0
chrX	35861399	0.0	RNA_siLuc	Pgrmc1	0.0
chrX	35861400	0.0	RNA_siLuc	Pgrmc1	0.0
chrX	35861401	0.0	RNA_siLuc	Pgrmc1	0.0
chrX	35861402	0.0	RNA_siLuc	Pgrmc1	0.0
chrX	35861403	0.0	RNA_siLuc	Pgrmc1	0.0
chrX	35861404	0.0	RNA_siLuc	Pgrmc1	0.0
chrX	35861405	0.0	RNA_siLuc	Pgrmc1	0.0
chrX	35861406	0.0	RNA_siLuc	Pgrmc1	0.0
chrX	35861407	0.0	RNA_siLuc	Pgrmc1	0.0
chrX	35861408	0.0	RNA_siLuc	Pgrmc1	0.0
chrX	35861409	0.0	RNA_siLuc	Pgrmc1	0.0
chrX	35861410	0.0	RNA_siLuc	Pgrmc1	0.0
chrX	35861411	0.0	RNA_siLuc	Pgrmc1	0.0
chrX	35861412	0.0	RNA_siLuc	Pgrmc1	0.0
chrX	35861413	0.0	RNA_siLuc	Pgrmc1	0.0
chrX	35861414	0.0	RNA_siLuc	Pgrmc1	0.0
chrX	35861415	0.0	RNA_siLuc	Pgrmc1	0.0
chrX	35861416	0.0	RNA_siLuc	Pgrmc1	0.0
chrX	35861417	0.0	RNA_siLuc	Pgrmc1	0.0
chrX	35861418	0.0	RNA_siLuc	Pgrmc1	0.0
chrX	35861419	0.0	RNA_siLuc	Pgrmc1	0.0
chrX	35861420	0.0	RNA_siLuc	Pgrmc1	0.0
chrX	35861421	0.0	RNA_siLuc	Pgrmc1	0.0
chrX	35861422	0.0	RNA_siLuc	Pgrmc1	0.0
chrX	35861423	0.0	RNA_siLuc	Pgrmc1	0.0
chrX	35861424	0.0	RNA_siLuc	Pgrmc1	0.0
chrX	35861425	0.0	RNA_siLuc	Pgrmc1	0.0
chrX	35861426	0.0	RNA_siLuc	Pgrmc1	0.0
chrX	35861427	0.0	RNA_siLuc	Pgrmc1	0.0
chrX	35861428	0.0	RNA_siLuc	Pgrmc1	0.0
chrX	35861429	0.0	RNA_siLuc	Pgrmc1	0.0
chrX	35861430	0.0	RNA_siLuc	Pgrmc1	0.0
chrX	35861431	0.0	RNA_siLuc	Pgrmc1	0.0
chrX	35861432	0.0	RNA_siLuc	Pgrmc1	0.0
chrX	35861433	0.0	RNA_siLuc	Pgrmc1	0.0
chrX	35861434	0.0	RNA_siLuc	Pgrmc1	0.0
chrX	35861435	0.0	RNA_siLuc	Pgrmc1	0.0
chrX	35861436	0.0	RNA_siLuc	Pgrmc1	0.0
chrX	35861437	0.0	RNA_siLuc	Pgrmc1	0.0
chrX	35861438	0.0	RNA_siLuc	Pgrmc1	0.0
chrX	35861439	0.0	RNA_siLuc	Pgrmc1	0.0
chrX	35861440	0.0	RNA_siLuc	Pgrmc1	0.0
chrX	35861441	0.0	RNA_siLuc	Pgrmc1	0.0
chrX	35861442	0.0	RNA_siLuc	Pgrmc1	0.0
chrX	35861443	0.0	RNA_siLuc	Pgrmc1	0.0
chrX	35861444	0.0	RNA_siLuc	Pgrmc1	0.0
chrX	35861445	0.0	RNA_siLuc	Pgrmc1	0.0
chrX	35861446	0.0	RNA_siLuc	Pgrmc1	0.0
chrX	35861447	0.0	RNA_siLuc	Pgrmc1	0.0
chrX	35861448	0.0	RNA_siLuc	Pgrmc1	0.0
chrX	35861449	0.0	RNA_siLuc	Pgrmc1	0.0
chrX	35861450	0.0	RNA_siLuc	Pgrmc1	0.0
chrX	35861451	0.0	RNA_siLuc	Pgrmc1	0.0
chrX	35861452	0.0	RNA_siLuc	Pgrmc1	0.0
chrX	35861453	0.0	RNA_siLuc	Pgrmc1	0.0
chrX	35861454	0.0	RNA_siLuc	Pgrmc1	0.0
chrX	35861455	0.0	RNA_siLuc	Pgrmc1	0.0
chrX	35861456	0.0	RNA_siLuc	Pgrmc1	0.0
chrX	35861457	0.0	RNA_siLuc	Pgrmc1	0.0
chrX	35861458	0.0	RNA_siLuc	Pgrmc1	0.0
chrX	35861459	0.0	RNA_siLuc	Pgrmc1	0.0
chrX	35861460	0.0	RNA_siLuc	Pgrmc1	0.0
chrX	35861461	0.0	RNA_siLuc	Pgrmc1	0.0
chrX	35861462	0.0	RNA_siLuc	Pgrmc1	0.0
chrX	35861463	0.0	RNA_siLuc	Pgrmc1	0.0
chrX	35861464	0.0	RNA_siLuc	Pgrmc1	0.0
chrX	35861465	0.0	RNA_siLuc	Pgrmc1	0.0
chrX	35861466	0.0	RNA_siLuc	Pgrmc1	0.0
chrX	35861467	0.0	RNA_siLuc	Pgrmc1	0.0
chrX	35861468	0.0	RNA_siLuc	Pgrmc1	0.0
chrX	35861469	0.0	RNA_siLuc	Pgrmc1	0.0
chrX	35861470	0.0	RNA_siLuc	Pgrmc1	0.0
chrX	35861471	0.0	RNA_siLuc	Pgrmc1	0.0
chrX	35861472	0.0	RNA_siLuc	Pgrmc1	0.0
chrX	35861473	0.0	RNA_siLuc	Pgrmc1	0.0
chrX	35861474	0.0	RNA_siLuc	Pgrmc1	0.0
chrX	35861475	0.0	RNA_siLuc	Pgrmc1	0.0
chrX	35861476	0.0	RNA_siLuc	Pgrmc1	0.0
chrX	35861477	0.0	RNA_siLuc	Pgrmc1	0.0
chrX	35861478	0.0	RNA_siLuc	Pgrmc1	0.0
chrX	35861479	0.0	RNA_siLuc	Pgrmc1	0.0
chrX	35861480	0.0	RNA_siLuc	Pgrmc1	0.0
chrX	35861481	0.0	RNA_siLuc	Pgrmc1	0.0
chrX	35861482	0.0	RNA_siLuc	Pgrmc1	0.0
chrX	35861483	0.0	RNA_siLuc	Pgrmc1	0.0
chrX	35861484	0.0	RNA_siLuc	Pgrmc1	0.0
chrX	35861485	0.0	RNA_siLuc	Pgrmc1	0.0
chrX	35861486	0.0	RNA_siLuc	Pgrmc1	0.0
chrX	35861487	0.0	RNA_siLuc	Pgrmc1	0.0
chrX	35861488	0.0	RNA_siLuc	Pgrmc1	0.0
chrX	35861489	0.0	RNA_siLuc	Pgrmc1	0.0
chrX	35861490	0.0	RNA_siLuc	Pgrmc1	0.0
chrX	35861491	0.0	RNA_siLuc	Pgrmc1	0.0
chrX	35861492	0.0	RNA_siLuc	Pgrmc1	0.0
chrX	35861493	0.0	RNA_siLuc	Pgrmc1	0.0
chrX	35861494	0.0	RNA_siLuc	Pgrmc1	0.0
chrX	35861495	0.0	RNA_siLuc	Pgrmc1	0.0
chrX	35861496	0.0	RNA_siLuc	Pgrmc1	0.0
chrX	35861497	0.0	RNA_siLuc	Pgrmc1	0.0
chrX	35861498	0.0	RNA_siLuc	Pgrmc1	0.0
chrX	35861499	0.0	RNA_siLuc	Pgrmc1	0.0
chrX	35861500	0.0	RNA_siLuc	Pgrmc1	0.0
chrX	35861501	0.0	RNA_siLuc	Pgrmc1	0.0
chrX	35861502	0.0	RNA_siLuc	Pgrmc1	0.0
chrX	35861503	0.0	RNA_siLuc	Pgrmc1	0.0
chrX	35861504	0.0	RNA_siLuc	Pgrmc1	0.0
chrX	35861505	0.0	RNA_siLuc	Pgrmc1	0.0
chrX	35861506	0.0	RNA_siLuc	Pgrmc1	0.0
chrX	35861507	0.0	RNA_siLuc	Pgrmc1	0.0
chrX	35861508	0.0	RNA_siLuc	Pgrmc1	0.0
chrX	35861509	0.0	RNA_siLuc	Pgrmc1	0.0
chrX	35861510	0.0	RNA_siLuc	Pgrmc1	0.0
chrX	35861511	0.0	RNA_siLuc	Pgrmc1	0.0
chrX	35861512	0.0	RNA_siLuc	Pgrmc1	0.0
chrX	35861513	0.0	RNA_siLuc	Pgrmc1	0.0
chrX	35861514	0.0	RNA_siLuc	Pgrmc1	0.0
chrX	35861515	0.0	RNA_siLuc	Pgrmc1	0.0
chrX	35861516	0.0	RNA_siLuc	Pgrmc1	0.0
chrX	35861517	0.0	RNA_siLuc	Pgrmc1	0.0
chrX	35861518	0.0	RNA_siLuc	Pgrmc1	0.0
chrX	35861519	0.0	RNA_siLuc	Pgrmc1	0.0
chrX	35861520	0.0	RNA_siLuc	Pgrmc1	0.0
chrX	35861521	0.0	RNA_siLuc	Pgrmc1	0.0
chrX	35861522	0.0	RNA_siLuc	Pgrmc1	0.0
chrX	35861523	0.0	RNA_siLuc	Pgrmc1	0.0
chrX	35861524	0.0	RNA_siLuc	Pgrmc1	0.0
chrX	35861525	0.0	RNA_siLuc	Pgrmc1	0.0
chrX	35861526	0.0	RNA_siLuc	Pgrmc1	0.0
chrX	35861527	0.0	RNA_siLuc	Pgrmc1	0.0
chrX	35861528	0.0	RNA_siLuc	Pgrmc1	0.0
chrX	35861529	0.0	RNA_siLuc	Pgrmc1	0.0
chrX	35861530	0.0	RNA_siLuc	Pgrmc1	0.0
chrX	35861531	0.0	RNA_siLuc	Pgrmc1	0.0
chrX	35861532	0.0	RNA_siLuc	Pgrmc1	0.0
chrX	35861533	0.0	RNA_siLuc	Pgrmc1	0.0
chrX	35861534	0.0	RNA_siLuc	Pgrmc1	0.0
chrX	35861535	0.0	RNA_siLuc	Pgrmc1	0.0
chrX	35861536	0.0	RNA_siLuc	Pgrmc1	0.0
chrX	35861537	0.0	RNA_siLuc	Pgrmc1	0.0
chrX	35861538	0.0	RNA_siLuc	Pgrmc1	0.0
chrX	35861539	0.0	RNA_siLuc	Pgrmc1	0.0
chrX	35861540	0.0	RNA_siLuc	Pgrmc1	0.0
chrX	35861541	0.0	RNA_siLuc	Pgrmc1	0.0
chrX	35861542	0.0	RNA_siLuc	Pgrmc1	0.0
chrX	35861543	0.0	RNA_siLuc	Pgrmc1	0.0
chrX	35861544	0.0	RNA_siLuc	Pgrmc1	0.0
chrX	35861545	0.0	RNA_siLuc	Pgrmc1	0.0
chrX	35861546	0.0	RNA_siLuc	Pgrmc1	0.0
chrX	35861547	0.0	RNA_siLuc	Pgrmc1	0.0
chrX	35861548	0.0	RNA_siLuc	Pgrmc1	0.0
chrX	35861549	0.0	RNA_siLuc	Pgrmc1	0.0
chrX	35861550	0.0	RNA_siLuc	Pgrmc1	0.0
chrX	35861551	0.0	RNA_siLuc	Pgrmc1	0.0
chrX	35861552	0.0	RNA_siLuc	Pgrmc1	0.0
chrX	35861553	0.0	RNA_siLuc	Pgrmc1	0.0
chrX	35861554	0.0	RNA_siLuc	Pgrmc1	0.0
chrX	35861555	0.0	RNA_siLuc	Pgrmc1	0.0
chrX	35861556	0.0	RNA_siLuc	Pgrmc1	0.0
chrX	35861557	0.0	RNA_siLuc	Pgrmc1	0.0
chrX	35861558	0.0	RNA_siLuc	Pgrmc1	0.0
chrX	35861559	0.0	RNA_siLuc	Pgrmc1	0.0
chrX	35861560	0.0	RNA_siLuc	Pgrmc1	0.0
chrX	35861561	0.0	RNA_siLuc	Pgrmc1	0.0
chrX	35861562	0.0	RNA_siLuc	Pgrmc1	0.0
chrX	35861563	0.0	RNA_siLuc	Pgrmc1	0.0
chrX	35861564	0.0	RNA_siLuc	Pgrmc1	0.0
chrX	35861565	0.0	RNA_siLuc	Pgrmc1	0.0
chrX	35861566	0.0	RNA_siLuc	Pgrmc1	0.0
chrX	35861567	0.0	RNA_siLuc	Pgrmc1	0.0
chrX	35861568	0.0	RNA_siLuc	Pgrmc1	0.0
chrX	35861569	0.0	RNA_siLuc	Pgrmc1	0.0
chrX	35861570	0.0	RNA_siLuc	Pgrmc1	0.0
chrX	35861571	0.0	RNA_siLuc	Pgrmc1	0.0
chrX	35861572	0.0	RNA_siLuc	Pgrmc1	0.0
chrX	35861573	0.0	RNA_siLuc	Pgrmc1	0.0
chrX	35861574	0.0	RNA_siLuc	Pgrmc1	0.0
chrX	35861575	0.0	RNA_siLuc	Pgrmc1	0.0
chrX	35861576	0.0	RNA_siLuc	Pgrmc1	0.0
chrX	35861577	0.0	RNA_siLuc	Pgrmc1	0.0
chrX	35861578	0.0	RNA_siLuc	Pgrmc1	0.0
chrX	35861579	0.0	RNA_siLuc	Pgrmc1	0.0
chrX	35861580	0.0	RNA_siLuc	Pgrmc1	0.0
chrX	35861581	0.0	RNA_siLuc	Pgrmc1	0.0
chrX	35861582	0.0	RNA_siLuc	Pgrmc1	0.0
chrX	35861583	0.0	RNA_siLuc	Pgrmc1	0.0
chrX	35861584	0.0	RNA_siLuc	Pgrmc1	0.0
chrX	35861585	0.0	RNA_siLuc	Pgrmc1	0.0
chrX	35861586	0.0	RNA_siLuc	Pgrmc1	0.0
chrX	35861587	0.0	RNA_siLuc	Pgrmc1	0.0
chrX	35861588	0.0	RNA_siLuc	Pgrmc1	0.0
chrX	35861589	0.0	RNA_siLuc	Pgrmc1	0.0
chrX	35861590	0.0	RNA_siLuc	Pgrmc1	0.0
chrX	35861591	0.0	RNA_siLuc	Pgrmc1	0.0
chrX	35861592	0.0	RNA_siLuc	Pgrmc1	0.0
chrX	35861593	0.0	RNA_siLuc	Pgrmc1	0.0
chrX	35861594	0.0	RNA_siLuc	Pgrmc1	0.0
chrX	35861595	0.0	RNA_siLuc	Pgrmc1	0.0
chrX	35861596	0.0	RNA_siLuc	Pgrmc1	0.0
chrX	35861597	0.0	RNA_siLuc	Pgrmc1	0.0
chrX	35861598	0.0	RNA_siLuc	Pgrmc1	0.0
chrX	35861599	0.0	RNA_siLuc	Pgrmc1	0.0
chrX	35861600	0.0	RNA_siLuc	Pgrmc1	0.0
chrX	35861601	0.0	RNA_siLuc	Pgrmc1	0.0
chrX	35861602	0.0	RNA_siLuc	Pgrmc1	0.0
chrX	35861603	0.0	RNA_siLuc	Pgrmc1	0.0
chrX	35861604	0.0	RNA_siLuc	Pgrmc1	0.0
chrX	35861605	0.0	RNA_siLuc	Pgrmc1	0.0
chrX	35861606	0.0	RNA_siLuc	Pgrmc1	0.0
chrX	35861607	0.0	RNA_siLuc	Pgrmc1	0.0
chrX	35861608	0.0	RNA_siLuc	Pgrmc1	0.0
chrX	35861609	0.0	RNA_siLuc	Pgrmc1	0.0
chrX	35861610	0.0	RNA_siLuc	Pgrmc1	0.0
chrX	35861611	0.0	RNA_siLuc	Pgrmc1	0.0
chrX	35861612	0.0	RNA_siLuc	Pgrmc1	0.0
chrX	35861613	0.0	RNA_siLuc	Pgrmc1	0.0
chrX	35861614	0.0	RNA_siLuc	Pgrmc1	0.0
chrX	35861615	0.0	RNA_siLuc	Pgrmc1	0.0
chrX	35861616	0.0	RNA_siLuc	Pgrmc1	0.0
chrX	35861617	0.0	RNA_siLuc	Pgrmc1	0.0
chrX	35861618	0.0	RNA_siLuc	Pgrmc1	0.0
chrX	35861619	0.0	RNA_siLuc	Pgrmc1	0.0
chrX	35861620	0.0	RNA_siLuc	Pgrmc1	0.0
chrX	35861621	0.0	RNA_siLuc	Pgrmc1	0.0
chrX	35861622	0.0	RNA_siLuc	Pgrmc1	0.0
chrX	35861623	0.0	RNA_siLuc	Pgrmc1	0.0
chrX	35861624	0.0	RNA_siLuc	Pgrmc1	0.0
chrX	35861625	0.0	RNA_siLuc	Pgrmc1	0.0
chrX	35861626	0.0	RNA_siLuc	Pgrmc1	0.0
chrX	35861627	0.0	RNA_siLuc	Pgrmc1	0.0
chrX	35861628	0.0	RNA_siLuc	Pgrmc1	0.0
chrX	35861629	0.0	RNA_siLuc	Pgrmc1	0.0
chrX	35861630	0.0	RNA_siLuc	Pgrmc1	0.0
chrX	35861631	0.0	RNA_siLuc	Pgrmc1	0.0
chrX	35861632	0.0	RNA_siLuc	Pgrmc1	0.0
chrX	35861633	0.0	RNA_siLuc	Pgrmc1	0.0
chrX	35861634	0.0	RNA_siLuc	Pgrmc1	0.0
chrX	35861635	0.0	RNA_siLuc	Pgrmc1	0.0
chrX	35861636	0.0	RNA_siLuc	Pgrmc1	0.0
chrX	35861637	0.0	RNA_siLuc	Pgrmc1	0.0
chrX	35861638	0.0	RNA_siLuc	Pgrmc1	0.0
chrX	35861639	0.0	RNA_siLuc	Pgrmc1	0.0
chrX	35861640	0.0	RNA_siLuc	Pgrmc1	0.0
chrX	35861641	0.0	RNA_siLuc	Pgrmc1	0.0
chrX	35861642	0.0	RNA_siLuc	Pgrmc1	0.0
chrX	35861643	0.0	RNA_siLuc	Pgrmc1	0.0
chrX	35861644	0.0	RNA_siLuc	Pgrmc1	0.0
chrX	35861645	0.0	RNA_siLuc	Pgrmc1	0.0
chrX	35861646	0.0	RNA_siLuc	Pgrmc1	0.0
chrX	35861647	0.0	RNA_siLuc	Pgrmc1	0.0
chrX	35861648	0.0	RNA_siLuc	Pgrmc1	0.0
chrX	35861649	0.0	RNA_siLuc	Pgrmc1	0.0
chrX	35861650	0.0	RNA_siLuc	Pgrmc1	0.0
chrX	35861651	0.0	RNA_siLuc	Pgrmc1	0.0
chrX	35861652	0.0	RNA_siLuc	Pgrmc1	0.0
chrX	35861653	0.0	RNA_siLuc	Pgrmc1	0.0
chrX	35861654	0.0	RNA_siLuc	Pgrmc1	0.0
chrX	35861655	0.0	RNA_siLuc	Pgrmc1	0.0
chrX	35861656	0.0	RNA_siLuc	Pgrmc1	0.0
chrX	35861657	0.0	RNA_siLuc	Pgrmc1	0.0
chrX	35861658	0.0	RNA_siLuc	Pgrmc1	0.0
chrX	35861659	0.0	RNA_siLuc	Pgrmc1	0.0
chrX	35861660	0.0	RNA_siLuc	Pgrmc1	0.0
chrX	35861661	0.0	RNA_siLuc	Pgrmc1	0.0
chrX	35861662	0.0	RNA_siLuc	Pgrmc1	0.0
chrX	35861663	0.0	RNA_siLuc	Pgrmc1	0.0
chrX	35861664	0.0	RNA_siLuc	Pgrmc1	0.0
chrX	35861665	0.0	RNA_siLuc	Pgrmc1	0.0
chrX	35861666	0.0	RNA_siLuc	Pgrmc1	0.0
chrX	35861667	0.0	RNA_siLuc	Pgrmc1	0.0
chrX	35861668	0.0	RNA_siLuc	Pgrmc1	0.0
chrX	35861669	0.0	RNA_siLuc	Pgrmc1	0.0
chrX	35861670	0.0	RNA_siLuc	Pgrmc1	0.0
chrX	35861671	0.0	RNA_siLuc	Pgrmc1	0.0
chrX	35861672	0.0	RNA_siLuc	Pgrmc1	0.0
chrX	35861673	0.0	RNA_siLuc	Pgrmc1	0.0
chrX	35861674	0.0	RNA_siLuc	Pgrmc1	0.0
chrX	35861675	0.0	RNA_siLuc	Pgrmc1	0.0
chrX	35861676	0.0	RNA_siLuc	Pgrmc1	0.0
chrX	35861677	0.0	RNA_siLuc	Pgrmc1	0.0
chrX	35861678	0.0	RNA_siLuc	Pgrmc1	0.0
chrX	35861679	0.0	RNA_siLuc	Pgrmc1	0.0
chrX	35861680	0.0	RNA_siLuc	Pgrmc1	0.0
chrX	35861681	0.0	RNA_siLuc	Pgrmc1	0.0
chrX	35861682	0.0	RNA_siLuc	Pgrmc1	0.0
chrX	35861683	0.0	RNA_siLuc	Pgrmc1	0.0
chrX	35861684	0.0	RNA_siLuc	Pgrmc1	0.0
chrX	35861685	0.0	RNA_siLuc	Pgrmc1	0.0
chrX	35861686	0.0	RNA_siLuc	Pgrmc1	0.0
chrX	35861687	0.0	RNA_siLuc	Pgrmc1	0.0
chrX	35861688	0.0	RNA_siLuc	Pgrmc1	0.0
chrX	35861689	0.0	RNA_siLuc	Pgrmc1	0.0
chrX	35861690	0.0	RNA_siLuc	Pgrmc1	0.0
chrX	35861691	0.0	RNA_siLuc	Pgrmc1	0.0
chrX	35861692	0.0	RNA_siLuc	Pgrmc1	0.0
chrX	35861693	0.0	RNA_siLuc	Pgrmc1	0.0
chrX	35861694	0.0	RNA_siLuc	Pgrmc1	0.0
chrX	35861695	0.0	RNA_siLuc	Pgrmc1	0.0
chrX	35861696	0.0	RNA_siLuc	Pgrmc1	0.0
chrX	35861697	0.0	RNA_siLuc	Pgrmc1	0.0
chrX	35861698	0.0	RNA_siLuc	Pgrmc1	0.0
chrX	35861699	0.0	RNA_siLuc	Pgrmc1	0.0
chrX	35861700	0.0	RNA_siLuc	Pgrmc1	0.0
chrX	35861701	0.0	RNA_siLuc	Pgrmc1	0.0
chrX	35861702	0.0	RNA_siLuc	Pgrmc1	0.0
chrX	35861703	0.0	RNA_siLuc	Pgrmc1	0.0
chrX	35861704	0.0	RNA_siLuc	Pgrmc1	0.0
chrX	35861705	0.0	RNA_siLuc	Pgrmc1	0.0
chrX	35861706	0.0	RNA_siLuc	Pgrmc1	0.0
chrX	35861707	0.0	RNA_siLuc	Pgrmc1	0.0
chrX	35861708	0.0	RNA_siLuc	Pgrmc1	0.0
chrX	35861709	0.0	RNA_siLuc	Pgrmc1	0.0
chrX	35861710	0.0	RNA_siLuc	Pgrmc1	0.0
chrX	35861711	0.0	RNA_siLuc	Pgrmc1	0.0
chrX	35861712	0.0	RNA_siLuc	Pgrmc1	0.0
chrX	35861713	0.0	RNA_siLuc	Pgrmc1	0.0
chrX	35861714	0.0	RNA_siLuc	Pgrmc1	0.0
chrX	35861715	0.0	RNA_siLuc	Pgrmc1	0.0
chrX	35861716	0.0	RNA_siLuc	Pgrmc1	0.0
chrX	35861717	0.0	RNA_siLuc	Pgrmc1	0.0
chrX	35861718	0.0	RNA_siLuc	Pgrmc1	0.0
chrX	35861719	0.0	RNA_siLuc	Pgrmc1	0.0
chrX	35861720	0.0	RNA_siLuc	Pgrmc1	0.0
chrX	35861721	0.0	RNA_siLuc	Pgrmc1	0.0
chrX	35861722	0.0	RNA_siLuc	Pgrmc1	0.0
chrX	35861723	0.0	RNA_siLuc	Pgrmc1	0.0
chrX	35861724	0.0	RNA_siLuc	Pgrmc1	0.0
chrX	35861725	0.0	RNA_siLuc	Pgrmc1	0.0
chrX	35861726	0.0	RNA_siLuc	Pgrmc1	0.0
chrX	35861727	0.0	RNA_siLuc	Pgrmc1	0.0
chrX	35861728	0.0	RNA_siLuc	Pgrmc1	0.0
chrX	35861729	0.0	RNA_siLuc	Pgrmc1	0.0
chrX	35861730	0.0	RNA_siLuc	Pgrmc1	0.0
chrX	35861731	0.0	RNA_siLuc	Pgrmc1	0.0
chrX	35861732	0.0	RNA_siLuc	Pgrmc1	0.0
chrX	35861733	0.0	RNA_siLuc	Pgrmc1	0.0
chrX	35861734	0.0	RNA_siLuc	Pgrmc1	0.0
chrX	35861735	0.0	RNA_siLuc	Pgrmc1	0.0
chrX	35861736	0.0	RNA_siLuc	Pgrmc1	0.0
chrX	35861737	0.0	RNA_siLuc	Pgrmc1	0.0
chrX	35861738	0.0	RNA_siLuc	Pgrmc1	0.0
chrX	35861739	0.0	RNA_siLuc	Pgrmc1	0.0
chrX	35861740	0.0	RNA_siLuc	Pgrmc1	0.0
chrX	35861741	0.0	RNA_siLuc	Pgrmc1	0.0
chrX	35861742	0.0	RNA_siLuc	Pgrmc1	0.0
chrX	35861743	0.0	RNA_siLuc	Pgrmc1	0.0
chrX	35861744	0.0	RNA_siLuc	Pgrmc1	0.0
chrX	35861745	0.0	RNA_siLuc	Pgrmc1	0.0
chrX	35861746	0.0	RNA_siLuc	Pgrmc1	0.0
chrX	35861747	0.0	RNA_siLuc	Pgrmc1	0.0
chrX	35861748	0.0	RNA_siLuc	Pgrmc1	0.0
chrX	35861749	0.0	RNA_siLuc	Pgrmc1	0.0
chrX	35861750	0.0	RNA_siLuc	Pgrmc1	0.0
chrX	35861751	0.0	RNA_siLuc	Pgrmc1	0.0
chrX	35861752	0.0	RNA_siLuc	Pgrmc1	0.0
chrX	35861753	0.0	RNA_siLuc	Pgrmc1	0.0
chrX	35861754	0.0	RNA_siLuc	Pgrmc1	0.0
chrX	35861755	0.0	RNA_siLuc	Pgrmc1	0.0
chrX	35861756	0.0	RNA_siLuc	Pgrmc1	0.0
chrX	35861757	0.0	RNA_siLuc	Pgrmc1	0.0
chrX	35861758	0.0	RNA_siLuc	Pgrmc1	0.0
chrX	35861759	0.0	RNA_siLuc	Pgrmc1	0.0
chrX	35861760	0.0	RNA_siLuc	Pgrmc1	0.0
chrX	35861761	0.0	RNA_siLuc	Pgrmc1	0.0
chrX	35861762	0.0	RNA_siLuc	Pgrmc1	0.0
chrX	35861763	0.0	RNA_siLuc	Pgrmc1	0.0
chrX	35861764	0.0	RNA_siLuc	Pgrmc1	0.0
chrX	35861765	0.0	RNA_siLuc	Pgrmc1	0.0
chrX	35861766	0.0	RNA_siLuc	Pgrmc1	0.0
chrX	35861767	0.0	RNA_siLuc	Pgrmc1	0.0
chrX	35861768	0.0	RNA_siLuc	Pgrmc1	0.0
chrX	35861769	0.0	RNA_siLuc	Pgrmc1	0.0
chrX	35861770	0.0	RNA_siLuc	Pgrmc1	0.0
chrX	35861771	0.0	RNA_siLuc	Pgrmc1	0.0
chrX	35861772	0.0	RNA_siLuc	Pgrmc1	0.0
chrX	35861773	0.0	RNA_siLuc	Pgrmc1	0.0
chrX	35861774	0.0	RNA_siLuc	Pgrmc1	0.0
chrX	35861775	0.0	RNA_siLuc	Pgrmc1	0.0
chrX	35861776	0.0	RNA_siLuc	Pgrmc1	0.0
chrX	35861777	0.0	RNA_siLuc	Pgrmc1	0.0
chrX	35861778	0.0	RNA_siLuc	Pgrmc1	0.0
chrX	35861779	0.0	RNA_siLuc	Pgrmc1	0.0
chrX	35861780	0.0	RNA_siLuc	Pgrmc1	0.0
chrX	35861781	0.0	RNA_siLuc	Pgrmc1	0.0
chrX	35861782	0.0	RNA_siLuc	Pgrmc1	0.0
chrX	35861783	0.0	RNA_siLuc	Pgrmc1	0.0
chrX	35861784	0.0	RNA_siLuc	Pgrmc1	0.0
chrX	35861785	0.0	RNA_siLuc	Pgrmc1	0.0
chrX	35861786	0.0	RNA_siLuc	Pgrmc1	0.0
chrX	35861787	0.0	RNA_siLuc	Pgrmc1	0.0
chrX	35861788	0.0	RNA_siLuc	Pgrmc1	0.0
chrX	35861789	0.0	RNA_siLuc	Pgrmc1	0.0
chrX	35861790	0.0	RNA_siLuc	Pgrmc1	0.0
chrX	35861791	0.0	RNA_siLuc	Pgrmc1	0.0
chrX	35861792	0.0	RNA_siLuc	Pgrmc1	0.0
chrX	35861793	0.0	RNA_siLuc	Pgrmc1	0.0
chrX	35861794	0.0	RNA_siLuc	Pgrmc1	0.0
chrX	35861795	0.0	RNA_siLuc	Pgrmc1	0.0
chrX	35861796	0.0	RNA_siLuc	Pgrmc1	0.0
chrX	35861797	0.0	RNA_siLuc	Pgrmc1	0.0
chrX	35861798	0.0	RNA_siLuc	Pgrmc1	0.0
chrX	35861799	0.0	RNA_siLuc	Pgrmc1	0.0
chrX	35861800	0.0	RNA_siLuc	Pgrmc1	0.0
chrX	35861801	0.0	RNA_siLuc	Pgrmc1	0.0
chrX	35861802	0.0	RNA_siLuc	Pgrmc1	0.0
chrX	35861803	0.0	RNA_siLuc	Pgrmc1	0.0
chrX	35861804	0.0	RNA_siLuc	Pgrmc1	0.0
chrX	35861805	0.0	RNA_siLuc	Pgrmc1	0.0
chrX	35861806	0.0	RNA_siLuc	Pgrmc1	0.0
chrX	35861807	0.0	RNA_siLuc	Pgrmc1	0.0
chrX	35861808	0.0	RNA_siLuc	Pgrmc1	0.0
chrX	35861809	0.0	RNA_siLuc	Pgrmc1	0.0
chrX	35861810	0.0	RNA_siLuc	Pgrmc1	0.0
chrX	35861811	0.0	RNA_siLuc	Pgrmc1	0.0
chrX	35861812	0.0	RNA_siLuc	Pgrmc1	0.0
chrX	35861813	0.0	RNA_siLuc	Pgrmc1	0.0
chrX	35861814	0.0	RNA_siLuc	Pgrmc1	0.0
chrX	35861815	0.0	RNA_siLuc	Pgrmc1	0.0
chrX	35861816	0.0	RNA_siLuc	Pgrmc1	0.0
chrX	35861817	0.0	RNA_siLuc	Pgrmc1	0.0
chrX	35861818	0.0	RNA_siLuc	Pgrmc1	0.0
chrX	35861819	0.0	RNA_siLuc	Pgrmc1	0.0
chrX	35861820	0.0	RNA_siLuc	Pgrmc1	0.0
chrX	35861821	0.0	RNA_siLuc	Pgrmc1	0.0
chrX	35861822	0.0	RNA_siLuc	Pgrmc1	0.0
chrX	35861823	0.0	RNA_siLuc	Pgrmc1	0.0
chrX	35861824	0.0	RNA_siLuc	Pgrmc1	0.0
chrX	35861825	0.0	RNA_siLuc	Pgrmc1	0.0
chrX	35861826	0.0	RNA_siLuc	Pgrmc1	0.0
chrX	35861827	0.0	RNA_siLuc	Pgrmc1	0.0
chrX	35861828	0.0	RNA_siLuc	Pgrmc1	0.0
chrX	35861829	0.0	RNA_siLuc	Pgrmc1	0.0
chrX	35861830	0.0	RNA_siLuc	Pgrmc1	0.0
chrX	35861831	0.0	RNA_siLuc	Pgrmc1	0.0
chrX	35861832	0.0	RNA_siLuc	Pgrmc1	0.0
chrX	35861833	0.0	RNA_siLuc	Pgrmc1	0.0
chrX	35861834	0.0	RNA_siLuc	Pgrmc1	0.0
chrX	35861835	0.0	RNA_siLuc	Pgrmc1	0.0
chrX	35861836	0.0	RNA_siLuc	Pgrmc1	0.0
chrX	35861837	0.0	RNA_siLuc	Pgrmc1	0.0
chrX	35861838	0.0	RNA_siLuc	Pgrmc1	0.0
chrX	35861839	0.0	RNA_siLuc	Pgrmc1	0.0
chrX	35861840	0.0	RNA_siLuc	Pgrmc1	0.0
chrX	35861841	0.0	RNA_siLuc	Pgrmc1	0.0
chrX	35861842	0.0	RNA_siLuc	Pgrmc1	0.0
chrX	35861843	0.0	RNA_siLuc	Pgrmc1	0.0
chrX	35861844	0.0	RNA_siLuc	Pgrmc1	0.0
chrX	35861845	0.0	RNA_siLuc	Pgrmc1	0.0
chrX	35861846	0.0	RNA_siLuc	Pgrmc1	0.0
chrX	35861847	0.0	RNA_siLuc	Pgrmc1	0.0
chrX	35861848	0.0	RNA_siLuc	Pgrmc1	0.0
chrX	35861849	0.0	RNA_siLuc	Pgrmc1	0.0
chrX	35861850	0.0	RNA_siLuc	Pgrmc1	0.0
chrX	35861851	0.0	RNA_siLuc	Pgrmc1	0.0
chrX	35861852	0.0	RNA_siLuc	Pgrmc1	0.0
chrX	35861853	0.0	RNA_siLuc	Pgrmc1	0.0
chrX	35861854	0.0	RNA_siLuc	Pgrmc1	0.0
chrX	35861855	0.0	RNA_siLuc	Pgrmc1	0.0
chrX	35861856	0.0	RNA_siLuc	Pgrmc1	0.0
chrX	35861857	0.0	RNA_siLuc	Pgrmc1	0.0
chrX	35861858	0.0	RNA_siLuc	Pgrmc1	0.0
chrX	35861859	2.0	RNA_siLuc	Pgrmc1	0.07756214725220194
chrX	35861860	2.0	RNA_siLuc	Pgrmc1	0.07756214725220194
chrX	35861861	2.0	RNA_siLuc	Pgrmc1	0.07756214725220194
chrX	35861862	6.0	RNA_siLuc	Pgrmc1	0.2326864417566058
chrX	35861863	6.0	RNA_siLuc	Pgrmc1	0.2326864417566058
chrX	35861864	6.0	RNA_siLuc	Pgrmc1	0.2326864417566058
chrX	35861865	10.0	RNA_siLuc	Pgrmc1	0.38781073626100965
chrX	35861866	10.0	RNA_siLuc	Pgrmc1	0.38781073626100965
chrX	35861867	13.0	RNA_siLuc	Pgrmc1	0.5041539571393125
chrX	35861868	13.0	RNA_siLuc	Pgrmc1	0.5041539571393125
chrX	35861869	13.0	RNA_siLuc	Pgrmc1	0.5041539571393125
chrX	35861870	16.0	RNA_siLuc	Pgrmc1	0.6204971780176155
chrX	35861871	16.0	RNA_siLuc	Pgrmc1	0.6204971780176155
chrX	35861872	16.0	RNA_siLuc	Pgrmc1	0.6204971780176155
chrX	35861873	16.0	RNA_siLuc	Pgrmc1	0.6204971780176155
chrX	35861874	18.0	RNA_siLuc	Pgrmc1	0.6980593252698174
chrX	35861875	24.0	RNA_siLuc	Pgrmc1	0.9307457670264232
chrX	35861876	24.0	RNA_siLuc	Pgrmc1	0.9307457670264232
chrX	35861877	25.0	RNA_siLuc	Pgrmc1	0.9695268406525241
chrX	35861878	27.0	RNA_siLuc	Pgrmc1	1.047088987904726
chrX	35861879	27.0	RNA_siLuc	Pgrmc1	1.047088987904726
chrX	35861880	27.0	RNA_siLuc	Pgrmc1	1.047088987904726
chrX	35861881	27.0	RNA_siLuc	Pgrmc1	1.047088987904726
chrX	35861882	32.0	RNA_siLuc	Pgrmc1	1.240994356035231
chrX	35861883	41.0	RNA_siLuc	Pgrmc1	1.5900240186701395
chrX	35861884	49.0	RNA_siLuc	Pgrmc1	1.9002726076789473
chrX	35861885	49.0	RNA_siLuc	Pgrmc1	1.9002726076789473
chrX	35861886	49.0	RNA_siLuc	Pgrmc1	1.9002726076789473
chrX	35861887	50.0	RNA_siLuc	Pgrmc1	1.9390536813050483
chrX	35861888	50.0	RNA_siLuc	Pgrmc1	1.9390536813050483
chrX	35861889	50.0	RNA_siLuc	Pgrmc1	1.9390536813050483
chrX	35861890	50.0	RNA_siLuc	Pgrmc1	1.9390536813050483
chrX	35861891	50.0	RNA_siLuc	Pgrmc1	1.9390536813050483
chrX	35861892	50.0	RNA_siLuc	Pgrmc1	1.9390536813050483
chrX	35861893	50.0	RNA_siLuc	Pgrmc1	1.9390536813050483
chrX	35861894	51.0	RNA_siLuc	Pgrmc1	1.9778347549311492
chrX	35861895	57.0	RNA_siLuc	Pgrmc1	2.210521196687755
chrX	35861896	59.0	RNA_siLuc	Pgrmc1	2.288083343939957
chrX	35861897	61.0	RNA_siLuc	Pgrmc1	2.3656454911921587
chrX	35861898	67.0	RNA_siLuc	Pgrmc1	2.598331932948765
chrX	35861899	67.0	RNA_siLuc	Pgrmc1	2.598331932948765
chrX	35861900	67.0	RNA_siLuc	Pgrmc1	2.598331932948765
chrX	35861901	74.0	RNA_siLuc	Pgrmc1	2.8697994483314715
chrX	35861902	72.0	RNA_siLuc	Pgrmc1	2.7922373010792696
chrX	35861903	69.0	RNA_siLuc	Pgrmc1	2.6758940802009668
chrX	35861904	67.0	RNA_siLuc	Pgrmc1	2.598331932948765
chrX	35861905	71.0	RNA_siLuc	Pgrmc1	2.7534562274531686
chrX	35861906	73.0	RNA_siLuc	Pgrmc1	2.8310183747053705
chrX	35861907	72.0	RNA_siLuc	Pgrmc1	2.7922373010792696
chrX	35861908	72.0	RNA_siLuc	Pgrmc1	2.7922373010792696
chrX	35861909	70.0	RNA_siLuc	Pgrmc1	2.7146751538270677
chrX	35861910	71.0	RNA_siLuc	Pgrmc1	2.7534562274531686
chrX	35861911	71.0	RNA_siLuc	Pgrmc1	2.7534562274531686
chrX	35861912	71.0	RNA_siLuc	Pgrmc1	2.7534562274531686
chrX	35861913	72.0	RNA_siLuc	Pgrmc1	2.7922373010792696
chrX	35861914	71.0	RNA_siLuc	Pgrmc1	2.7534562274531686
chrX	35861915	71.0	RNA_siLuc	Pgrmc1	2.7534562274531686
chrX	35861916	71.0	RNA_siLuc	Pgrmc1	2.7534562274531686
chrX	35861917	66.0	RNA_siLuc	Pgrmc1	2.559550859322664
chrX	35861918	66.0	RNA_siLuc	Pgrmc1	2.559550859322664
chrX	35861919	64.0	RNA_siLuc	Pgrmc1	2.481988712070462
chrX	35861920	63.0	RNA_siLuc	Pgrmc1	2.4432076384443606
chrX	35861921	62.0	RNA_siLuc	Pgrmc1	2.4044265648182597
chrX	35861922	56.0	RNA_siLuc	Pgrmc1	2.171740123061654
chrX	35861923	55.0	RNA_siLuc	Pgrmc1	2.132959049435553
chrX	35861924	48.0	RNA_siLuc	Pgrmc1	1.8614915340528464
chrX	35861925	51.0	RNA_siLuc	Pgrmc1	1.9778347549311492
chrX	35861926	51.0	RNA_siLuc	Pgrmc1	1.9778347549311492
chrX	35861927	51.0	RNA_siLuc	Pgrmc1	1.9778347549311492
chrX	35861928	49.0	RNA_siLuc	Pgrmc1	1.9002726076789473
chrX	35861929	44.0	RNA_siLuc	Pgrmc1	1.7063672395484424
chrX	35861930	44.0	RNA_siLuc	Pgrmc1	1.7063672395484424
chrX	35861931	44.0	RNA_siLuc	Pgrmc1	1.7063672395484424
chrX	35861932	44.0	RNA_siLuc	Pgrmc1	1.7063672395484424
chrX	35861933	44.0	RNA_siLuc	Pgrmc1	1.7063672395484424
chrX	35861934	44.0	RNA_siLuc	Pgrmc1	1.7063672395484424
chrX	35861935	44.0	RNA_siLuc	Pgrmc1	1.7063672395484424
chrX	35861936	44.0	RNA_siLuc	Pgrmc1	1.7063672395484424
chrX	35861937	43.0	RNA_siLuc	Pgrmc1	1.6675861659223414
chrX	35861938	43.0	RNA_siLuc	Pgrmc1	1.6675861659223414
chrX	35861939	43.0	RNA_siLuc	Pgrmc1	1.6675861659223414
chrX	35861940	40.0	RNA_siLuc	Pgrmc1	1.5512429450440386
chrX	35861941	40.0	RNA_siLuc	Pgrmc1	1.5512429450440386
chrX	35861942	40.0	RNA_siLuc	Pgrmc1	1.5512429450440386
chrX	35861943	37.0	RNA_siLuc	Pgrmc1	1.4348997241657357
chrX	35861944	35.0	RNA_siLuc	Pgrmc1	1.3573375769135338
chrX	35861945	30.0	RNA_siLuc	Pgrmc1	1.1634322087830289
chrX	35861946	29.0	RNA_siLuc	Pgrmc1	1.124651135156928
chrX	35861947	29.0	RNA_siLuc	Pgrmc1	1.124651135156928
chrX	35861948	19.0	RNA_siLuc	Pgrmc1	0.7368403988959183
chrX	35861949	12.0	RNA_siLuc	Pgrmc1	0.4653728835132116
chrX	35861950	12.0	RNA_siLuc	Pgrmc1	0.4653728835132116
chrX	35861951	12.0	RNA_siLuc	Pgrmc1	0.4653728835132116
chrX	35861952	9.0	RNA_siLuc	Pgrmc1	0.3490296626349087
chrX	35861953	8.0	RNA_siLuc	Pgrmc1	0.31024858900880775
chrX	35861954	7.0	RNA_siLuc	Pgrmc1	0.27146751538270675
chrX	35861955	7.0	RNA_siLuc	Pgrmc1	0.27146751538270675
chrX	35861956	7.0	RNA_siLuc	Pgrmc1	0.27146751538270675
chrX	35861957	7.0	RNA_siLuc	Pgrmc1	0.27146751538270675
chrX	35861958	9.0	RNA_siLuc	Pgrmc1	0.3490296626349087
chrX	35861959	10.0	RNA_siLuc	Pgrmc1	0.38781073626100965
chrX	35861960	10.0	RNA_siLuc	Pgrmc1	0.38781073626100965
chrX	35861961	13.0	RNA_siLuc	Pgrmc1	0.5041539571393125
chrX	35861962	13.0	RNA_siLuc	Pgrmc1	0.5041539571393125
chrX	35861963	13.0	RNA_siLuc	Pgrmc1	0.5041539571393125
chrX	35861964	12.0	RNA_siLuc	Pgrmc1	0.4653728835132116
chrX	35861965	13.0	RNA_siLuc	Pgrmc1	0.5041539571393125
chrX	35861966	10.0	RNA_siLuc	Pgrmc1	0.38781073626100965
chrX	35861967	9.0	RNA_siLuc	Pgrmc1	0.3490296626349087
chrX	35861968	9.0	RNA_siLuc	Pgrmc1	0.3490296626349087
chrX	35861969	9.0	RNA_siLuc	Pgrmc1	0.3490296626349087
chrX	35861970	9.0	RNA_siLuc	Pgrmc1	0.3490296626349087
chrX	35861971	9.0	RNA_siLuc	Pgrmc1	0.3490296626349087
chrX	35861972	9.0	RNA_siLuc	Pgrmc1	0.3490296626349087
chrX	35861973	9.0	RNA_siLuc	Pgrmc1	0.3490296626349087
chrX	35861974	9.0	RNA_siLuc	Pgrmc1	0.3490296626349087
chrX	35861975	9.0	RNA_siLuc	Pgrmc1	0.3490296626349087
chrX	35861976	9.0	RNA_siLuc	Pgrmc1	0.3490296626349087
chrX	35861977	9.0	RNA_siLuc	Pgrmc1	0.3490296626349087
chrX	35861978	9.0	RNA_siLuc	Pgrmc1	0.3490296626349087
chrX	35861979	9.0	RNA_siLuc	Pgrmc1	0.3490296626349087
chrX	35861980	9.0	RNA_siLuc	Pgrmc1	0.3490296626349087
chrX	35861981	9.0	RNA_siLuc	Pgrmc1	0.3490296626349087
chrX	35861982	9.0	RNA_siLuc	Pgrmc1	0.3490296626349087
chrX	35861983	8.0	RNA_siLuc	Pgrmc1	0.31024858900880775
chrX	35861984	9.0	RNA_siLuc	Pgrmc1	0.3490296626349087
chrX	35861985	11.0	RNA_siLuc	Pgrmc1	0.4265918098871106
chrX	35861986	11.0	RNA_siLuc	Pgrmc1	0.4265918098871106
chrX	35861987	16.0	RNA_siLuc	Pgrmc1	0.6204971780176155
chrX	35861988	16.0	RNA_siLuc	Pgrmc1	0.6204971780176155
chrX	35861989	16.0	RNA_siLuc	Pgrmc1	0.6204971780176155
chrX	35861990	16.0	RNA_siLuc	Pgrmc1	0.6204971780176155
chrX	35861991	16.0	RNA_siLuc	Pgrmc1	0.6204971780176155
chrX	35861992	16.0	RNA_siLuc	Pgrmc1	0.6204971780176155
chrX	35861993	18.0	RNA_siLuc	Pgrmc1	0.6980593252698174
chrX	35861994	19.0	RNA_siLuc	Pgrmc1	0.7368403988959183
chrX	35861995	19.0	RNA_siLuc	Pgrmc1	0.7368403988959183
chrX	35861996	19.0	RNA_siLuc	Pgrmc1	0.7368403988959183
chrX	35861997	19.0	RNA_siLuc	Pgrmc1	0.7368403988959183
chrX	35861998	19.0	RNA_siLuc	Pgrmc1	0.7368403988959183
chrX	35861999	18.0	RNA_siLuc	Pgrmc1	0.6980593252698174
chrX	35862000	18.0	RNA_siLuc	Pgrmc1	0.6980593252698174
chrX	35862001	18.0	RNA_siLuc	Pgrmc1	0.6980593252698174
chrX	35862002	17.0	RNA_siLuc	Pgrmc1	0.6592782516437165
chrX	35862003	14.0	RNA_siLuc	Pgrmc1	0.5429350307654135
chrX	35862004	12.0	RNA_siLuc	Pgrmc1	0.4653728835132116
chrX	35862005	11.0	RNA_siLuc	Pgrmc1	0.4265918098871106
chrX	35862006	10.0	RNA_siLuc	Pgrmc1	0.38781073626100965
chrX	35862007	10.0	RNA_siLuc	Pgrmc1	0.38781073626100965
chrX	35862008	10.0	RNA_siLuc	Pgrmc1	0.38781073626100965
chrX	35862009	10.0	RNA_siLuc	Pgrmc1	0.38781073626100965
chrX	35862010	10.0	RNA_siLuc	Pgrmc1	0.38781073626100965
chrX	35862011	13.0	RNA_siLuc	Pgrmc1	0.5041539571393125
chrX	35862012	16.0	RNA_siLuc	Pgrmc1	0.6204971780176155
chrX	35862013	18.0	RNA_siLuc	Pgrmc1	0.6980593252698174
chrX	35862014	18.0	RNA_siLuc	Pgrmc1	0.6980593252698174
chrX	35862015	18.0	RNA_siLuc	Pgrmc1	0.6980593252698174
chrX	35862016	18.0	RNA_siLuc	Pgrmc1	0.6980593252698174
chrX	35862017	18.0	RNA_siLuc	Pgrmc1	0.6980593252698174
chrX	35862018	18.0	RNA_siLuc	Pgrmc1	0.6980593252698174
chrX	35862019	18.0	RNA_siLuc	Pgrmc1	0.6980593252698174
chrX	35862020	18.0	RNA_siLuc	Pgrmc1	0.6980593252698174
chrX	35862021	18.0	RNA_siLuc	Pgrmc1	0.6980593252698174
chrX	35862022	18.0	RNA_siLuc	Pgrmc1	0.6980593252698174
chrX	35862023	16.0	RNA_siLuc	Pgrmc1	0.6204971780176155
chrX	35862024	16.0	RNA_siLuc	Pgrmc1	0.6204971780176155
chrX	35862025	16.0	RNA_siLuc	Pgrmc1	0.6204971780176155
chrX	35862026	16.0	RNA_siLuc	Pgrmc1	0.6204971780176155
chrX	35862027	16.0	RNA_siLuc	Pgrmc1	0.6204971780176155
chrX	35862028	16.0	RNA_siLuc	Pgrmc1	0.6204971780176155
chrX	35862029	16.0	RNA_siLuc	Pgrmc1	0.6204971780176155
chrX	35862030	17.0	RNA_siLuc	Pgrmc1	0.6592782516437165
chrX	35862031	17.0	RNA_siLuc	Pgrmc1	0.6592782516437165
chrX	35862032	17.0	RNA_siLuc	Pgrmc1	0.6592782516437165
chrX	35862033	17.0	RNA_siLuc	Pgrmc1	0.6592782516437165
chrX	35862034	16.0	RNA_siLuc	Pgrmc1	0.6204971780176155
chrX	35862035	14.0	RNA_siLuc	Pgrmc1	0.5429350307654135
chrX	35862036	14.0	RNA_siLuc	Pgrmc1	0.5429350307654135
chrX	35862037	9.0	RNA_siLuc	Pgrmc1	0.3490296626349087
chrX	35862038	9.0	RNA_siLuc	Pgrmc1	0.3490296626349087
chrX	35862039	9.0	RNA_siLuc	Pgrmc1	0.3490296626349087
chrX	35862040	9.0	RNA_siLuc	Pgrmc1	0.3490296626349087
chrX	35862041	9.0	RNA_siLuc	Pgrmc1	0.3490296626349087
chrX	35862042	9.0	RNA_siLuc	Pgrmc1	0.3490296626349087
chrX	35862043	9.0	RNA_siLuc	Pgrmc1	0.3490296626349087
chrX	35862044	12.0	RNA_siLuc	Pgrmc1	0.4653728835132116
chrX	35862045	15.0	RNA_siLuc	Pgrmc1	0.5817161043915144
chrX	35862046	15.0	RNA_siLuc	Pgrmc1	0.5817161043915144
chrX	35862047	15.0	RNA_siLuc	Pgrmc1	0.5817161043915144
chrX	35862048	15.0	RNA_siLuc	Pgrmc1	0.5817161043915144
chrX	35862049	15.0	RNA_siLuc	Pgrmc1	0.5817161043915144
chrX	35862050	17.0	RNA_siLuc	Pgrmc1	0.6592782516437165
chrX	35862051	18.0	RNA_siLuc	Pgrmc1	0.6980593252698174
chrX	35862052	22.0	RNA_siLuc	Pgrmc1	0.8531836197742212
chrX	35862053	22.0	RNA_siLuc	Pgrmc1	0.8531836197742212
chrX	35862054	18.0	RNA_siLuc	Pgrmc1	0.6980593252698174
chrX	35862055	18.0	RNA_siLuc	Pgrmc1	0.6980593252698174
chrX	35862056	17.0	RNA_siLuc	Pgrmc1	0.6592782516437165
chrX	35862057	14.0	RNA_siLuc	Pgrmc1	0.5429350307654135
chrX	35862058	16.0	RNA_siLuc	Pgrmc1	0.6204971780176155
chrX	35862059	16.0	RNA_siLuc	Pgrmc1	0.6204971780176155
chrX	35862060	16.0	RNA_siLuc	Pgrmc1	0.6204971780176155
chrX	35862061	17.0	RNA_siLuc	Pgrmc1	0.6592782516437165
chrX	35862062	17.0	RNA_siLuc	Pgrmc1	0.6592782516437165
chrX	35862063	20.0	RNA_siLuc	Pgrmc1	0.7756214725220193
chrX	35862064	20.0	RNA_siLuc	Pgrmc1	0.7756214725220193
chrX	35862065	20.0	RNA_siLuc	Pgrmc1	0.7756214725220193
chrX	35862066	21.0	RNA_siLuc	Pgrmc1	0.8144025461481202
chrX	35862067	21.0	RNA_siLuc	Pgrmc1	0.8144025461481202
chrX	35862068	20.0	RNA_siLuc	Pgrmc1	0.7756214725220193
chrX	35862069	21.0	RNA_siLuc	Pgrmc1	0.8144025461481202
chrX	35862070	21.0	RNA_siLuc	Pgrmc1	0.8144025461481202
chrX	35862071	21.0	RNA_siLuc	Pgrmc1	0.8144025461481202
chrX	35862072	21.0	RNA_siLuc	Pgrmc1	0.8144025461481202
chrX	35862073	21.0	RNA_siLuc	Pgrmc1	0.8144025461481202
chrX	35862074	21.0	RNA_siLuc	Pgrmc1	0.8144025461481202
chrX	35862075	21.0	RNA_siLuc	Pgrmc1	0.8144025461481202
chrX	35862076	21.0	RNA_siLuc	Pgrmc1	0.8144025461481202
chrX	35862077	21.0	RNA_siLuc	Pgrmc1	0.8144025461481202
chrX	35862078	21.0	RNA_siLuc	Pgrmc1	0.8144025461481202
chrX	35862079	21.0	RNA_siLuc	Pgrmc1	0.8144025461481202
chrX	35862080	21.0	RNA_siLuc	Pgrmc1	0.8144025461481202
chrX	35862081	21.0	RNA_siLuc	Pgrmc1	0.8144025461481202
chrX	35862082	21.0	RNA_siLuc	Pgrmc1	0.8144025461481202
chrX	35862083	18.0	RNA_siLuc	Pgrmc1	0.6980593252698174
chrX	35862084	15.0	RNA_siLuc	Pgrmc1	0.5817161043915144
chrX	35862085	15.0	RNA_siLuc	Pgrmc1	0.5817161043915144
chrX	35862086	15.0	RNA_siLuc	Pgrmc1	0.5817161043915144
chrX	35862087	15.0	RNA_siLuc	Pgrmc1	0.5817161043915144
chrX	35862088	15.0	RNA_siLuc	Pgrmc1	0.5817161043915144
chrX	35862089	15.0	RNA_siLuc	Pgrmc1	0.5817161043915144
chrX	35862090	11.0	RNA_siLuc	Pgrmc1	0.4265918098871106
chrX	35862091	11.0	RNA_siLuc	Pgrmc1	0.4265918098871106
chrX	35862092	11.0	RNA_siLuc	Pgrmc1	0.4265918098871106
chrX	35862093	11.0	RNA_siLuc	Pgrmc1	0.4265918098871106
chrX	35862094	10.0	RNA_siLuc	Pgrmc1	0.38781073626100965
chrX	35862095	10.0	RNA_siLuc	Pgrmc1	0.38781073626100965
chrX	35862096	10.0	RNA_siLuc	Pgrmc1	0.38781073626100965
chrX	35862097	13.0	RNA_siLuc	Pgrmc1	0.5041539571393125
chrX	35862098	13.0	RNA_siLuc	Pgrmc1	0.5041539571393125
chrX	35862099	13.0	RNA_siLuc	Pgrmc1	0.5041539571393125
chrX	35862100	13.0	RNA_siLuc	Pgrmc1	0.5041539571393125
chrX	35862101	13.0	RNA_siLuc	Pgrmc1	0.5041539571393125
chrX	35862102	13.0	RNA_siLuc	Pgrmc1	0.5041539571393125
chrX	35862103	8.0	RNA_siLuc	Pgrmc1	0.31024858900880775
chrX	35862104	8.0	RNA_siLuc	Pgrmc1	0.31024858900880775
chrX	35862105	11.0	RNA_siLuc	Pgrmc1	0.4265918098871106
chrX	35862106	12.0	RNA_siLuc	Pgrmc1	0.4653728835132116
chrX	35862107	13.0	RNA_siLuc	Pgrmc1	0.5041539571393125
chrX	35862108	13.0	RNA_siLuc	Pgrmc1	0.5041539571393125
chrX	35862109	13.0	RNA_siLuc	Pgrmc1	0.5041539571393125
chrX	35862110	14.0	RNA_siLuc	Pgrmc1	0.5429350307654135
chrX	35862111	17.0	RNA_siLuc	Pgrmc1	0.6592782516437165
chrX	35862112	20.0	RNA_siLuc	Pgrmc1	0.7756214725220193
chrX	35862113	21.0	RNA_siLuc	Pgrmc1	0.8144025461481202
chrX	35862114	21.0	RNA_siLuc	Pgrmc1	0.8144025461481202
chrX	35862115	23.0	RNA_siLuc	Pgrmc1	0.8919646934003223
chrX	35862116	23.0	RNA_siLuc	Pgrmc1	0.8919646934003223
chrX	35862117	23.0	RNA_siLuc	Pgrmc1	0.8919646934003223
chrX	35862118	25.0	RNA_siLuc	Pgrmc1	0.9695268406525241
chrX	35862119	24.0	RNA_siLuc	Pgrmc1	0.9307457670264232
chrX	35862120	24.0	RNA_siLuc	Pgrmc1	0.9307457670264232
chrX	35862121	24.0	RNA_siLuc	Pgrmc1	0.9307457670264232
chrX	35862122	24.0	RNA_siLuc	Pgrmc1	0.9307457670264232
chrX	35862123	24.0	RNA_siLuc	Pgrmc1	0.9307457670264232
chrX	35862124	24.0	RNA_siLuc	Pgrmc1	0.9307457670264232
chrX	35862125	26.0	RNA_siLuc	Pgrmc1	1.008307914278625
chrX	35862126	26.0	RNA_siLuc	Pgrmc1	1.008307914278625
chrX	35862127	26.0	RNA_siLuc	Pgrmc1	1.008307914278625
chrX	35862128	26.0	RNA_siLuc	Pgrmc1	1.008307914278625
chrX	35862129	26.0	RNA_siLuc	Pgrmc1	1.008307914278625
chrX	35862130	26.0	RNA_siLuc	Pgrmc1	1.008307914278625
chrX	35862131	26.0	RNA_siLuc	Pgrmc1	1.008307914278625
chrX	35862132	28.0	RNA_siLuc	Pgrmc1	1.085870061530827
chrX	35862133	28.0	RNA_siLuc	Pgrmc1	1.085870061530827
chrX	35862134	28.0	RNA_siLuc	Pgrmc1	1.085870061530827
chrX	35862135	28.0	RNA_siLuc	Pgrmc1	1.085870061530827
chrX	35862136	25.0	RNA_siLuc	Pgrmc1	0.9695268406525241
chrX	35862137	25.0	RNA_siLuc	Pgrmc1	0.9695268406525241
chrX	35862138	25.0	RNA_siLuc	Pgrmc1	0.9695268406525241
chrX	35862139	23.0	RNA_siLuc	Pgrmc1	0.8919646934003223
chrX	35862140	23.0	RNA_siLuc	Pgrmc1	0.8919646934003223
chrX	35862141	23.0	RNA_siLuc	Pgrmc1	0.8919646934003223
chrX	35862142	28.0	RNA_siLuc	Pgrmc1	1.085870061530827
chrX	35862143	31.0	RNA_siLuc	Pgrmc1	1.2022132824091298
chrX	35862144	34.0	RNA_siLuc	Pgrmc1	1.318556503287433
chrX	35862145	34.0	RNA_siLuc	Pgrmc1	1.318556503287433
chrX	35862146	34.0	RNA_siLuc	Pgrmc1	1.318556503287433
chrX	35862147	35.0	RNA_siLuc	Pgrmc1	1.3573375769135338
chrX	35862148	38.0	RNA_siLuc	Pgrmc1	1.4736807977918367
chrX	35862149	39.0	RNA_siLuc	Pgrmc1	1.5124618714179376
chrX	35862150	39.0	RNA_siLuc	Pgrmc1	1.5124618714179376
chrX	35862151	38.0	RNA_siLuc	Pgrmc1	1.4736807977918367
chrX	35862152	40.0	RNA_siLuc	Pgrmc1	1.5512429450440386
chrX	35862153	40.0	RNA_siLuc	Pgrmc1	1.5512429450440386
chrX	35862154	40.0	RNA_siLuc	Pgrmc1	1.5512429450440386
chrX	35862155	40.0	RNA_siLuc	Pgrmc1	1.5512429450440386
chrX	35862156	40.0	RNA_siLuc	Pgrmc1	1.5512429450440386
chrX	35862157	37.0	RNA_siLuc	Pgrmc1	1.4348997241657357
chrX	35862158	40.0	RNA_siLuc	Pgrmc1	1.5512429450440386
chrX	35862159	40.0	RNA_siLuc	Pgrmc1	1.5512429450440386
chrX	35862160	40.0	RNA_siLuc	Pgrmc1	1.5512429450440386
chrX	35862161	40.0	RNA_siLuc	Pgrmc1	1.5512429450440386
chrX	35862162	40.0	RNA_siLuc	Pgrmc1	1.5512429450440386
chrX	35862163	40.0	RNA_siLuc	Pgrmc1	1.5512429450440386
chrX	35862164	38.0	RNA_siLuc	Pgrmc1	1.4736807977918367
chrX	35862165	36.0	RNA_siLuc	Pgrmc1	1.3961186505396348
chrX	35862166	36.0	RNA_siLuc	Pgrmc1	1.3961186505396348
chrX	35862167	36.0	RNA_siLuc	Pgrmc1	1.3961186505396348
chrX	35862168	36.0	RNA_siLuc	Pgrmc1	1.3961186505396348
chrX	35862169	36.0	RNA_siLuc	Pgrmc1	1.3961186505396348
chrX	35862170	36.0	RNA_siLuc	Pgrmc1	1.3961186505396348
chrX	35862171	36.0	RNA_siLuc	Pgrmc1	1.3961186505396348
chrX	35862172	35.0	RNA_siLuc	Pgrmc1	1.3573375769135338
chrX	35862173	35.0	RNA_siLuc	Pgrmc1	1.3573375769135338
chrX	35862174	33.0	RNA_siLuc	Pgrmc1	1.279775429661332
chrX	35862175	33.0	RNA_siLuc	Pgrmc1	1.279775429661332
chrX	35862176	33.0	RNA_siLuc	Pgrmc1	1.279775429661332
chrX	35862177	33.0	RNA_siLuc	Pgrmc1	1.279775429661332
chrX	35862178	33.0	RNA_siLuc	Pgrmc1	1.279775429661332
chrX	35862179	35.0	RNA_siLuc	Pgrmc1	1.3573375769135338
chrX	35862180	34.0	RNA_siLuc	Pgrmc1	1.318556503287433
chrX	35862181	32.0	RNA_siLuc	Pgrmc1	1.240994356035231
chrX	35862182	27.0	RNA_siLuc	Pgrmc1	1.047088987904726
chrX	35862183	24.0	RNA_siLuc	Pgrmc1	0.9307457670264232
chrX	35862184	21.0	RNA_siLuc	Pgrmc1	0.8144025461481202
chrX	35862185	24.0	RNA_siLuc	Pgrmc1	0.9307457670264232
chrX	35862186	19.0	RNA_siLuc	Pgrmc1	0.7368403988959183
chrX	35862187	17.0	RNA_siLuc	Pgrmc1	0.6592782516437165
chrX	35862188	16.0	RNA_siLuc	Pgrmc1	0.6204971780176155
chrX	35862189	14.0	RNA_siLuc	Pgrmc1	0.5429350307654135
chrX	35862190	13.0	RNA_siLuc	Pgrmc1	0.5041539571393125
chrX	35862191	19.0	RNA_siLuc	Pgrmc1	0.7368403988959183
chrX	35862192	19.0	RNA_siLuc	Pgrmc1	0.7368403988959183
chrX	35862193	20.0	RNA_siLuc	Pgrmc1	0.7756214725220193
chrX	35862194	17.0	RNA_siLuc	Pgrmc1	0.6592782516437165
chrX	35862195	17.0	RNA_siLuc	Pgrmc1	0.6592782516437165
chrX	35862196	17.0	RNA_siLuc	Pgrmc1	0.6592782516437165
chrX	35862197	17.0	RNA_siLuc	Pgrmc1	0.6592782516437165
chrX	35862198	17.0	RNA_siLuc	Pgrmc1	0.6592782516437165
chrX	35862199	13.0	RNA_siLuc	Pgrmc1	0.5041539571393125
chrX	35862200	13.0	RNA_siLuc	Pgrmc1	0.5041539571393125
chrX	35862201	13.0	RNA_siLuc	Pgrmc1	0.5041539571393125
chrX	35862202	13.0	RNA_siLuc	Pgrmc1	0.5041539571393125
chrX	35862203	13.0	RNA_siLuc	Pgrmc1	0.5041539571393125
chrX	35862204	23.0	RNA_siLuc	Pgrmc1	0.8919646934003223
chrX	35862205	25.0	RNA_siLuc	Pgrmc1	0.9695268406525241
chrX	35862206	26.0	RNA_siLuc	Pgrmc1	1.008307914278625
chrX	35862207	26.0	RNA_siLuc	Pgrmc1	1.008307914278625
chrX	35862208	26.0	RNA_siLuc	Pgrmc1	1.008307914278625
chrX	35862209	27.0	RNA_siLuc	Pgrmc1	1.047088987904726
chrX	35862210	30.0	RNA_siLuc	Pgrmc1	1.1634322087830289
chrX	35862211	30.0	RNA_siLuc	Pgrmc1	1.1634322087830289
chrX	35862212	30.0	RNA_siLuc	Pgrmc1	1.1634322087830289
chrX	35862213	30.0	RNA_siLuc	Pgrmc1	1.1634322087830289
chrX	35862214	29.0	RNA_siLuc	Pgrmc1	1.124651135156928
chrX	35862215	29.0	RNA_siLuc	Pgrmc1	1.124651135156928
chrX	35862216	29.0	RNA_siLuc	Pgrmc1	1.124651135156928
chrX	35862217	29.0	RNA_siLuc	Pgrmc1	1.124651135156928
chrX	35862218	29.0	RNA_siLuc	Pgrmc1	1.124651135156928
chrX	35862219	29.0	RNA_siLuc	Pgrmc1	1.124651135156928
chrX	35862220	29.0	RNA_siLuc	Pgrmc1	1.124651135156928
chrX	35862221	29.0	RNA_siLuc	Pgrmc1	1.124651135156928
chrX	35862222	29.0	RNA_siLuc	Pgrmc1	1.124651135156928
chrX	35862223	29.0	RNA_siLuc	Pgrmc1	1.124651135156928
chrX	35862224	27.0	RNA_siLuc	Pgrmc1	1.047088987904726
chrX	35862225	29.0	RNA_siLuc	Pgrmc1	1.124651135156928
chrX	35862226	29.0	RNA_siLuc	Pgrmc1	1.124651135156928
chrX	35862227	30.0	RNA_siLuc	Pgrmc1	1.1634322087830289
chrX	35862228	30.0	RNA_siLuc	Pgrmc1	1.1634322087830289
chrX	35862229	32.0	RNA_siLuc	Pgrmc1	1.240994356035231
chrX	35862230	32.0	RNA_siLuc	Pgrmc1	1.240994356035231
chrX	35862231	25.0	RNA_siLuc	Pgrmc1	0.9695268406525241
chrX	35862232	25.0	RNA_siLuc	Pgrmc1	0.9695268406525241
chrX	35862233	25.0	RNA_siLuc	Pgrmc1	0.9695268406525241
chrX	35862234	25.0	RNA_siLuc	Pgrmc1	0.9695268406525241
chrX	35862235	25.0	RNA_siLuc	Pgrmc1	0.9695268406525241
chrX	35862236	25.0	RNA_siLuc	Pgrmc1	0.9695268406525241
chrX	35862237	25.0	RNA_siLuc	Pgrmc1	0.9695268406525241
chrX	35862238	25.0	RNA_siLuc	Pgrmc1	0.9695268406525241
chrX	35862239	25.0	RNA_siLuc	Pgrmc1	0.9695268406525241
chrX	35862240	25.0	RNA_siLuc	Pgrmc1	0.9695268406525241
chrX	35862241	25.0	RNA_siLuc	Pgrmc1	0.9695268406525241
chrX	35862242	25.0	RNA_siLuc	Pgrmc1	0.9695268406525241
chrX	35862243	25.0	RNA_siLuc	Pgrmc1	0.9695268406525241
chrX	35862244	25.0	RNA_siLuc	Pgrmc1	0.9695268406525241
chrX	35862245	25.0	RNA_siLuc	Pgrmc1	0.9695268406525241
chrX	35862246	25.0	RNA_siLuc	Pgrmc1	0.9695268406525241
chrX	35862247	21.0	RNA_siLuc	Pgrmc1	0.8144025461481202
chrX	35862248	21.0	RNA_siLuc	Pgrmc1	0.8144025461481202
chrX	35862249	16.0	RNA_siLuc	Pgrmc1	0.6204971780176155
chrX	35862250	15.0	RNA_siLuc	Pgrmc1	0.5817161043915144
chrX	35862251	20.0	RNA_siLuc	Pgrmc1	0.7756214725220193
chrX	35862252	17.0	RNA_siLuc	Pgrmc1	0.6592782516437165
chrX	35862253	21.0	RNA_siLuc	Pgrmc1	0.8144025461481202
chrX	35862254	21.0	RNA_siLuc	Pgrmc1	0.8144025461481202
chrX	35862255	21.0	RNA_siLuc	Pgrmc1	0.8144025461481202
chrX	35862256	21.0	RNA_siLuc	Pgrmc1	0.8144025461481202
chrX	35862257	23.0	RNA_siLuc	Pgrmc1	0.8919646934003223
chrX	35862258	23.0	RNA_siLuc	Pgrmc1	0.8919646934003223
chrX	35862259	23.0	RNA_siLuc	Pgrmc1	0.8919646934003223
chrX	35862260	24.0	RNA_siLuc	Pgrmc1	0.9307457670264232
chrX	35862261	24.0	RNA_siLuc	Pgrmc1	0.9307457670264232
chrX	35862262	24.0	RNA_siLuc	Pgrmc1	0.9307457670264232
chrX	35862263	24.0	RNA_siLuc	Pgrmc1	0.9307457670264232
chrX	35862264	24.0	RNA_siLuc	Pgrmc1	0.9307457670264232
chrX	35862265	24.0	RNA_siLuc	Pgrmc1	0.9307457670264232
chrX	35862266	25.0	RNA_siLuc	Pgrmc1	0.9695268406525241
chrX	35862267	25.0	RNA_siLuc	Pgrmc1	0.9695268406525241
chrX	35862268	0.0	RNA_siLuc	Pgrmc1	0.0
chrX	35862269	0.0	RNA_siLuc	Pgrmc1	0.0
chrX	35862270	0.0	RNA_siLuc	Pgrmc1	0.0
chrX	35862271	0.0	RNA_siLuc	Pgrmc1	0.0
chrX	35862272	0.0	RNA_siLuc	Pgrmc1	0.0
chrX	35862273	0.0	RNA_siLuc	Pgrmc1	0.0
chrX	35862274	0.0	RNA_siLuc	Pgrmc1	0.0
chrX	35862275	0.0	RNA_siLuc	Pgrmc1	0.0
chrX	35862276	0.0	RNA_siLuc	Pgrmc1	0.0
chrX	35862277	0.0	RNA_siLuc	Pgrmc1	0.0
chrX	35862278	0.0	RNA_siLuc	Pgrmc1	0.0
chrX	35862279	0.0	RNA_siLuc	Pgrmc1	0.0
chrX	35862280	0.0	RNA_siLuc	Pgrmc1	0.0
chrX	35862281	0.0	RNA_siLuc	Pgrmc1	0.0
chrX	35862282	0.0	RNA_siLuc	Pgrmc1	0.0
chrX	35862283	0.0	RNA_siLuc	Pgrmc1	0.0
chrX	35862284	0.0	RNA_siLuc	Pgrmc1	0.0
chrX	35862285	0.0	RNA_siLuc	Pgrmc1	0.0
chrX	35862286	0.0	RNA_siLuc	Pgrmc1	0.0
chrX	35862287	0.0	RNA_siLuc	Pgrmc1	0.0
chrX	35862288	0.0	RNA_siLuc	Pgrmc1	0.0
chrX	35862289	0.0	RNA_siLuc	Pgrmc1	0.0
chrX	35862290	0.0	RNA_siLuc	Pgrmc1	0.0
chrX	35862291	0.0	RNA_siLuc	Pgrmc1	0.0
chrX	35862292	0.0	RNA_siLuc	Pgrmc1	0.0
chrX	35862293	0.0	RNA_siLuc	Pgrmc1	0.0
chrX	35862294	0.0	RNA_siLuc	Pgrmc1	0.0
chrX	35862295	0.0	RNA_siLuc	Pgrmc1	0.0
chrX	35862296	0.0	RNA_siLuc	Pgrmc1	0.0
chrX	35862297	0.0	RNA_siLuc	Pgrmc1	0.0
chrX	35862298	0.0	RNA_siLuc	Pgrmc1	0.0
chrX	35862299	0.0	RNA_siLuc	Pgrmc1	0.0
chrX	35862300	0.0	RNA_siLuc	Pgrmc1	0.0
chrX	35862301	0.0	RNA_siLuc	Pgrmc1	0.0
chrX	35862302	0.0	RNA_siLuc	Pgrmc1	0.0
chrX	35862303	0.0	RNA_siLuc	Pgrmc1	0.0
chrX	35862304	0.0	RNA_siLuc	Pgrmc1	0.0
chrX	35862305	0.0	RNA_siLuc	Pgrmc1	0.0
chrX	35862306	0.0	RNA_siLuc	Pgrmc1	0.0
chrX	35862307	0.0	RNA_siLuc	Pgrmc1	0.0
chrX	35862308	0.0	RNA_siLuc	Pgrmc1	0.0
chrX	35862309	0.0	RNA_siLuc	Pgrmc1	0.0
chrX	35862310	0.0	RNA_siLuc	Pgrmc1	0.0
chrX	35862311	0.0	RNA_siLuc	Pgrmc1	0.0
chrX	35862312	0.0	RNA_siLuc	Pgrmc1	0.0
chrX	35862313	0.0	RNA_siLuc	Pgrmc1	0.0
chrX	35862314	0.0	RNA_siLuc	Pgrmc1	0.0
chrX	35862315	0.0	RNA_siLuc	Pgrmc1	0.0
chrX	35862316	0.0	RNA_siLuc	Pgrmc1	0.0
chrX	35862317	0.0	RNA_siLuc	Pgrmc1	0.0
chrX	35862318	0.0	RNA_siLuc	Pgrmc1	0.0
chrX	35862319	0.0	RNA_siLuc	Pgrmc1	0.0
chrX	35862320	0.0	RNA_siLuc	Pgrmc1	0.0
chrX	35862321	0.0	RNA_siLuc	Pgrmc1	0.0
chrX	35862322	0.0	RNA_siLuc	Pgrmc1	0.0
chrX	35862323	0.0	RNA_siLuc	Pgrmc1	0.0
chrX	35862324	0.0	RNA_siLuc	Pgrmc1	0.0
chrX	35862325	0.0	RNA_siLuc	Pgrmc1	0.0
chrX	35862326	0.0	RNA_siLuc	Pgrmc1	0.0
chrX	35862327	0.0	RNA_siLuc	Pgrmc1	0.0
chrX	35862328	0.0	RNA_siLuc	Pgrmc1	0.0
chrX	35862329	0.0	RNA_siLuc	Pgrmc1	0.0
chrX	35862330	0.0	RNA_siLuc	Pgrmc1	0.0
chrX	35862331	0.0	RNA_siLuc	Pgrmc1	0.0
chrX	35862332	0.0	RNA_siLuc	Pgrmc1	0.0
chrX	35862333	0.0	RNA_siLuc	Pgrmc1	0.0
chrX	35862334	0.0	RNA_siLuc	Pgrmc1	0.0
chrX	35862335	0.0	RNA_siLuc	Pgrmc1	0.0
chrX	35862336	0.0	RNA_siLuc	Pgrmc1	0.0
chrX	35862337	0.0	RNA_siLuc	Pgrmc1	0.0
chrX	35862338	1.0	RNA_siLuc	Pgrmc1	0.03878107362610097
chrX	35862339	1.0	RNA_siLuc	Pgrmc1	0.03878107362610097
chrX	35862340	1.0	RNA_siLuc	Pgrmc1	0.03878107362610097
chrX	35862341	1.0	RNA_siLuc	Pgrmc1	0.03878107362610097
chrX	35862342	1.0	RNA_siLuc	Pgrmc1	0.03878107362610097
chrX	35862343	1.0	RNA_siLuc	Pgrmc1	0.03878107362610097
chrX	35862344	1.0	RNA_siLuc	Pgrmc1	0.03878107362610097
chrX	35862345	1.0	RNA_siLuc	Pgrmc1	0.03878107362610097
chrX	35862346	1.0	RNA_siLuc	Pgrmc1	0.03878107362610097
chrX	35862347	1.0	RNA_siLuc	Pgrmc1	0.03878107362610097
chrX	35862348	1.0	RNA_siLuc	Pgrmc1	0.03878107362610097
chrX	35862349	1.0	RNA_siLuc	Pgrmc1	0.03878107362610097
chrX	35862350	1.0	RNA_siLuc	Pgrmc1	0.03878107362610097
chrX	35862351	1.0	RNA_siLuc	Pgrmc1	0.03878107362610097
chrX	35862352	1.0	RNA_siLuc	Pgrmc1	0.03878107362610097
chrX	35862353	1.0	RNA_siLuc	Pgrmc1	0.03878107362610097
chrX	35862354	1.0	RNA_siLuc	Pgrmc1	0.03878107362610097
chrX	35862355	1.0	RNA_siLuc	Pgrmc1	0.03878107362610097
chrX	35862356	1.0	RNA_siLuc	Pgrmc1	0.03878107362610097
chrX	35862357	1.0	RNA_siLuc	Pgrmc1	0.03878107362610097
chrX	35862358	1.0	RNA_siLuc	Pgrmc1	0.03878107362610097
chrX	35862359	1.0	RNA_siLuc	Pgrmc1	0.03878107362610097
chrX	35862360	1.0	RNA_siLuc	Pgrmc1	0.03878107362610097
chrX	35862361	1.0	RNA_siLuc	Pgrmc1	0.03878107362610097
chrX	35862362	1.0	RNA_siLuc	Pgrmc1	0.03878107362610097
chrX	35862363	1.0	RNA_siLuc	Pgrmc1	0.03878107362610097
chrX	35862364	1.0	RNA_siLuc	Pgrmc1	0.03878107362610097
chrX	35862365	1.0	RNA_siLuc	Pgrmc1	0.03878107362610097
chrX	35862366	1.0	RNA_siLuc	Pgrmc1	0.03878107362610097
chrX	35862367	1.0	RNA_siLuc	Pgrmc1	0.03878107362610097
chrX	35862368	1.0	RNA_siLuc	Pgrmc1	0.03878107362610097
chrX	35862369	1.0	RNA_siLuc	Pgrmc1	0.03878107362610097
chrX	35862370	1.0	RNA_siLuc	Pgrmc1	0.03878107362610097
chrX	35862371	1.0	RNA_siLuc	Pgrmc1	0.03878107362610097
chrX	35862372	1.0	RNA_siLuc	Pgrmc1	0.03878107362610097
chrX	35862373	1.0	RNA_siLuc	Pgrmc1	0.03878107362610097
chrX	35862374	1.0	RNA_siLuc	Pgrmc1	0.03878107362610097
chrX	35862375	1.0	RNA_siLuc	Pgrmc1	0.03878107362610097
chrX	35862376	1.0	RNA_siLuc	Pgrmc1	0.03878107362610097
chrX	35862377	0.0	RNA_siLuc	Pgrmc1	0.0
chrX	35862378	0.0	RNA_siLuc	Pgrmc1	0.0
chrX	35862379	0.0	RNA_siLuc	Pgrmc1	0.0
chrX	35862380	0.0	RNA_siLuc	Pgrmc1	0.0
chrX	35862381	0.0	RNA_siLuc	Pgrmc1	0.0
chrX	35862382	0.0	RNA_siLuc	Pgrmc1	0.0
chrX	35862383	0.0	RNA_siLuc	Pgrmc1	0.0
chrX	35862384	0.0	RNA_siLuc	Pgrmc1	0.0
chrX	35862385	0.0	RNA_siLuc	Pgrmc1	0.0
chrX	35862386	0.0	RNA_siLuc	Pgrmc1	0.0
chrX	35862387	0.0	RNA_siLuc	Pgrmc1	0.0
chrX	35862388	0.0	RNA_siLuc	Pgrmc1	0.0
chrX	35862389	0.0	RNA_siLuc	Pgrmc1	0.0
chrX	35862390	0.0	RNA_siLuc	Pgrmc1	0.0
chrX	35862391	0.0	RNA_siLuc	Pgrmc1	0.0
chrX	35862392	0.0	RNA_siLuc	Pgrmc1	0.0
chrX	35862393	0.0	RNA_siLuc	Pgrmc1	0.0
chrX	35862394	0.0	RNA_siLuc	Pgrmc1	0.0
chrX	35862395	0.0	RNA_siLuc	Pgrmc1	0.0
chrX	35862396	0.0	RNA_siLuc	Pgrmc1	0.0
chrX	35862397	0.0	RNA_siLuc	Pgrmc1	0.0
chrX	35862398	0.0	RNA_siLuc	Pgrmc1	0.0
chrX	35862399	0.0	RNA_siLuc	Pgrmc1	0.0
chrX	35862400	0.0	RNA_siLuc	Pgrmc1	0.0
chrX	35862401	0.0	RNA_siLuc	Pgrmc1	0.0
chrX	35862402	0.0	RNA_siLuc	Pgrmc1	0.0
chrX	35862403	0.0	RNA_siLuc	Pgrmc1	0.0
chrX	35862404	0.0	RNA_siLuc	Pgrmc1	0.0
chrX	35862405	0.0	RNA_siLuc	Pgrmc1	0.0
chrX	35862406	0.0	RNA_siLuc	Pgrmc1	0.0
chrX	35862407	0.0	RNA_siLuc	Pgrmc1	0.0
chrX	35862408	0.0	RNA_siLuc	Pgrmc1	0.0
chrX	35862409	0.0	RNA_siLuc	Pgrmc1	0.0
chrX	35862410	0.0	RNA_siLuc	Pgrmc1	0.0
chrX	35862411	0.0	RNA_siLuc	Pgrmc1	0.0
chrX	35862412	0.0	RNA_siLuc	Pgrmc1	0.0
chrX	35862413	0.0	RNA_siLuc	Pgrmc1	0.0
chrX	35862414	0.0	RNA_siLuc	Pgrmc1	0.0
chrX	35862415	0.0	RNA_siLuc	Pgrmc1	0.0
chrX	35862416	0.0	RNA_siLuc	Pgrmc1	0.0
chrX	35862417	0.0	RNA_siLuc	Pgrmc1	0.0
chrX	35862418	0.0	RNA_siLuc	Pgrmc1	0.0
chrX	35862419	0.0	RNA_siLuc	Pgrmc1	0.0
chrX	35862420	0.0	RNA_siLuc	Pgrmc1	0.0
chrX	35862421	0.0	RNA_siLuc	Pgrmc1	0.0
chrX	35862422	0.0	RNA_siLuc	Pgrmc1	0.0
chrX	35862423	0.0	RNA_siLuc	Pgrmc1	0.0
chrX	35862424	0.0	RNA_siLuc	Pgrmc1	0.0
chrX	35862425	0.0	RNA_siLuc	Pgrmc1	0.0
chrX	35862426	0.0	RNA_siLuc	Pgrmc1	0.0
chrX	35862427	0.0	RNA_siLuc	Pgrmc1	0.0
chrX	35862428	0.0	RNA_siLuc	Pgrmc1	0.0
chrX	35862429	0.0	RNA_siLuc	Pgrmc1	0.0
chrX	35862430	0.0	RNA_siLuc	Pgrmc1	0.0
chrX	35862431	0.0	RNA_siLuc	Pgrmc1	0.0
chrX	35862432	0.0	RNA_siLuc	Pgrmc1	0.0
chrX	35862433	0.0	RNA_siLuc	Pgrmc1	0.0
chrX	35862434	0.0	RNA_siLuc	Pgrmc1	0.0
chrX	35862435	0.0	RNA_siLuc	Pgrmc1	0.0
chrX	35862436	0.0	RNA_siLuc	Pgrmc1	0.0
chrX	35862437	0.0	RNA_siLuc	Pgrmc1	0.0
chrX	35862438	0.0	RNA_siLuc	Pgrmc1	0.0
chrX	35862439	0.0	RNA_siLuc	Pgrmc1	0.0
chrX	35862440	0.0	RNA_siLuc	Pgrmc1	0.0
chrX	35862441	0.0	RNA_siLuc	Pgrmc1	0.0
chrX	35862442	0.0	RNA_siLuc	Pgrmc1	0.0
chrX	35862443	0.0	RNA_siLuc	Pgrmc1	0.0
chrX	35862444	0.0	RNA_siLuc	Pgrmc1	0.0
chrX	35862445	0.0	RNA_siLuc	Pgrmc1	0.0
chrX	35862446	0.0	RNA_siLuc	Pgrmc1	0.0
chrX	35862447	0.0	RNA_siLuc	Pgrmc1	0.0
chrX	35862448	0.0	RNA_siLuc	Pgrmc1	0.0
chrX	35862449	0.0	RNA_siLuc	Pgrmc1	0.0
chrX	35862450	0.0	RNA_siLuc	Pgrmc1	0.0
chrX	35862451	0.0	RNA_siLuc	Pgrmc1	0.0
chrX	35862452	0.0	RNA_siLuc	Pgrmc1	0.0
chrX	35862453	0.0	RNA_siLuc	Pgrmc1	0.0
chrX	35862454	0.0	RNA_siLuc	Pgrmc1	0.0
chrX	35862455	0.0	RNA_siLuc	Pgrmc1	0.0
chrX	35862456	0.0	RNA_siLuc	Pgrmc1	0.0
chrX	35862457	0.0	RNA_siLuc	Pgrmc1	0.0
chrX	35862458	0.0	RNA_siLuc	Pgrmc1	0.0
chrX	35862459	0.0	RNA_siLuc	Pgrmc1	0.0
chrX	35862460	0.0	RNA_siLuc	Pgrmc1	0.0
chrX	35862461	0.0	RNA_siLuc	Pgrmc1	0.0
chrX	35862462	0.0	RNA_siLuc	Pgrmc1	0.0
chrX	35862463	0.0	RNA_siLuc	Pgrmc1	0.0
chrX	35862464	0.0	RNA_siLuc	Pgrmc1	0.0
chrX	35862465	0.0	RNA_siLuc	Pgrmc1	0.0
chrX	35862466	0.0	RNA_siLuc	Pgrmc1	0.0
chrX	35862467	0.0	RNA_siLuc	Pgrmc1	0.0
chrX	35862468	0.0	RNA_siLuc	Pgrmc1	0.0
chrX	35862469	0.0	RNA_siLuc	Pgrmc1	0.0
chrX	35862470	0.0	RNA_siLuc	Pgrmc1	0.0
chrX	35862471	0.0	RNA_siLuc	Pgrmc1	0.0
chrX	35862472	0.0	RNA_siLuc	Pgrmc1	0.0
chrX	35862473	0.0	RNA_siLuc	Pgrmc1	0.0
chrX	35862474	0.0	RNA_siLuc	Pgrmc1	0.0
chrX	35862475	0.0	RNA_siLuc	Pgrmc1	0.0
chrX	35862476	0.0	RNA_siLuc	Pgrmc1	0.0
chrX	35862477	0.0	RNA_siLuc	Pgrmc1	0.0
chrX	35862478	0.0	RNA_siLuc	Pgrmc1	0.0
chrX	35862479	0.0	RNA_siLuc	Pgrmc1	0.0
chrX	35862480	0.0	RNA_siLuc	Pgrmc1	0.0
chrX	35862481	0.0	RNA_siLuc	Pgrmc1	0.0
chrX	35862482	0.0	RNA_siLuc	Pgrmc1	0.0
chrX	35862483	0.0	RNA_siLuc	Pgrmc1	0.0
chrX	35862484	0.0	RNA_siLuc	Pgrmc1	0.0
chrX	35862485	0.0	RNA_siLuc	Pgrmc1	0.0
chrX	35862486	0.0	RNA_siLuc	Pgrmc1	0.0
chrX	35862487	0.0	RNA_siLuc	Pgrmc1	0.0
chrX	35862488	0.0	RNA_siLuc	Pgrmc1	0.0
chrX	35862489	0.0	RNA_siLuc	Pgrmc1	0.0
chrX	35862490	0.0	RNA_siLuc	Pgrmc1	0.0
chrX	35862491	0.0	RNA_siLuc	Pgrmc1	0.0
chrX	35862492	0.0	RNA_siLuc	Pgrmc1	0.0
chrX	35862493	0.0	RNA_siLuc	Pgrmc1	0.0
chrX	35862494	0.0	RNA_siLuc	Pgrmc1	0.0
chrX	35862495	0.0	RNA_siLuc	Pgrmc1	0.0
chrX	35862496	0.0	RNA_siLuc	Pgrmc1	0.0
chrX	35862497	0.0	RNA_siLuc	Pgrmc1	0.0
chrX	35862498	0.0	RNA_siLuc	Pgrmc1	0.0
chrX	35862499	0.0	RNA_siLuc	Pgrmc1	0.0
chrX	35862500	0.0	RNA_siLuc	Pgrmc1	0.0
chrX	35862501	0.0	RNA_siLuc	Pgrmc1	0.0
chrX	35862502	0.0	RNA_siLuc	Pgrmc1	0.0
chrX	35862503	0.0	RNA_siLuc	Pgrmc1	0.0
chrX	35862504	0.0	RNA_siLuc	Pgrmc1	0.0
chrX	35862505	0.0	RNA_siLuc	Pgrmc1	0.0
chrX	35862506	0.0	RNA_siLuc	Pgrmc1	0.0
chrX	35862507	0.0	RNA_siLuc	Pgrmc1	0.0
chrX	35862508	0.0	RNA_siLuc	Pgrmc1	0.0
chrX	35862509	0.0	RNA_siLuc	Pgrmc1	0.0
chrX	35862510	0.0	RNA_siLuc	Pgrmc1	0.0
chrX	35862511	0.0	RNA_siLuc	Pgrmc1	0.0
chrX	35862512	0.0	RNA_siLuc	Pgrmc1	0.0
chrX	35862513	0.0	RNA_siLuc	Pgrmc1	0.0
chrX	35862514	0.0	RNA_siLuc	Pgrmc1	0.0
chrX	35862515	0.0	RNA_siLuc	Pgrmc1	0.0
chrX	35862516	0.0	RNA_siLuc	Pgrmc1	0.0
chrX	35862517	0.0	RNA_siLuc	Pgrmc1	0.0
chrX	35862518	0.0	RNA_siLuc	Pgrmc1	0.0
chrX	35862519	0.0	RNA_siLuc	Pgrmc1	0.0
chrX	35862520	0.0	RNA_siLuc	Pgrmc1	0.0
chrX	35862521	0.0	RNA_siLuc	Pgrmc1	0.0
chrX	35862522	0.0	RNA_siLuc	Pgrmc1	0.0
chrX	35862523	0.0	RNA_siLuc	Pgrmc1	0.0
chrX	35862524	0.0	RNA_siLuc	Pgrmc1	0.0
chrX	35862525	0.0	RNA_siLuc	Pgrmc1	0.0
chrX	35862526	0.0	RNA_siLuc	Pgrmc1	0.0
chrX	35862527	0.0	RNA_siLuc	Pgrmc1	0.0
chrX	35862528	0.0	RNA_siLuc	Pgrmc1	0.0
chrX	35862529	0.0	RNA_siLuc	Pgrmc1	0.0
chrX	35862530	0.0	RNA_siLuc	Pgrmc1	0.0
chrX	35862531	0.0	RNA_siLuc	Pgrmc1	0.0
chrX	35862532	0.0	RNA_siLuc	Pgrmc1	0.0
chrX	35862533	0.0	RNA_siLuc	Pgrmc1	0.0
chrX	35862534	0.0	RNA_siLuc	Pgrmc1	0.0
chrX	35862535	0.0	RNA_siLuc	Pgrmc1	0.0
chrX	35862536	0.0	RNA_siLuc	Pgrmc1	0.0
chrX	35862537	0.0	RNA_siLuc	Pgrmc1	0.0
chrX	35862538	0.0	RNA_siLuc	Pgrmc1	0.0
chrX	35862539	0.0	RNA_siLuc	Pgrmc1	0.0
chrX	35862540	0.0	RNA_siLuc	Pgrmc1	0.0
chrX	35862541	0.0	RNA_siLuc	Pgrmc1	0.0
chrX	35862542	0.0	RNA_siLuc	Pgrmc1	0.0
chrX	35862543	1.0	RNA_siLuc	Pgrmc1	0.03878107362610097
chrX	35862544	1.0	RNA_siLuc	Pgrmc1	0.03878107362610097
chrX	35862545	1.0	RNA_siLuc	Pgrmc1	0.03878107362610097
chrX	35862546	1.0	RNA_siLuc	Pgrmc1	0.03878107362610097
chrX	35862547	1.0	RNA_siLuc	Pgrmc1	0.03878107362610097
chrX	35862548	1.0	RNA_siLuc	Pgrmc1	0.03878107362610097
chrX	35862549	1.0	RNA_siLuc	Pgrmc1	0.03878107362610097
chrX	35862550	1.0	RNA_siLuc	Pgrmc1	0.03878107362610097
chrX	35862551	1.0	RNA_siLuc	Pgrmc1	0.03878107362610097
chrX	35862552	1.0	RNA_siLuc	Pgrmc1	0.03878107362610097
chrX	35862553	1.0	RNA_siLuc	Pgrmc1	0.03878107362610097
chrX	35862554	1.0	RNA_siLuc	Pgrmc1	0.03878107362610097
chrX	35862555	1.0	RNA_siLuc	Pgrmc1	0.03878107362610097
chrX	35862556	1.0	RNA_siLuc	Pgrmc1	0.03878107362610097
chrX	35862557	0.0	RNA_siLuc	Pgrmc1	0.0
chrX	35862558	1.0	RNA_siLuc	Pgrmc1	0.03878107362610097
chrX	35862559	1.0	RNA_siLuc	Pgrmc1	0.03878107362610097
chrX	35862560	1.0	RNA_siLuc	Pgrmc1	0.03878107362610097
chrX	35862561	1.0	RNA_siLuc	Pgrmc1	0.03878107362610097
chrX	35862562	1.0	RNA_siLuc	Pgrmc1	0.03878107362610097
chrX	35862563	1.0	RNA_siLuc	Pgrmc1	0.03878107362610097
chrX	35862564	1.0	RNA_siLuc	Pgrmc1	0.03878107362610097
chrX	35862565	1.0	RNA_siLuc	Pgrmc1	0.03878107362610097
chrX	35862566	1.0	RNA_siLuc	Pgrmc1	0.03878107362610097
chrX	35862567	1.0	RNA_siLuc	Pgrmc1	0.03878107362610097
chrX	35862568	1.0	RNA_siLuc	Pgrmc1	0.03878107362610097
chrX	35862569	1.0	RNA_siLuc	Pgrmc1	0.03878107362610097
chrX	35862570	1.0	RNA_siLuc	Pgrmc1	0.03878107362610097
chrX	35862571	1.0	RNA_siLuc	Pgrmc1	0.03878107362610097
chrX	35862572	1.0	RNA_siLuc	Pgrmc1	0.03878107362610097
chrX	35862573	1.0	RNA_siLuc	Pgrmc1	0.03878107362610097
chrX	35862574	1.0	RNA_siLuc	Pgrmc1	0.03878107362610097
chrX	35862575	1.0	RNA_siLuc	Pgrmc1	0.03878107362610097
chrX	35862576	1.0	RNA_siLuc	Pgrmc1	0.03878107362610097
chrX	35862577	1.0	RNA_siLuc	Pgrmc1	0.03878107362610097
chrX	35862578	1.0	RNA_siLuc	Pgrmc1	0.03878107362610097
chrX	35862579	0.0	RNA_siLuc	Pgrmc1	0.0
chrX	35862580	0.0	RNA_siLuc	Pgrmc1	0.0
chrX	35862581	0.0	RNA_siLuc	Pgrmc1	0.0
chrX	35862582	0.0	RNA_siLuc	Pgrmc1	0.0
chrX	35862583	0.0	RNA_siLuc	Pgrmc1	0.0
chrX	35862584	0.0	RNA_siLuc	Pgrmc1	0.0
chrX	35862585	0.0	RNA_siLuc	Pgrmc1	0.0
chrX	35862586	0.0	RNA_siLuc	Pgrmc1	0.0
chrX	35862587	0.0	RNA_siLuc	Pgrmc1	0.0
chrX	35862588	0.0	RNA_siLuc	Pgrmc1	0.0
chrX	35862589	0.0	RNA_siLuc	Pgrmc1	0.0
chrX	35862590	0.0	RNA_siLuc	Pgrmc1	0.0
chrX	35862591	0.0	RNA_siLuc	Pgrmc1	0.0
chrX	35862592	0.0	RNA_siLuc	Pgrmc1	0.0
chrX	35862593	0.0	RNA_siLuc	Pgrmc1	0.0
chrX	35862594	0.0	RNA_siLuc	Pgrmc1	0.0
chrX	35862595	0.0	RNA_siLuc	Pgrmc1	0.0
chrX	35862596	0.0	RNA_siLuc	Pgrmc1	0.0
chrX	35862597	0.0	RNA_siLuc	Pgrmc1	0.0
chrX	35862598	0.0	RNA_siLuc	Pgrmc1	0.0
chrX	35862599	0.0	RNA_siLuc	Pgrmc1	0.0
chrX	35862600	0.0	RNA_siLuc	Pgrmc1	0.0
chrX	35862601	0.0	RNA_siLuc	Pgrmc1	0.0
chrX	35862602	0.0	RNA_siLuc	Pgrmc1	0.0
chrX	35862603	0.0	RNA_siLuc	Pgrmc1	0.0
chrX	35862604	0.0	RNA_siLuc	Pgrmc1	0.0
chrX	35862605	0.0	RNA_siLuc	Pgrmc1	0.0
chrX	35862606	0.0	RNA_siLuc	Pgrmc1	0.0
chrX	35862607	0.0	RNA_siLuc	Pgrmc1	0.0
chrX	35862608	0.0	RNA_siLuc	Pgrmc1	0.0
chrX	35862609	0.0	RNA_siLuc	Pgrmc1	0.0
chrX	35862610	0.0	RNA_siLuc	Pgrmc1	0.0
chrX	35862611	0.0	RNA_siLuc	Pgrmc1	0.0
chrX	35862612	0.0	RNA_siLuc	Pgrmc1	0.0
chrX	35862613	0.0	RNA_siLuc	Pgrmc1	0.0
chrX	35862614	0.0	RNA_siLuc	Pgrmc1	0.0
chrX	35862615	0.0	RNA_siLuc	Pgrmc1	0.0
chrX	35862616	0.0	RNA_siLuc	Pgrmc1	0.0
chrX	35862617	0.0	RNA_siLuc	Pgrmc1	0.0
chrX	35862618	0.0	RNA_siLuc	Pgrmc1	0.0
chrX	35862619	0.0	RNA_siLuc	Pgrmc1	0.0
chrX	35862620	0.0	RNA_siLuc	Pgrmc1	0.0
chrX	35862621	0.0	RNA_siLuc	Pgrmc1	0.0
chrX	35862622	0.0	RNA_siLuc	Pgrmc1	0.0
chrX	35862623	0.0	RNA_siLuc	Pgrmc1	0.0
chrX	35862624	0.0	RNA_siLuc	Pgrmc1	0.0
chrX	35862625	0.0	RNA_siLuc	Pgrmc1	0.0
chrX	35862626	0.0	RNA_siLuc	Pgrmc1	0.0
chrX	35862627	0.0	RNA_siLuc	Pgrmc1	0.0
chrX	35862628	0.0	RNA_siLuc	Pgrmc1	0.0
chrX	35862629	0.0	RNA_siLuc	Pgrmc1	0.0
chrX	35862630	0.0	RNA_siLuc	Pgrmc1	0.0
chrX	35862631	0.0	RNA_siLuc	Pgrmc1	0.0
chrX	35862632	0.0	RNA_siLuc	Pgrmc1	0.0
chrX	35862633	0.0	RNA_siLuc	Pgrmc1	0.0
chrX	35862634	0.0	RNA_siLuc	Pgrmc1	0.0
chrX	35862635	0.0	RNA_siLuc	Pgrmc1	0.0
chrX	35862636	0.0	RNA_siLuc	Pgrmc1	0.0
chrX	35862637	0.0	RNA_siLuc	Pgrmc1	0.0
chrX	35862638	0.0	RNA_siLuc	Pgrmc1	0.0
chrX	35862639	0.0	RNA_siLuc	Pgrmc1	0.0
chrX	35862640	0.0	RNA_siLuc	Pgrmc1	0.0
chrX	35862641	0.0	RNA_siLuc	Pgrmc1	0.0
chrX	35862642	0.0	RNA_siLuc	Pgrmc1	0.0
chrX	35862643	0.0	RNA_siLuc	Pgrmc1	0.0
chrX	35862644	0.0	RNA_siLuc	Pgrmc1	0.0
chrX	35862645	0.0	RNA_siLuc	Pgrmc1	0.0
chrX	35862646	0.0	RNA_siLuc	Pgrmc1	0.0
chrX	35862647	0.0	RNA_siLuc	Pgrmc1	0.0
chrX	35862648	0.0	RNA_siLuc	Pgrmc1	0.0
chrX	35862649	0.0	RNA_siLuc	Pgrmc1	0.0
chrX	35862650	0.0	RNA_siLuc	Pgrmc1	0.0
chrX	35862651	0.0	RNA_siLuc	Pgrmc1	0.0
chrX	35862652	0.0	RNA_siLuc	Pgrmc1	0.0
chrX	35862653	0.0	RNA_siLuc	Pgrmc1	0.0
chrX	35862654	0.0	RNA_siLuc	Pgrmc1	0.0
chrX	35862655	0.0	RNA_siLuc	Pgrmc1	0.0
chrX	35862656	0.0	RNA_siLuc	Pgrmc1	0.0
chrX	35862657	0.0	RNA_siLuc	Pgrmc1	0.0
chrX	35862658	0.0	RNA_siLuc	Pgrmc1	0.0
chrX	35862659	0.0	RNA_siLuc	Pgrmc1	0.0
chrX	35862660	0.0	RNA_siLuc	Pgrmc1	0.0
chrX	35862661	0.0	RNA_siLuc	Pgrmc1	0.0
chrX	35862662	0.0	RNA_siLuc	Pgrmc1	0.0
chrX	35862663	0.0	RNA_siLuc	Pgrmc1	0.0
chrX	35862664	0.0	RNA_siLuc	Pgrmc1	0.0
chrX	35862665	0.0	RNA_siLuc	Pgrmc1	0.0
chrX	35862666	0.0	RNA_siLuc	Pgrmc1	0.0
chrX	35862667	0.0	RNA_siLuc	Pgrmc1	0.0
chrX	35862668	0.0	RNA_siLuc	Pgrmc1	0.0
chrX	35862669	0.0	RNA_siLuc	Pgrmc1	0.0
chrX	35862670	0.0	RNA_siLuc	Pgrmc1	0.0
chrX	35862671	0.0	RNA_siLuc	Pgrmc1	0.0
chrX	35862672	0.0	RNA_siLuc	Pgrmc1	0.0
chrX	35862673	0.0	RNA_siLuc	Pgrmc1	0.0
chrX	35862674	0.0	RNA_siLuc	Pgrmc1	0.0
chrX	35862675	0.0	RNA_siLuc	Pgrmc1	0.0
chrX	35862676	0.0	RNA_siLuc	Pgrmc1	0.0
chrX	35862677	0.0	RNA_siLuc	Pgrmc1	0.0
chrX	35862678	0.0	RNA_siLuc	Pgrmc1	0.0
chrX	35862679	0.0	RNA_siLuc	Pgrmc1	0.0
chrX	35862680	0.0	RNA_siLuc	Pgrmc1	0.0
chrX	35862681	0.0	RNA_siLuc	Pgrmc1	0.0
chrX	35862682	0.0	RNA_siLuc	Pgrmc1	0.0
chrX	35862683	0.0	RNA_siLuc	Pgrmc1	0.0
chrX	35862684	0.0	RNA_siLuc	Pgrmc1	0.0
chrX	35862685	0.0	RNA_siLuc	Pgrmc1	0.0
chrX	35862686	0.0	RNA_siLuc	Pgrmc1	0.0
chrX	35862687	0.0	RNA_siLuc	Pgrmc1	0.0
chrX	35862688	0.0	RNA_siLuc	Pgrmc1	0.0
chrX	35862689	0.0	RNA_siLuc	Pgrmc1	0.0
chrX	35862690	0.0	RNA_siLuc	Pgrmc1	0.0
chrX	35862691	0.0	RNA_siLuc	Pgrmc1	0.0
chrX	35862692	0.0	RNA_siLuc	Pgrmc1	0.0
chrX	35862693	0.0	RNA_siLuc	Pgrmc1	0.0
chrX	35862694	0.0	RNA_siLuc	Pgrmc1	0.0
chrX	35862695	0.0	RNA_siLuc	Pgrmc1	0.0
chrX	35862696	0.0	RNA_siLuc	Pgrmc1	0.0
chrX	35862697	0.0	RNA_siLuc	Pgrmc1	0.0
chrX	35862698	0.0	RNA_siLuc	Pgrmc1	0.0
chrX	35862699	0.0	RNA_siLuc	Pgrmc1	0.0
chrX	35862700	0.0	RNA_siLuc	Pgrmc1	0.0
chrX	35862701	0.0	RNA_siLuc	Pgrmc1	0.0
chrX	35862702	0.0	RNA_siLuc	Pgrmc1	0.0
chrX	35862703	0.0	RNA_siLuc	Pgrmc1	0.0
chrX	35862704	0.0	RNA_siLuc	Pgrmc1	0.0
chrX	35862705	0.0	RNA_siLuc	Pgrmc1	0.0
chrX	35862706	0.0	RNA_siLuc	Pgrmc1	0.0
chrX	35862707	0.0	RNA_siLuc	Pgrmc1	0.0
chrX	35862708	0.0	RNA_siLuc	Pgrmc1	0.0
chrX	35862709	0.0	RNA_siLuc	Pgrmc1	0.0
chrX	35862710	0.0	RNA_siLuc	Pgrmc1	0.0
chrX	35862711	0.0	RNA_siLuc	Pgrmc1	0.0
chrX	35862712	0.0	RNA_siLuc	Pgrmc1	0.0
chrX	35862713	0.0	RNA_siLuc	Pgrmc1	0.0
chrX	35862714	0.0	RNA_siLuc	Pgrmc1	0.0
chrX	35862715	0.0	RNA_siLuc	Pgrmc1	0.0
chrX	35862716	0.0	RNA_siLuc	Pgrmc1	0.0
chrX	35862717	0.0	RNA_siLuc	Pgrmc1	0.0
chrX	35862718	0.0	RNA_siLuc	Pgrmc1	0.0
chrX	35862719	0.0	RNA_siLuc	Pgrmc1	0.0
chrX	35862720	0.0	RNA_siLuc	Pgrmc1	0.0
chrX	35862721	0.0	RNA_siLuc	Pgrmc1	0.0
chrX	35862722	0.0	RNA_siLuc	Pgrmc1	0.0
chrX	35862723	0.0	RNA_siLuc	Pgrmc1	0.0
chrX	35862724	0.0	RNA_siLuc	Pgrmc1	0.0
chrX	35862725	0.0	RNA_siLuc	Pgrmc1	0.0
chrX	35862726	0.0	RNA_siLuc	Pgrmc1	0.0
chrX	35862727	0.0	RNA_siLuc	Pgrmc1	0.0
chrX	35862728	0.0	RNA_siLuc	Pgrmc1	0.0
chrX	35862729	0.0	RNA_siLuc	Pgrmc1	0.0
chrX	35862730	0.0	RNA_siLuc	Pgrmc1	0.0
chrX	35862731	0.0	RNA_siLuc	Pgrmc1	0.0
chrX	35862732	0.0	RNA_siLuc	Pgrmc1	0.0
chrX	35862733	0.0	RNA_siLuc	Pgrmc1	0.0
chrX	35862734	0.0	RNA_siLuc	Pgrmc1	0.0
chrX	35862735	0.0	RNA_siLuc	Pgrmc1	0.0
chrX	35862736	0.0	RNA_siLuc	Pgrmc1	0.0
chrX	35862737	0.0	RNA_siLuc	Pgrmc1	0.0
chrX	35862738	0.0	RNA_siLuc	Pgrmc1	0.0
chrX	35862739	0.0	RNA_siLuc	Pgrmc1	0.0
chrX	35862740	0.0	RNA_siLuc	Pgrmc1	0.0
chrX	35862741	0.0	RNA_siLuc	Pgrmc1	0.0
chrX	35862742	0.0	RNA_siLuc	Pgrmc1	0.0
chrX	35862743	0.0	RNA_siLuc	Pgrmc1	0.0
chrX	35862744	0.0	RNA_siLuc	Pgrmc1	0.0
chrX	35862745	0.0	RNA_siLuc	Pgrmc1	0.0
chrX	35862746	0.0	RNA_siLuc	Pgrmc1	0.0
chrX	35862747	0.0	RNA_siLuc	Pgrmc1	0.0
chrX	35862748	0.0	RNA_siLuc	Pgrmc1	0.0
chrX	35862749	0.0	RNA_siLuc	Pgrmc1	0.0
chrX	35862750	0.0	RNA_siLuc	Pgrmc1	0.0
chrX	35862751	0.0	RNA_siLuc	Pgrmc1	0.0
chrX	35862752	0.0	RNA_siLuc	Pgrmc1	0.0
chrX	35862753	0.0	RNA_siLuc	Pgrmc1	0.0
chrX	35862754	0.0	RNA_siLuc	Pgrmc1	0.0
chrX	35862755	0.0	RNA_siLuc	Pgrmc1	0.0
chrX	35862756	0.0	RNA_siLuc	Pgrmc1	0.0
chrX	35862757	0.0	RNA_siLuc	Pgrmc1	0.0
chrX	35862758	0.0	RNA_siLuc	Pgrmc1	0.0
chrX	35862759	0.0	RNA_siLuc	Pgrmc1	0.0
chrX	35862760	0.0	RNA_siLuc	Pgrmc1	0.0
chrX	35862761	0.0	RNA_siLuc	Pgrmc1	0.0
chrX	35862762	0.0	RNA_siLuc	Pgrmc1	0.0
chrX	35862763	0.0	RNA_siLuc	Pgrmc1	0.0
chrX	35862764	0.0	RNA_siLuc	Pgrmc1	0.0
chrX	35862765	0.0	RNA_siLuc	Pgrmc1	0.0
chrX	35862766	0.0	RNA_siLuc	Pgrmc1	0.0
chrX	35862767	0.0	RNA_siLuc	Pgrmc1	0.0
chrX	35862768	0.0	RNA_siLuc	Pgrmc1	0.0
chrX	35862769	0.0	RNA_siLuc	Pgrmc1	0.0
chrX	35862770	0.0	RNA_siLuc	Pgrmc1	0.0
chrX	35862771	0.0	RNA_siLuc	Pgrmc1	0.0
chrX	35862772	0.0	RNA_siLuc	Pgrmc1	0.0
chrX	35862773	0.0	RNA_siLuc	Pgrmc1	0.0
chrX	35862774	0.0	RNA_siLuc	Pgrmc1	0.0
chrX	35862775	0.0	RNA_siLuc	Pgrmc1	0.0
chrX	35862776	0.0	RNA_siLuc	Pgrmc1	0.0
chrX	35862777	0.0	RNA_siLuc	Pgrmc1	0.0
chrX	35862778	0.0	RNA_siLuc	Pgrmc1	0.0
chrX	35862779	0.0	RNA_siLuc	Pgrmc1	0.0
chrX	35862780	0.0	RNA_siLuc	Pgrmc1	0.0
chrX	35862781	0.0	RNA_siLuc	Pgrmc1	0.0
chrX	35862782	0.0	RNA_siLuc	Pgrmc1	0.0
chrX	35862783	0.0	RNA_siLuc	Pgrmc1	0.0
chrX	35862784	0.0	RNA_siLuc	Pgrmc1	0.0
chrX	35862785	0.0	RNA_siLuc	Pgrmc1	0.0
chrX	35862786	0.0	RNA_siLuc	Pgrmc1	0.0
chrX	35862787	0.0	RNA_siLuc	Pgrmc1	0.0
chrX	35862788	0.0	RNA_siLuc	Pgrmc1	0.0
chrX	35862789	0.0	RNA_siLuc	Pgrmc1	0.0
chrX	35862790	0.0	RNA_siLuc	Pgrmc1	0.0
chrX	35862791	0.0	RNA_siLuc	Pgrmc1	0.0
chrX	35862792	0.0	RNA_siLuc	Pgrmc1	0.0
chrX	35862793	0.0	RNA_siLuc	Pgrmc1	0.0
chrX	35862794	0.0	RNA_siLuc	Pgrmc1	0.0
chrX	35862795	0.0	RNA_siLuc	Pgrmc1	0.0
chrX	35862796	0.0	RNA_siLuc	Pgrmc1	0.0
chrX	35862797	0.0	RNA_siLuc	Pgrmc1	0.0
chrX	35862798	0.0	RNA_siLuc	Pgrmc1	0.0
chrX	35862799	0.0	RNA_siLuc	Pgrmc1	0.0
chrX	35862800	0.0	RNA_siLuc	Pgrmc1	0.0
chrX	35862801	0.0	RNA_siLuc	Pgrmc1	0.0
chrX	35862802	0.0	RNA_siLuc	Pgrmc1	0.0
chrX	35862803	0.0	RNA_siLuc	Pgrmc1	0.0
chrX	35862804	0.0	RNA_siLuc	Pgrmc1	0.0
chrX	35862805	0.0	RNA_siLuc	Pgrmc1	0.0
chrX	35862806	0.0	RNA_siLuc	Pgrmc1	0.0
chrX	35862807	0.0	RNA_siLuc	Pgrmc1	0.0
chrX	35862808	0.0	RNA_siLuc	Pgrmc1	0.0
chrX	35862809	0.0	RNA_siLuc	Pgrmc1	0.0
chrX	35862810	0.0	RNA_siLuc	Pgrmc1	0.0
chrX	35862811	0.0	RNA_siLuc	Pgrmc1	0.0
chrX	35862812	0.0	RNA_siLuc	Pgrmc1	0.0
chrX	35862813	0.0	RNA_siLuc	Pgrmc1	0.0
chrX	35862814	0.0	RNA_siLuc	Pgrmc1	0.0
chrX	35862815	0.0	RNA_siLuc	Pgrmc1	0.0
chrX	35862816	0.0	RNA_siLuc	Pgrmc1	0.0
chrX	35862817	0.0	RNA_siLuc	Pgrmc1	0.0
chrX	35862818	0.0	RNA_siLuc	Pgrmc1	0.0
chrX	35862819	0.0	RNA_siLuc	Pgrmc1	0.0
chrX	35862820	0.0	RNA_siLuc	Pgrmc1	0.0
chrX	35862821	0.0	RNA_siLuc	Pgrmc1	0.0
chrX	35862822	0.0	RNA_siLuc	Pgrmc1	0.0
chrX	35862823	0.0	RNA_siLuc	Pgrmc1	0.0
chrX	35862824	0.0	RNA_siLuc	Pgrmc1	0.0
chrX	35862825	0.0	RNA_siLuc	Pgrmc1	0.0
chrX	35862826	0.0	RNA_siLuc	Pgrmc1	0.0
chrX	35862827	0.0	RNA_siLuc	Pgrmc1	0.0
chrX	35862828	0.0	RNA_siLuc	Pgrmc1	0.0
chrX	35862829	0.0	RNA_siLuc	Pgrmc1	0.0
chrX	35862830	0.0	RNA_siLuc	Pgrmc1	0.0
chrX	35862831	0.0	RNA_siLuc	Pgrmc1	0.0
chrX	35862832	0.0	RNA_siLuc	Pgrmc1	0.0
chrX	35862833	0.0	RNA_siLuc	Pgrmc1	0.0
chrX	35862834	0.0	RNA_siLuc	Pgrmc1	0.0
chrX	35862835	0.0	RNA_siLuc	Pgrmc1	0.0
chrX	35862836	0.0	RNA_siLuc	Pgrmc1	0.0
chrX	35862837	0.0	RNA_siLuc	Pgrmc1	0.0
chrX	35862838	0.0	RNA_siLuc	Pgrmc1	0.0
chrX	35862839	0.0	RNA_siLuc	Pgrmc1	0.0
chrX	35862840	0.0	RNA_siLuc	Pgrmc1	0.0
chrX	35862841	0.0	RNA_siLuc	Pgrmc1	0.0
chrX	35862842	0.0	RNA_siLuc	Pgrmc1	0.0
chrX	35862843	0.0	RNA_siLuc	Pgrmc1	0.0
chrX	35862844	0.0	RNA_siLuc	Pgrmc1	0.0
chrX	35862845	0.0	RNA_siLuc	Pgrmc1	0.0
chrX	35862846	0.0	RNA_siLuc	Pgrmc1	0.0
chrX	35862847	0.0	RNA_siLuc	Pgrmc1	0.0
chrX	35862848	0.0	RNA_siLuc	Pgrmc1	0.0
chrX	35862849	0.0	RNA_siLuc	Pgrmc1	0.0
chrX	35862850	0.0	RNA_siLuc	Pgrmc1	0.0
chrX	35862851	0.0	RNA_siLuc	Pgrmc1	0.0
chrX	35862852	0.0	RNA_siLuc	Pgrmc1	0.0
chrX	35862853	0.0	RNA_siLuc	Pgrmc1	0.0
chrX	35862854	0.0	RNA_siLuc	Pgrmc1	0.0
chrX	35862855	0.0	RNA_siLuc	Pgrmc1	0.0
chrX	35862856	3.0	RNA_siLuc	Pgrmc1	0.1163432208783029
chrX	35862857	3.0	RNA_siLuc	Pgrmc1	0.1163432208783029
chrX	35862858	3.0	RNA_siLuc	Pgrmc1	0.1163432208783029
chrX	35862859	3.0	RNA_siLuc	Pgrmc1	0.1163432208783029
chrX	35862860	3.0	RNA_siLuc	Pgrmc1	0.1163432208783029
chrX	35862861	3.0	RNA_siLuc	Pgrmc1	0.1163432208783029
chrX	35862862	3.0	RNA_siLuc	Pgrmc1	0.1163432208783029
chrX	35862863	3.0	RNA_siLuc	Pgrmc1	0.1163432208783029
chrX	35862864	3.0	RNA_siLuc	Pgrmc1	0.1163432208783029
chrX	35862865	3.0	RNA_siLuc	Pgrmc1	0.1163432208783029
chrX	35862866	3.0	RNA_siLuc	Pgrmc1	0.1163432208783029
chrX	35862867	3.0	RNA_siLuc	Pgrmc1	0.1163432208783029
chrX	35862868	3.0	RNA_siLuc	Pgrmc1	0.1163432208783029
chrX	35862869	3.0	RNA_siLuc	Pgrmc1	0.1163432208783029
chrX	35862870	3.0	RNA_siLuc	Pgrmc1	0.1163432208783029
chrX	35862871	3.0	RNA_siLuc	Pgrmc1	0.1163432208783029
chrX	35862872	3.0	RNA_siLuc	Pgrmc1	0.1163432208783029
chrX	35862873	3.0	RNA_siLuc	Pgrmc1	0.1163432208783029
chrX	35862874	3.0	RNA_siLuc	Pgrmc1	0.1163432208783029
chrX	35862875	3.0	RNA_siLuc	Pgrmc1	0.1163432208783029
chrX	35862876	3.0	RNA_siLuc	Pgrmc1	0.1163432208783029
chrX	35862877	3.0	RNA_siLuc	Pgrmc1	0.1163432208783029
chrX	35862878	3.0	RNA_siLuc	Pgrmc1	0.1163432208783029
chrX	35862879	3.0	RNA_siLuc	Pgrmc1	0.1163432208783029
chrX	35862880	3.0	RNA_siLuc	Pgrmc1	0.1163432208783029
chrX	35862881	3.0	RNA_siLuc	Pgrmc1	0.1163432208783029
chrX	35862882	3.0	RNA_siLuc	Pgrmc1	0.1163432208783029
chrX	35862883	3.0	RNA_siLuc	Pgrmc1	0.1163432208783029
chrX	35862884	3.0	RNA_siLuc	Pgrmc1	0.1163432208783029
chrX	35862885	3.0	RNA_siLuc	Pgrmc1	0.1163432208783029
chrX	35862886	3.0	RNA_siLuc	Pgrmc1	0.1163432208783029
chrX	35862887	3.0	RNA_siLuc	Pgrmc1	0.1163432208783029
chrX	35862888	3.0	RNA_siLuc	Pgrmc1	0.1163432208783029
chrX	35862889	3.0	RNA_siLuc	Pgrmc1	0.1163432208783029
chrX	35862890	5.0	RNA_siLuc	Pgrmc1	0.19390536813050482
chrX	35862891	5.0	RNA_siLuc	Pgrmc1	0.19390536813050482
chrX	35862892	5.0	RNA_siLuc	Pgrmc1	0.19390536813050482
chrX	35862893	5.0	RNA_siLuc	Pgrmc1	0.19390536813050482
chrX	35862894	5.0	RNA_siLuc	Pgrmc1	0.19390536813050482
chrX	35862895	5.0	RNA_siLuc	Pgrmc1	0.19390536813050482
chrX	35862896	5.0	RNA_siLuc	Pgrmc1	0.19390536813050482
chrX	35862897	5.0	RNA_siLuc	Pgrmc1	0.19390536813050482
chrX	35862898	5.0	RNA_siLuc	Pgrmc1	0.19390536813050482
chrX	35862899	5.0	RNA_siLuc	Pgrmc1	0.19390536813050482
chrX	35862900	5.0	RNA_siLuc	Pgrmc1	0.19390536813050482
chrX	35862901	5.0	RNA_siLuc	Pgrmc1	0.19390536813050482
chrX	35862902	5.0	RNA_siLuc	Pgrmc1	0.19390536813050482
chrX	35862903	5.0	RNA_siLuc	Pgrmc1	0.19390536813050482
chrX	35862904	5.0	RNA_siLuc	Pgrmc1	0.19390536813050482
chrX	35862905	5.0	RNA_siLuc	Pgrmc1	0.19390536813050482
chrX	35862906	5.0	RNA_siLuc	Pgrmc1	0.19390536813050482
chrX	35862907	5.0	RNA_siLuc	Pgrmc1	0.19390536813050482
chrX	35862908	2.0	RNA_siLuc	Pgrmc1	0.07756214725220194
chrX	35862909	2.0	RNA_siLuc	Pgrmc1	0.07756214725220194
chrX	35862910	2.0	RNA_siLuc	Pgrmc1	0.07756214725220194
chrX	35862911	2.0	RNA_siLuc	Pgrmc1	0.07756214725220194
chrX	35862912	2.0	RNA_siLuc	Pgrmc1	0.07756214725220194
chrX	35862913	2.0	RNA_siLuc	Pgrmc1	0.07756214725220194
chrX	35862914	2.0	RNA_siLuc	Pgrmc1	0.07756214725220194
chrX	35862915	2.0	RNA_siLuc	Pgrmc1	0.07756214725220194
chrX	35862916	2.0	RNA_siLuc	Pgrmc1	0.07756214725220194
chrX	35862917	2.0	RNA_siLuc	Pgrmc1	0.07756214725220194
chrX	35862918	2.0	RNA_siLuc	Pgrmc1	0.07756214725220194
chrX	35862919	2.0	RNA_siLuc	Pgrmc1	0.07756214725220194
chrX	35862920	2.0	RNA_siLuc	Pgrmc1	0.07756214725220194
chrX	35862921	2.0	RNA_siLuc	Pgrmc1	0.07756214725220194
chrX	35862922	2.0	RNA_siLuc	Pgrmc1	0.07756214725220194
chrX	35862923	2.0	RNA_siLuc	Pgrmc1	0.07756214725220194
chrX	35862924	2.0	RNA_siLuc	Pgrmc1	0.07756214725220194
chrX	35862925	2.0	RNA_siLuc	Pgrmc1	0.07756214725220194
chrX	35862926	2.0	RNA_siLuc	Pgrmc1	0.07756214725220194
chrX	35862927	2.0	RNA_siLuc	Pgrmc1	0.07756214725220194
chrX	35862928	2.0	RNA_siLuc	Pgrmc1	0.07756214725220194
chrX	35862929	2.0	RNA_siLuc	Pgrmc1	0.07756214725220194
chrX	35862930	2.0	RNA_siLuc	Pgrmc1	0.07756214725220194
chrX	35862931	2.0	RNA_siLuc	Pgrmc1	0.07756214725220194
chrX	35862932	2.0	RNA_siLuc	Pgrmc1	0.07756214725220194
chrX	35862933	2.0	RNA_siLuc	Pgrmc1	0.07756214725220194
chrX	35862934	2.0	RNA_siLuc	Pgrmc1	0.07756214725220194
chrX	35862935	2.0	RNA_siLuc	Pgrmc1	0.07756214725220194
chrX	35862936	2.0	RNA_siLuc	Pgrmc1	0.07756214725220194
chrX	35862937	2.0	RNA_siLuc	Pgrmc1	0.07756214725220194
chrX	35862938	0.0	RNA_siLuc	Pgrmc1	0.0
chrX	35862939	0.0	RNA_siLuc	Pgrmc1	0.0
chrX	35862940	0.0	RNA_siLuc	Pgrmc1	0.0
chrX	35862941	0.0	RNA_siLuc	Pgrmc1	0.0
chrX	35862942	0.0	RNA_siLuc	Pgrmc1	0.0
chrX	35862943	0.0	RNA_siLuc	Pgrmc1	0.0
chrX	35862944	0.0	RNA_siLuc	Pgrmc1	0.0
chrX	35862945	0.0	RNA_siLuc	Pgrmc1	0.0
chrX	35862946	0.0	RNA_siLuc	Pgrmc1	0.0
chrX	35862947	0.0	RNA_siLuc	Pgrmc1	0.0
chrX	35862948	0.0	RNA_siLuc	Pgrmc1	0.0
chrX	35862949	0.0	RNA_siLuc	Pgrmc1	0.0
chrX	35862950	0.0	RNA_siLuc	Pgrmc1	0.0
chrX	35862951	0.0	RNA_siLuc	Pgrmc1	0.0
chrX	35862952	0.0	RNA_siLuc	Pgrmc1	0.0
chrX	35862953	0.0	RNA_siLuc	Pgrmc1	0.0
chrX	35862954	0.0	RNA_siLuc	Pgrmc1	0.0
chrX	35862955	0.0	RNA_siLuc	Pgrmc1	0.0
chrX	35862956	0.0	RNA_siLuc	Pgrmc1	0.0
chrX	35862957	0.0	RNA_siLuc	Pgrmc1	0.0
chrX	35862958	0.0	RNA_siLuc	Pgrmc1	0.0
chrX	35862959	0.0	RNA_siLuc	Pgrmc1	0.0
chrX	35862960	0.0	RNA_siLuc	Pgrmc1	0.0
chrX	35862961	0.0	RNA_siLuc	Pgrmc1	0.0
chrX	35862962	0.0	RNA_siLuc	Pgrmc1	0.0
chrX	35862963	0.0	RNA_siLuc	Pgrmc1	0.0
chrX	35862964	0.0	RNA_siLuc	Pgrmc1	0.0
chrX	35862965	0.0	RNA_siLuc	Pgrmc1	0.0
chrX	35862966	0.0	RNA_siLuc	Pgrmc1	0.0
chrX	35862967	0.0	RNA_siLuc	Pgrmc1	0.0
chrX	35862968	0.0	RNA_siLuc	Pgrmc1	0.0
chrX	35862969	0.0	RNA_siLuc	Pgrmc1	0.0
chrX	35862970	0.0	RNA_siLuc	Pgrmc1	0.0
chrX	35862971	0.0	RNA_siLuc	Pgrmc1	0.0
chrX	35862972	0.0	RNA_siLuc	Pgrmc1	0.0
chrX	35862973	0.0	RNA_siLuc	Pgrmc1	0.0
chrX	35862974	0.0	RNA_siLuc	Pgrmc1	0.0
chrX	35862975	0.0	RNA_siLuc	Pgrmc1	0.0
chrX	35862976	0.0	RNA_siLuc	Pgrmc1	0.0
chrX	35862977	0.0	RNA_siLuc	Pgrmc1	0.0
chrX	35862978	0.0	RNA_siLuc	Pgrmc1	0.0
chrX	35862979	0.0	RNA_siLuc	Pgrmc1	0.0
chrX	35862980	0.0	RNA_siLuc	Pgrmc1	0.0
chrX	35862981	0.0	RNA_siLuc	Pgrmc1	0.0
chrX	35862982	0.0	RNA_siLuc	Pgrmc1	0.0
chrX	35862983	0.0	RNA_siLuc	Pgrmc1	0.0
chrX	35862984	0.0	RNA_siLuc	Pgrmc1	0.0
chrX	35862985	0.0	RNA_siLuc	Pgrmc1	0.0
chrX	35862986	0.0	RNA_siLuc	Pgrmc1	0.0
chrX	35862987	0.0	RNA_siLuc	Pgrmc1	0.0
chrX	35862988	0.0	RNA_siLuc	Pgrmc1	0.0
chrX	35862989	0.0	RNA_siLuc	Pgrmc1	0.0
chrX	35862990	0.0	RNA_siLuc	Pgrmc1	0.0
chrX	35862991	0.0	RNA_siLuc	Pgrmc1	0.0
chrX	35862992	0.0	RNA_siLuc	Pgrmc1	0.0
chrX	35862993	0.0	RNA_siLuc	Pgrmc1	0.0
chrX	35862994	0.0	RNA_siLuc	Pgrmc1	0.0
chrX	35862995	0.0	RNA_siLuc	Pgrmc1	0.0
chrX	35862996	0.0	RNA_siLuc	Pgrmc1	0.0
chrX	35862997	0.0	RNA_siLuc	Pgrmc1	0.0
chrX	35862998	0.0	RNA_siLuc	Pgrmc1	0.0
chrX	35862999	0.0	RNA_siLuc	Pgrmc1	0.0
chrX	35863000	0.0	RNA_siLuc	Pgrmc1	0.0
chrX	35863001	0.0	RNA_siLuc	Pgrmc1	0.0
chrX	35863002	0.0	RNA_siLuc	Pgrmc1	0.0
chrX	35863003	0.0	RNA_siLuc	Pgrmc1	0.0
chrX	35863004	0.0	RNA_siLuc	Pgrmc1	0.0
chrX	35863005	0.0	RNA_siLuc	Pgrmc1	0.0
chrX	35863006	0.0	RNA_siLuc	Pgrmc1	0.0
chrX	35863007	0.0	RNA_siLuc	Pgrmc1	0.0
chrX	35863008	0.0	RNA_siLuc	Pgrmc1	0.0
chrX	35863009	0.0	RNA_siLuc	Pgrmc1	0.0
chrX	35863010	0.0	RNA_siLuc	Pgrmc1	0.0
chrX	35863011	0.0	RNA_siLuc	Pgrmc1	0.0
chrX	35863012	0.0	RNA_siLuc	Pgrmc1	0.0
chrX	35863013	0.0	RNA_siLuc	Pgrmc1	0.0
chrX	35863014	0.0	RNA_siLuc	Pgrmc1	0.0
chrX	35863015	0.0	RNA_siLuc	Pgrmc1	0.0
chrX	35863016	0.0	RNA_siLuc	Pgrmc1	0.0
chrX	35863017	0.0	RNA_siLuc	Pgrmc1	0.0
chrX	35863018	0.0	RNA_siLuc	Pgrmc1	0.0
chrX	35863019	0.0	RNA_siLuc	Pgrmc1	0.0
chrX	35863020	0.0	RNA_siLuc	Pgrmc1	0.0
chrX	35863021	0.0	RNA_siLuc	Pgrmc1	0.0
chrX	35863022	0.0	RNA_siLuc	Pgrmc1	0.0
chrX	35863023	0.0	RNA_siLuc	Pgrmc1	0.0
chrX	35863024	0.0	RNA_siLuc	Pgrmc1	0.0
chrX	35863025	0.0	RNA_siLuc	Pgrmc1	0.0
chrX	35863026	0.0	RNA_siLuc	Pgrmc1	0.0
chrX	35863027	0.0	RNA_siLuc	Pgrmc1	0.0
chrX	35863028	0.0	RNA_siLuc	Pgrmc1	0.0
chrX	35863029	0.0	RNA_siLuc	Pgrmc1	0.0
chrX	35863030	0.0	RNA_siLuc	Pgrmc1	0.0
chrX	35863031	0.0	RNA_siLuc	Pgrmc1	0.0
chrX	35863032	0.0	RNA_siLuc	Pgrmc1	0.0
chrX	35863033	0.0	RNA_siLuc	Pgrmc1	0.0
chrX	35863034	0.0	RNA_siLuc	Pgrmc1	0.0
chrX	35863035	0.0	RNA_siLuc	Pgrmc1	0.0
chrX	35863036	0.0	RNA_siLuc	Pgrmc1	0.0
chrX	35863037	0.0	RNA_siLuc	Pgrmc1	0.0
chrX	35863038	0.0	RNA_siLuc	Pgrmc1	0.0
chrX	35863039	0.0	RNA_siLuc	Pgrmc1	0.0
chrX	35863040	0.0	RNA_siLuc	Pgrmc1	0.0
chrX	35863041	0.0	RNA_siLuc	Pgrmc1	0.0
chrX	35863042	0.0	RNA_siLuc	Pgrmc1	0.0
chrX	35863043	0.0	RNA_siLuc	Pgrmc1	0.0
chrX	35863044	0.0	RNA_siLuc	Pgrmc1	0.0
chrX	35863045	0.0	RNA_siLuc	Pgrmc1	0.0
chrX	35863046	0.0	RNA_siLuc	Pgrmc1	0.0
chrX	35863047	0.0	RNA_siLuc	Pgrmc1	0.0
chrX	35863048	0.0	RNA_siLuc	Pgrmc1	0.0
chrX	35863049	0.0	RNA_siLuc	Pgrmc1	0.0
chrX	35863050	0.0	RNA_siLuc	Pgrmc1	0.0
chrX	35863051	0.0	RNA_siLuc	Pgrmc1	0.0
chrX	35863052	0.0	RNA_siLuc	Pgrmc1	0.0
chrX	35863053	0.0	RNA_siLuc	Pgrmc1	0.0
chrX	35863054	0.0	RNA_siLuc	Pgrmc1	0.0
chrX	35863055	0.0	RNA_siLuc	Pgrmc1	0.0
chrX	35863056	0.0	RNA_siLuc	Pgrmc1	0.0
chrX	35863057	0.0	RNA_siLuc	Pgrmc1	0.0
chrX	35863058	0.0	RNA_siLuc	Pgrmc1	0.0
chrX	35863059	0.0	RNA_siLuc	Pgrmc1	0.0
chrX	35863060	0.0	RNA_siLuc	Pgrmc1	0.0
chrX	35863061	0.0	RNA_siLuc	Pgrmc1	0.0
chrX	35863062	0.0	RNA_siLuc	Pgrmc1	0.0
chrX	35863063	0.0	RNA_siLuc	Pgrmc1	0.0
chrX	35863064	0.0	RNA_siLuc	Pgrmc1	0.0
chrX	35863065	0.0	RNA_siLuc	Pgrmc1	0.0
chrX	35863066	0.0	RNA_siLuc	Pgrmc1	0.0
chrX	35863067	0.0	RNA_siLuc	Pgrmc1	0.0
chrX	35863068	0.0	RNA_siLuc	Pgrmc1	0.0
chrX	35863069	0.0	RNA_siLuc	Pgrmc1	0.0
chrX	35863070	0.0	RNA_siLuc	Pgrmc1	0.0
chrX	35863071	0.0	RNA_siLuc	Pgrmc1	0.0
chrX	35863072	0.0	RNA_siLuc	Pgrmc1	0.0
chrX	35863073	0.0	RNA_siLuc	Pgrmc1	0.0
chrX	35863074	0.0	RNA_siLuc	Pgrmc1	0.0
chrX	35863075	0.0	RNA_siLuc	Pgrmc1	0.0
chrX	35863076	0.0	RNA_siLuc	Pgrmc1	0.0
chrX	35863077	0.0	RNA_siLuc	Pgrmc1	0.0
chrX	35863078	0.0	RNA_siLuc	Pgrmc1	0.0
chrX	35863079	0.0	RNA_siLuc	Pgrmc1	0.0
chrX	35863080	0.0	RNA_siLuc	Pgrmc1	0.0
chrX	35863081	0.0	RNA_siLuc	Pgrmc1	0.0
chrX	35863082	0.0	RNA_siLuc	Pgrmc1	0.0
chrX	35863083	0.0	RNA_siLuc	Pgrmc1	0.0
chrX	35863084	0.0	RNA_siLuc	Pgrmc1	0.0
chrX	35863085	0.0	RNA_siLuc	Pgrmc1	0.0
chrX	35863086	0.0	RNA_siLuc	Pgrmc1	0.0
chrX	35863087	0.0	RNA_siLuc	Pgrmc1	0.0
chrX	35863088	0.0	RNA_siLuc	Pgrmc1	0.0
chrX	35863089	0.0	RNA_siLuc	Pgrmc1	0.0
chrX	35863090	0.0	RNA_siLuc	Pgrmc1	0.0
chrX	35863091	0.0	RNA_siLuc	Pgrmc1	0.0
chrX	35863092	0.0	RNA_siLuc	Pgrmc1	0.0
chrX	35863093	0.0	RNA_siLuc	Pgrmc1	0.0
chrX	35863094	0.0	RNA_siLuc	Pgrmc1	0.0
chrX	35863095	0.0	RNA_siLuc	Pgrmc1	0.0
chrX	35863096	7.0	RNA_siLuc	Pgrmc1	0.27146751538270675
chrX	35863097	7.0	RNA_siLuc	Pgrmc1	0.27146751538270675
chrX	35863098	7.0	RNA_siLuc	Pgrmc1	0.27146751538270675
chrX	35863099	7.0	RNA_siLuc	Pgrmc1	0.27146751538270675
chrX	35863100	7.0	RNA_siLuc	Pgrmc1	0.27146751538270675
chrX	35863101	7.0	RNA_siLuc	Pgrmc1	0.27146751538270675
chrX	35863102	7.0	RNA_siLuc	Pgrmc1	0.27146751538270675
chrX	35863103	7.0	RNA_siLuc	Pgrmc1	0.27146751538270675
chrX	35863104	12.0	RNA_siLuc	Pgrmc1	0.4653728835132116
chrX	35863105	12.0	RNA_siLuc	Pgrmc1	0.4653728835132116
chrX	35863106	12.0	RNA_siLuc	Pgrmc1	0.4653728835132116
chrX	35863107	12.0	RNA_siLuc	Pgrmc1	0.4653728835132116
chrX	35863108	12.0	RNA_siLuc	Pgrmc1	0.4653728835132116
chrX	35863109	12.0	RNA_siLuc	Pgrmc1	0.4653728835132116
chrX	35863110	12.0	RNA_siLuc	Pgrmc1	0.4653728835132116
chrX	35863111	12.0	RNA_siLuc	Pgrmc1	0.4653728835132116
chrX	35863112	12.0	RNA_siLuc	Pgrmc1	0.4653728835132116
chrX	35863113	12.0	RNA_siLuc	Pgrmc1	0.4653728835132116
chrX	35863114	12.0	RNA_siLuc	Pgrmc1	0.4653728835132116
chrX	35863115	12.0	RNA_siLuc	Pgrmc1	0.4653728835132116
chrX	35863116	12.0	RNA_siLuc	Pgrmc1	0.4653728835132116
chrX	35863117	12.0	RNA_siLuc	Pgrmc1	0.4653728835132116
chrX	35863118	12.0	RNA_siLuc	Pgrmc1	0.4653728835132116
chrX	35863119	12.0	RNA_siLuc	Pgrmc1	0.4653728835132116
chrX	35863120	12.0	RNA_siLuc	Pgrmc1	0.4653728835132116
chrX	35863121	12.0	RNA_siLuc	Pgrmc1	0.4653728835132116
chrX	35863122	12.0	RNA_siLuc	Pgrmc1	0.4653728835132116
chrX	35863123	12.0	RNA_siLuc	Pgrmc1	0.4653728835132116
chrX	35863124	12.0	RNA_siLuc	Pgrmc1	0.4653728835132116
chrX	35863125	12.0	RNA_siLuc	Pgrmc1	0.4653728835132116
chrX	35863126	12.0	RNA_siLuc	Pgrmc1	0.4653728835132116
chrX	35863127	12.0	RNA_siLuc	Pgrmc1	0.4653728835132116
chrX	35863128	12.0	RNA_siLuc	Pgrmc1	0.4653728835132116
chrX	35863129	12.0	RNA_siLuc	Pgrmc1	0.4653728835132116
chrX	35863130	12.0	RNA_siLuc	Pgrmc1	0.4653728835132116
chrX	35863131	12.0	RNA_siLuc	Pgrmc1	0.4653728835132116
chrX	35863132	12.0	RNA_siLuc	Pgrmc1	0.4653728835132116
chrX	35863133	12.0	RNA_siLuc	Pgrmc1	0.4653728835132116
chrX	35863134	12.0	RNA_siLuc	Pgrmc1	0.4653728835132116
chrX	35863135	12.0	RNA_siLuc	Pgrmc1	0.4653728835132116
chrX	35863136	12.0	RNA_siLuc	Pgrmc1	0.4653728835132116
chrX	35863137	12.0	RNA_siLuc	Pgrmc1	0.4653728835132116
chrX	35863138	12.0	RNA_siLuc	Pgrmc1	0.4653728835132116
chrX	35863139	12.0	RNA_siLuc	Pgrmc1	0.4653728835132116
chrX	35863140	12.0	RNA_siLuc	Pgrmc1	0.4653728835132116
chrX	35863141	0.0	RNA_siLuc	Pgrmc1	0.0
chrX	35863142	0.0	RNA_siLuc	Pgrmc1	0.0
chrX	35863143	0.0	RNA_siLuc	Pgrmc1	0.0
chrX	35863144	0.0	RNA_siLuc	Pgrmc1	0.0
chrX	35863145	0.0	RNA_siLuc	Pgrmc1	0.0
chrX	35863146	0.0	RNA_siLuc	Pgrmc1	0.0
chrX	35863147	0.0	RNA_siLuc	Pgrmc1	0.0
chrX	35863148	0.0	RNA_siLuc	Pgrmc1	0.0
chrX	35863149	0.0	RNA_siLuc	Pgrmc1	0.0
chrX	35863150	0.0	RNA_siLuc	Pgrmc1	0.0
chrX	35863151	0.0	RNA_siLuc	Pgrmc1	0.0
chrX	35863152	0.0	RNA_siLuc	Pgrmc1	0.0
chrX	35863153	0.0	RNA_siLuc	Pgrmc1	0.0
chrX	35863154	0.0	RNA_siLuc	Pgrmc1	0.0
chrX	35863155	0.0	RNA_siLuc	Pgrmc1	0.0
chrX	35863156	0.0	RNA_siLuc	Pgrmc1	0.0
chrX	35863157	0.0	RNA_siLuc	Pgrmc1	0.0
chrX	35863158	0.0	RNA_siLuc	Pgrmc1	0.0
chrX	35863159	0.0	RNA_siLuc	Pgrmc1	0.0
chrX	35863160	0.0	RNA_siLuc	Pgrmc1	0.0
chrX	35863161	0.0	RNA_siLuc	Pgrmc1	0.0
chrX	35863162	0.0	RNA_siLuc	Pgrmc1	0.0
chrX	35863163	0.0	RNA_siLuc	Pgrmc1	0.0
chrX	35863164	0.0	RNA_siLuc	Pgrmc1	0.0
chrX	35863165	0.0	RNA_siLuc	Pgrmc1	0.0
chrX	35863166	0.0	RNA_siLuc	Pgrmc1	0.0
chrX	35863167	0.0	RNA_siLuc	Pgrmc1	0.0
chrX	35863168	0.0	RNA_siLuc	Pgrmc1	0.0
chrX	35863169	0.0	RNA_siLuc	Pgrmc1	0.0
chrX	35863170	0.0	RNA_siLuc	Pgrmc1	0.0
chrX	35863171	0.0	RNA_siLuc	Pgrmc1	0.0
chrX	35863172	0.0	RNA_siLuc	Pgrmc1	0.0
chrX	35863173	0.0	RNA_siLuc	Pgrmc1	0.0
chrX	35863174	0.0	RNA_siLuc	Pgrmc1	0.0
chrX	35863175	0.0	RNA_siLuc	Pgrmc1	0.0
chrX	35863176	0.0	RNA_siLuc	Pgrmc1	0.0
chrX	35863177	0.0	RNA_siLuc	Pgrmc1	0.0
chrX	35863178	0.0	RNA_siLuc	Pgrmc1	0.0
chrX	35863179	0.0	RNA_siLuc	Pgrmc1	0.0
chrX	35863180	0.0	RNA_siLuc	Pgrmc1	0.0
chrX	35863181	0.0	RNA_siLuc	Pgrmc1	0.0
chrX	35863182	0.0	RNA_siLuc	Pgrmc1	0.0
chrX	35863183	0.0	RNA_siLuc	Pgrmc1	0.0
chrX	35863184	0.0	RNA_siLuc	Pgrmc1	0.0
chrX	35863185	0.0	RNA_siLuc	Pgrmc1	0.0
chrX	35863186	0.0	RNA_siLuc	Pgrmc1	0.0
chrX	35863187	0.0	RNA_siLuc	Pgrmc1	0.0
chrX	35863188	0.0	RNA_siLuc	Pgrmc1	0.0
chrX	35863189	0.0	RNA_siLuc	Pgrmc1	0.0
chrX	35863190	0.0	RNA_siLuc	Pgrmc1	0.0
chrX	35863191	0.0	RNA_siLuc	Pgrmc1	0.0
chrX	35863192	0.0	RNA_siLuc	Pgrmc1	0.0
chrX	35863193	0.0	RNA_siLuc	Pgrmc1	0.0
chrX	35863194	0.0	RNA_siLuc	Pgrmc1	0.0
chrX	35863195	0.0	RNA_siLuc	Pgrmc1	0.0
chrX	35863196	0.0	RNA_siLuc	Pgrmc1	0.0
chrX	35863197	0.0	RNA_siLuc	Pgrmc1	0.0
chrX	35863198	0.0	RNA_siLuc	Pgrmc1	0.0
chrX	35863199	0.0	RNA_siLuc	Pgrmc1	0.0
chrX	35863200	0.0	RNA_siLuc	Pgrmc1	0.0
chrX	35863201	0.0	RNA_siLuc	Pgrmc1	0.0
chrX	35863202	0.0	RNA_siLuc	Pgrmc1	0.0
chrX	35863203	0.0	RNA_siLuc	Pgrmc1	0.0
chrX	35863204	0.0	RNA_siLuc	Pgrmc1	0.0
chrX	35863205	0.0	RNA_siLuc	Pgrmc1	0.0
chrX	35863206	0.0	RNA_siLuc	Pgrmc1	0.0
chrX	35863207	0.0	RNA_siLuc	Pgrmc1	0.0
chrX	35863208	0.0	RNA_siLuc	Pgrmc1	0.0
chrX	35863209	0.0	RNA_siLuc	Pgrmc1	0.0
chrX	35863210	0.0	RNA_siLuc	Pgrmc1	0.0
chrX	35863211	0.0	RNA_siLuc	Pgrmc1	0.0
chrX	35863212	0.0	RNA_siLuc	Pgrmc1	0.0
chrX	35863213	0.0	RNA_siLuc	Pgrmc1	0.0
chrX	35863214	0.0	RNA_siLuc	Pgrmc1	0.0
chrX	35863215	0.0	RNA_siLuc	Pgrmc1	0.0
chrX	35863216	0.0	RNA_siLuc	Pgrmc1	0.0
chrX	35863217	0.0	RNA_siLuc	Pgrmc1	0.0
chrX	35863218	0.0	RNA_siLuc	Pgrmc1	0.0
chrX	35863219	0.0	RNA_siLuc	Pgrmc1	0.0
chrX	35863220	0.0	RNA_siLuc	Pgrmc1	0.0
chrX	35863221	0.0	RNA_siLuc	Pgrmc1	0.0
chrX	35863222	0.0	RNA_siLuc	Pgrmc1	0.0
chrX	35863223	0.0	RNA_siLuc	Pgrmc1	0.0
chrX	35863224	0.0	RNA_siLuc	Pgrmc1	0.0
chrX	35863225	0.0	RNA_siLuc	Pgrmc1	0.0
chrX	35863226	0.0	RNA_siLuc	Pgrmc1	0.0
chrX	35863227	0.0	RNA_siLuc	Pgrmc1	0.0
chrX	35863228	0.0	RNA_siLuc	Pgrmc1	0.0
chrX	35863229	0.0	RNA_siLuc	Pgrmc1	0.0
chrX	35863230	0.0	RNA_siLuc	Pgrmc1	0.0
chrX	35863231	0.0	RNA_siLuc	Pgrmc1	0.0
chrX	35863232	0.0	RNA_siLuc	Pgrmc1	0.0
chrX	35863233	0.0	RNA_siLuc	Pgrmc1	0.0
chrX	35863234	0.0	RNA_siLuc	Pgrmc1	0.0
chrX	35863235	0.0	RNA_siLuc	Pgrmc1	0.0
chrX	35863236	0.0	RNA_siLuc	Pgrmc1	0.0
chrX	35863237	0.0	RNA_siLuc	Pgrmc1	0.0
chrX	35863238	0.0	RNA_siLuc	Pgrmc1	0.0
chrX	35863239	0.0	RNA_siLuc	Pgrmc1	0.0
chrX	35863240	0.0	RNA_siLuc	Pgrmc1	0.0
chrX	35863241	0.0	RNA_siLuc	Pgrmc1	0.0
chrX	35863242	0.0	RNA_siLuc	Pgrmc1	0.0
chrX	35863243	0.0	RNA_siLuc	Pgrmc1	0.0
chrX	35863244	0.0	RNA_siLuc	Pgrmc1	0.0
chrX	35863245	0.0	RNA_siLuc	Pgrmc1	0.0
chrX	35863246	0.0	RNA_siLuc	Pgrmc1	0.0
chrX	35863247	0.0	RNA_siLuc	Pgrmc1	0.0
chrX	35863248	0.0	RNA_siLuc	Pgrmc1	0.0
chrX	35863249	0.0	RNA_siLuc	Pgrmc1	0.0
chrX	35863250	0.0	RNA_siLuc	Pgrmc1	0.0
chrX	35863251	0.0	RNA_siLuc	Pgrmc1	0.0
chrX	35863252	0.0	RNA_siLuc	Pgrmc1	0.0
chrX	35863253	0.0	RNA_siLuc	Pgrmc1	0.0
chrX	35863254	0.0	RNA_siLuc	Pgrmc1	0.0
chrX	35863255	0.0	RNA_siLuc	Pgrmc1	0.0
chrX	35863256	0.0	RNA_siLuc	Pgrmc1	0.0
chrX	35863257	0.0	RNA_siLuc	Pgrmc1	0.0
chrX	35863258	0.0	RNA_siLuc	Pgrmc1	0.0
chrX	35863259	0.0	RNA_siLuc	Pgrmc1	0.0
chrX	35863260	0.0	RNA_siLuc	Pgrmc1	0.0
chrX	35863261	0.0	RNA_siLuc	Pgrmc1	0.0
chrX	35863262	0.0	RNA_siLuc	Pgrmc1	0.0
chrX	35863263	0.0	RNA_siLuc	Pgrmc1	0.0
chrX	35863264	0.0	RNA_siLuc	Pgrmc1	0.0
chrX	35863265	0.0	RNA_siLuc	Pgrmc1	0.0
chrX	35863266	0.0	RNA_siLuc	Pgrmc1	0.0
chrX	35863267	0.0	RNA_siLuc	Pgrmc1	0.0
chrX	35863268	0.0	RNA_siLuc	Pgrmc1	0.0
chrX	35863269	0.0	RNA_siLuc	Pgrmc1	0.0
chrX	35863270	0.0	RNA_siLuc	Pgrmc1	0.0
chrX	35863271	0.0	RNA_siLuc	Pgrmc1	0.0
chrX	35863272	0.0	RNA_siLuc	Pgrmc1	0.0
chrX	35863273	0.0	RNA_siLuc	Pgrmc1	0.0
chrX	35863274	0.0	RNA_siLuc	Pgrmc1	0.0
chrX	35863275	0.0	RNA_siLuc	Pgrmc1	0.0
chrX	35863276	0.0	RNA_siLuc	Pgrmc1	0.0
chrX	35863277	0.0	RNA_siLuc	Pgrmc1	0.0
chrX	35863278	0.0	RNA_siLuc	Pgrmc1	0.0
chrX	35863279	0.0	RNA_siLuc	Pgrmc1	0.0
chrX	35863280	0.0	RNA_siLuc	Pgrmc1	0.0
chrX	35863281	0.0	RNA_siLuc	Pgrmc1	0.0
chrX	35863282	0.0	RNA_siLuc	Pgrmc1	0.0
chrX	35863283	0.0	RNA_siLuc	Pgrmc1	0.0
chrX	35863284	0.0	RNA_siLuc	Pgrmc1	0.0
chrX	35863285	0.0	RNA_siLuc	Pgrmc1	0.0
chrX	35863286	0.0	RNA_siLuc	Pgrmc1	0.0
chrX	35863287	0.0	RNA_siLuc	Pgrmc1	0.0
chrX	35863288	2.0	RNA_siLuc	Pgrmc1	0.07756214725220194
chrX	35863289	2.0	RNA_siLuc	Pgrmc1	0.07756214725220194
chrX	35863290	2.0	RNA_siLuc	Pgrmc1	0.07756214725220194
chrX	35863291	2.0	RNA_siLuc	Pgrmc1	0.07756214725220194
chrX	35863292	2.0	RNA_siLuc	Pgrmc1	0.07756214725220194
chrX	35863293	2.0	RNA_siLuc	Pgrmc1	0.07756214725220194
chrX	35863294	2.0	RNA_siLuc	Pgrmc1	0.07756214725220194
chrX	35863295	2.0	RNA_siLuc	Pgrmc1	0.07756214725220194
chrX	35863296	2.0	RNA_siLuc	Pgrmc1	0.07756214725220194
chrX	35863297	2.0	RNA_siLuc	Pgrmc1	0.07756214725220194
chrX	35863298	2.0	RNA_siLuc	Pgrmc1	0.07756214725220194
chrX	35863299	2.0	RNA_siLuc	Pgrmc1	0.07756214725220194
chrX	35863300	2.0	RNA_siLuc	Pgrmc1	0.07756214725220194
chrX	35863301	2.0	RNA_siLuc	Pgrmc1	0.07756214725220194
chrX	35863302	2.0	RNA_siLuc	Pgrmc1	0.07756214725220194
chrX	35863303	2.0	RNA_siLuc	Pgrmc1	0.07756214725220194
chrX	35863304	2.0	RNA_siLuc	Pgrmc1	0.07756214725220194
chrX	35863305	2.0	RNA_siLuc	Pgrmc1	0.07756214725220194
chrX	35863306	2.0	RNA_siLuc	Pgrmc1	0.07756214725220194
chrX	35863307	2.0	RNA_siLuc	Pgrmc1	0.07756214725220194
chrX	35863308	2.0	RNA_siLuc	Pgrmc1	0.07756214725220194
chrX	35863309	2.0	RNA_siLuc	Pgrmc1	0.07756214725220194
chrX	35863310	2.0	RNA_siLuc	Pgrmc1	0.07756214725220194
chrX	35863311	2.0	RNA_siLuc	Pgrmc1	0.07756214725220194
chrX	35863312	2.0	RNA_siLuc	Pgrmc1	0.07756214725220194
chrX	35863313	2.0	RNA_siLuc	Pgrmc1	0.07756214725220194
chrX	35863314	2.0	RNA_siLuc	Pgrmc1	0.07756214725220194
chrX	35863315	2.0	RNA_siLuc	Pgrmc1	0.07756214725220194
chrX	35863316	2.0	RNA_siLuc	Pgrmc1	0.07756214725220194
chrX	35863317	2.0	RNA_siLuc	Pgrmc1	0.07756214725220194
chrX	35863318	2.0	RNA_siLuc	Pgrmc1	0.07756214725220194
chrX	35863319	2.0	RNA_siLuc	Pgrmc1	0.07756214725220194
chrX	35863320	2.0	RNA_siLuc	Pgrmc1	0.07756214725220194
chrX	35863321	2.0	RNA_siLuc	Pgrmc1	0.07756214725220194
chrX	35863322	2.0	RNA_siLuc	Pgrmc1	0.07756214725220194
chrX	35863323	2.0	RNA_siLuc	Pgrmc1	0.07756214725220194
chrX	35863324	0.0	RNA_siLuc	Pgrmc1	0.0
chrX	35863325	0.0	RNA_siLuc	Pgrmc1	0.0
chrX	35863326	0.0	RNA_siLuc	Pgrmc1	0.0
chrX	35863327	0.0	RNA_siLuc	Pgrmc1	0.0
chrX	35863328	0.0	RNA_siLuc	Pgrmc1	0.0
chrX	35863329	0.0	RNA_siLuc	Pgrmc1	0.0
chrX	35863330	0.0	RNA_siLuc	Pgrmc1	0.0
chrX	35863331	0.0	RNA_siLuc	Pgrmc1	0.0
chrX	35863332	0.0	RNA_siLuc	Pgrmc1	0.0
chrX	35863333	0.0	RNA_siLuc	Pgrmc1	0.0
chrX	35863334	0.0	RNA_siLuc	Pgrmc1	0.0
chrX	35863335	0.0	RNA_siLuc	Pgrmc1	0.0
chrX	35863336	0.0	RNA_siLuc	Pgrmc1	0.0
chrX	35863337	0.0	RNA_siLuc	Pgrmc1	0.0
chrX	35863338	0.0	RNA_siLuc	Pgrmc1	0.0
chrX	35863339	0.0	RNA_siLuc	Pgrmc1	0.0
chrX	35863340	0.0	RNA_siLuc	Pgrmc1	0.0
chrX	35863341	0.0	RNA_siLuc	Pgrmc1	0.0
chrX	35863342	0.0	RNA_siLuc	Pgrmc1	0.0
chrX	35863343	0.0	RNA_siLuc	Pgrmc1	0.0
chrX	35863344	0.0	RNA_siLuc	Pgrmc1	0.0
chrX	35863345	0.0	RNA_siLuc	Pgrmc1	0.0
chrX	35863346	0.0	RNA_siLuc	Pgrmc1	0.0
chrX	35863347	0.0	RNA_siLuc	Pgrmc1	0.0
chrX	35863348	0.0	RNA_siLuc	Pgrmc1	0.0
chrX	35863349	0.0	RNA_siLuc	Pgrmc1	0.0
chrX	35863350	0.0	RNA_siLuc	Pgrmc1	0.0
chrX	35863351	0.0	RNA_siLuc	Pgrmc1	0.0
chrX	35863352	0.0	RNA_siLuc	Pgrmc1	0.0
chrX	35863353	0.0	RNA_siLuc	Pgrmc1	0.0
chrX	35863354	0.0	RNA_siLuc	Pgrmc1	0.0
chrX	35863355	0.0	RNA_siLuc	Pgrmc1	0.0
chrX	35863356	0.0	RNA_siLuc	Pgrmc1	0.0
chrX	35863357	0.0	RNA_siLuc	Pgrmc1	0.0
chrX	35863358	0.0	RNA_siLuc	Pgrmc1	0.0
chrX	35863359	0.0	RNA_siLuc	Pgrmc1	0.0
chrX	35863360	0.0	RNA_siLuc	Pgrmc1	0.0
chrX	35863361	0.0	RNA_siLuc	Pgrmc1	0.0
chrX	35863362	0.0	RNA_siLuc	Pgrmc1	0.0
chrX	35863363	0.0	RNA_siLuc	Pgrmc1	0.0
chrX	35863364	0.0	RNA_siLuc	Pgrmc1	0.0
chrX	35863365	0.0	RNA_siLuc	Pgrmc1	0.0
chrX	35863366	0.0	RNA_siLuc	Pgrmc1	0.0
chrX	35863367	0.0	RNA_siLuc	Pgrmc1	0.0
chrX	35863368	0.0	RNA_siLuc	Pgrmc1	0.0
chrX	35863369	0.0	RNA_siLuc	Pgrmc1	0.0
chrX	35863370	0.0	RNA_siLuc	Pgrmc1	0.0
chrX	35863371	0.0	RNA_siLuc	Pgrmc1	0.0
chrX	35863372	0.0	RNA_siLuc	Pgrmc1	0.0
chrX	35863373	0.0	RNA_siLuc	Pgrmc1	0.0
chrX	35863374	0.0	RNA_siLuc	Pgrmc1	0.0
chrX	35863375	0.0	RNA_siLuc	Pgrmc1	0.0
chrX	35863376	0.0	RNA_siLuc	Pgrmc1	0.0
chrX	35863377	0.0	RNA_siLuc	Pgrmc1	0.0
chrX	35863378	0.0	RNA_siLuc	Pgrmc1	0.0
chrX	35863379	0.0	RNA_siLuc	Pgrmc1	0.0
chrX	35863380	0.0	RNA_siLuc	Pgrmc1	0.0
chrX	35863381	0.0	RNA_siLuc	Pgrmc1	0.0
chrX	35863382	0.0	RNA_siLuc	Pgrmc1	0.0
chrX	35863383	0.0	RNA_siLuc	Pgrmc1	0.0
chrX	35863384	0.0	RNA_siLuc	Pgrmc1	0.0
chrX	35863385	0.0	RNA_siLuc	Pgrmc1	0.0
chrX	35863386	0.0	RNA_siLuc	Pgrmc1	0.0
chrX	35863387	0.0	RNA_siLuc	Pgrmc1	0.0
chrX	35863388	0.0	RNA_siLuc	Pgrmc1	0.0
chrX	35863389	0.0	RNA_siLuc	Pgrmc1	0.0
chrX	35863390	0.0	RNA_siLuc	Pgrmc1	0.0
chrX	35863391	0.0	RNA_siLuc	Pgrmc1	0.0
chrX	35863392	0.0	RNA_siLuc	Pgrmc1	0.0
chrX	35863393	0.0	RNA_siLuc	Pgrmc1	0.0
chrX	35863394	0.0	RNA_siLuc	Pgrmc1	0.0
chrX	35863395	0.0	RNA_siLuc	Pgrmc1	0.0
chrX	35863396	0.0	RNA_siLuc	Pgrmc1	0.0
chrX	35863397	0.0	RNA_siLuc	Pgrmc1	0.0
chrX	35863398	0.0	RNA_siLuc	Pgrmc1	0.0
chrX	35863399	0.0	RNA_siLuc	Pgrmc1	0.0
chrX	35863400	0.0	RNA_siLuc	Pgrmc1	0.0
chrX	35863401	0.0	RNA_siLuc	Pgrmc1	0.0
chrX	35863402	0.0	RNA_siLuc	Pgrmc1	0.0
chrX	35863403	0.0	RNA_siLuc	Pgrmc1	0.0
chrX	35863404	0.0	RNA_siLuc	Pgrmc1	0.0
chrX	35863405	0.0	RNA_siLuc	Pgrmc1	0.0
chrX	35863406	0.0	RNA_siLuc	Pgrmc1	0.0
chrX	35863407	0.0	RNA_siLuc	Pgrmc1	0.0
chrX	35863408	0.0	RNA_siLuc	Pgrmc1	0.0
chrX	35863409	0.0	RNA_siLuc	Pgrmc1	0.0
chrX	35863410	0.0	RNA_siLuc	Pgrmc1	0.0
chrX	35863411	0.0	RNA_siLuc	Pgrmc1	0.0
chrX	35863412	0.0	RNA_siLuc	Pgrmc1	0.0
chrX	35863413	0.0	RNA_siLuc	Pgrmc1	0.0
chrX	35863414	0.0	RNA_siLuc	Pgrmc1	0.0
chrX	35863415	0.0	RNA_siLuc	Pgrmc1	0.0
chrX	35863416	0.0	RNA_siLuc	Pgrmc1	0.0
chrX	35863417	0.0	RNA_siLuc	Pgrmc1	0.0
chrX	35863418	0.0	RNA_siLuc	Pgrmc1	0.0
chrX	35863419	0.0	RNA_siLuc	Pgrmc1	0.0
chrX	35863420	0.0	RNA_siLuc	Pgrmc1	0.0
chrX	35863421	0.0	RNA_siLuc	Pgrmc1	0.0
chrX	35863422	0.0	RNA_siLuc	Pgrmc1	0.0
chrX	35863423	0.0	RNA_siLuc	Pgrmc1	0.0
chrX	35863424	0.0	RNA_siLuc	Pgrmc1	0.0
chrX	35863425	0.0	RNA_siLuc	Pgrmc1	0.0
chrX	35863426	0.0	RNA_siLuc	Pgrmc1	0.0
chrX	35863427	0.0	RNA_siLuc	Pgrmc1	0.0
chrX	35863428	0.0	RNA_siLuc	Pgrmc1	0.0
chrX	35863429	0.0	RNA_siLuc	Pgrmc1	0.0
chrX	35863430	0.0	RNA_siLuc	Pgrmc1	0.0
chrX	35863431	0.0	RNA_siLuc	Pgrmc1	0.0
chrX	35863432	0.0	RNA_siLuc	Pgrmc1	0.0
chrX	35863433	0.0	RNA_siLuc	Pgrmc1	0.0
chrX	35863434	0.0	RNA_siLuc	Pgrmc1	0.0
chrX	35863435	0.0	RNA_siLuc	Pgrmc1	0.0
chrX	35863436	0.0	RNA_siLuc	Pgrmc1	0.0
chrX	35863437	0.0	RNA_siLuc	Pgrmc1	0.0
chrX	35863438	0.0	RNA_siLuc	Pgrmc1	0.0
chrX	35863439	0.0	RNA_siLuc	Pgrmc1	0.0
chrX	35863440	0.0	RNA_siLuc	Pgrmc1	0.0
chrX	35863441	0.0	RNA_siLuc	Pgrmc1	0.0
chrX	35863442	0.0	RNA_siLuc	Pgrmc1	0.0
chrX	35863443	0.0	RNA_siLuc	Pgrmc1	0.0
chrX	35863444	0.0	RNA_siLuc	Pgrmc1	0.0
chrX	35863445	0.0	RNA_siLuc	Pgrmc1	0.0
chrX	35863446	0.0	RNA_siLuc	Pgrmc1	0.0
chrX	35863447	0.0	RNA_siLuc	Pgrmc1	0.0
chrX	35863448	0.0	RNA_siLuc	Pgrmc1	0.0
chrX	35863449	0.0	RNA_siLuc	Pgrmc1	0.0
chrX	35863450	0.0	RNA_siLuc	Pgrmc1	0.0
chrX	35863451	0.0	RNA_siLuc	Pgrmc1	0.0
chrX	35863452	0.0	RNA_siLuc	Pgrmc1	0.0
chrX	35863453	0.0	RNA_siLuc	Pgrmc1	0.0
chrX	35863454	0.0	RNA_siLuc	Pgrmc1	0.0
chrX	35863455	0.0	RNA_siLuc	Pgrmc1	0.0
chrX	35863456	0.0	RNA_siLuc	Pgrmc1	0.0
chrX	35863457	0.0	RNA_siLuc	Pgrmc1	0.0
chrX	35863458	0.0	RNA_siLuc	Pgrmc1	0.0
chrX	35863459	0.0	RNA_siLuc	Pgrmc1	0.0
chrX	35863460	0.0	RNA_siLuc	Pgrmc1	0.0
chrX	35863461	0.0	RNA_siLuc	Pgrmc1	0.0
chrX	35863462	0.0	RNA_siLuc	Pgrmc1	0.0
chrX	35863463	0.0	RNA_siLuc	Pgrmc1	0.0
chrX	35863464	0.0	RNA_siLuc	Pgrmc1	0.0
chrX	35863465	0.0	RNA_siLuc	Pgrmc1	0.0
chrX	35863466	0.0	RNA_siLuc	Pgrmc1	0.0
chrX	35863467	0.0	RNA_siLuc	Pgrmc1	0.0
chrX	35863468	0.0	RNA_siLuc	Pgrmc1	0.0
chrX	35863469	0.0	RNA_siLuc	Pgrmc1	0.0
chrX	35863470	0.0	RNA_siLuc	Pgrmc1	0.0
chrX	35863471	0.0	RNA_siLuc	Pgrmc1	0.0
chrX	35863472	0.0	RNA_siLuc	Pgrmc1	0.0
chrX	35863473	0.0	RNA_siLuc	Pgrmc1	0.0
chrX	35863474	0.0	RNA_siLuc	Pgrmc1	0.0
chrX	35863475	0.0	RNA_siLuc	Pgrmc1	0.0
chrX	35863476	0.0	RNA_siLuc	Pgrmc1	0.0
chrX	35863477	0.0	RNA_siLuc	Pgrmc1	0.0
chrX	35863478	0.0	RNA_siLuc	Pgrmc1	0.0
chrX	35863479	0.0	RNA_siLuc	Pgrmc1	0.0
chrX	35863480	0.0	RNA_siLuc	Pgrmc1	0.0
chrX	35863481	0.0	RNA_siLuc	Pgrmc1	0.0
chrX	35863482	0.0	RNA_siLuc	Pgrmc1	0.0
chrX	35863483	0.0	RNA_siLuc	Pgrmc1	0.0
chrX	35863484	0.0	RNA_siLuc	Pgrmc1	0.0
chrX	35863485	0.0	RNA_siLuc	Pgrmc1	0.0
chrX	35863486	0.0	RNA_siLuc	Pgrmc1	0.0
chrX	35863487	0.0	RNA_siLuc	Pgrmc1	0.0
chrX	35863488	0.0	RNA_siLuc	Pgrmc1	0.0
chrX	35863489	0.0	RNA_siLuc	Pgrmc1	0.0
chrX	35863490	0.0	RNA_siLuc	Pgrmc1	0.0
chrX	35863491	0.0	RNA_siLuc	Pgrmc1	0.0
chrX	35863492	0.0	RNA_siLuc	Pgrmc1	0.0
chrX	35863493	0.0	RNA_siLuc	Pgrmc1	0.0
chrX	35863494	0.0	RNA_siLuc	Pgrmc1	0.0
chrX	35863495	0.0	RNA_siLuc	Pgrmc1	0.0
chrX	35863496	0.0	RNA_siLuc	Pgrmc1	0.0
chrX	35863497	0.0	RNA_siLuc	Pgrmc1	0.0
chrX	35863498	0.0	RNA_siLuc	Pgrmc1	0.0
chrX	35863499	0.0	RNA_siLuc	Pgrmc1	0.0
chrX	35863500	0.0	RNA_siLuc	Pgrmc1	0.0
chrX	35863501	0.0	RNA_siLuc	Pgrmc1	0.0
chrX	35863502	0.0	RNA_siLuc	Pgrmc1	0.0
chrX	35863503	0.0	RNA_siLuc	Pgrmc1	0.0
chrX	35863504	0.0	RNA_siLuc	Pgrmc1	0.0
chrX	35863505	0.0	RNA_siLuc	Pgrmc1	0.0
chrX	35863506	0.0	RNA_siLuc	Pgrmc1	0.0
chrX	35863507	0.0	RNA_siLuc	Pgrmc1	0.0
chrX	35863508	0.0	RNA_siLuc	Pgrmc1	0.0
chrX	35863509	0.0	RNA_siLuc	Pgrmc1	0.0
chrX	35863510	0.0	RNA_siLuc	Pgrmc1	0.0
chrX	35863511	0.0	RNA_siLuc	Pgrmc1	0.0
chrX	35863512	0.0	RNA_siLuc	Pgrmc1	0.0
chrX	35863513	0.0	RNA_siLuc	Pgrmc1	0.0
chrX	35863514	0.0	RNA_siLuc	Pgrmc1	0.0
chrX	35863515	0.0	RNA_siLuc	Pgrmc1	0.0
chrX	35863516	0.0	RNA_siLuc	Pgrmc1	0.0
chrX	35863517	0.0	RNA_siLuc	Pgrmc1	0.0
chrX	35863518	0.0	RNA_siLuc	Pgrmc1	0.0
chrX	35863519	0.0	RNA_siLuc	Pgrmc1	0.0
chrX	35863520	0.0	RNA_siLuc	Pgrmc1	0.0
chrX	35863521	0.0	RNA_siLuc	Pgrmc1	0.0
chrX	35863522	0.0	RNA_siLuc	Pgrmc1	0.0
chrX	35863523	0.0	RNA_siLuc	Pgrmc1	0.0
chrX	35863524	0.0	RNA_siLuc	Pgrmc1	0.0
chrX	35863525	0.0	RNA_siLuc	Pgrmc1	0.0
chrX	35863526	0.0	RNA_siLuc	Pgrmc1	0.0
chrX	35863527	0.0	RNA_siLuc	Pgrmc1	0.0
chrX	35863528	0.0	RNA_siLuc	Pgrmc1	0.0
chrX	35863529	0.0	RNA_siLuc	Pgrmc1	0.0
chrX	35863530	0.0	RNA_siLuc	Pgrmc1	0.0
chrX	35863531	0.0	RNA_siLuc	Pgrmc1	0.0
chrX	35863532	0.0	RNA_siLuc	Pgrmc1	0.0
chrX	35863533	0.0	RNA_siLuc	Pgrmc1	0.0
chrX	35863534	0.0	RNA_siLuc	Pgrmc1	0.0
chrX	35863535	0.0	RNA_siLuc	Pgrmc1	0.0
chrX	35863536	0.0	RNA_siLuc	Pgrmc1	0.0
chrX	35863537	0.0	RNA_siLuc	Pgrmc1	0.0
chrX	35863538	0.0	RNA_siLuc	Pgrmc1	0.0
chrX	35863539	0.0	RNA_siLuc	Pgrmc1	0.0
chrX	35863540	0.0	RNA_siLuc	Pgrmc1	0.0
chrX	35863541	0.0	RNA_siLuc	Pgrmc1	0.0
chrX	35863542	0.0	RNA_siLuc	Pgrmc1	0.0
chrX	35863543	0.0	RNA_siLuc	Pgrmc1	0.0
chrX	35863544	0.0	RNA_siLuc	Pgrmc1	0.0
chrX	35863545	0.0	RNA_siLuc	Pgrmc1	0.0
chrX	35863546	0.0	RNA_siLuc	Pgrmc1	0.0
chrX	35863547	0.0	RNA_siLuc	Pgrmc1	0.0
chrX	35863548	0.0	RNA_siLuc	Pgrmc1	0.0
chrX	35863549	0.0	RNA_siLuc	Pgrmc1	0.0
chrX	35863550	0.0	RNA_siLuc	Pgrmc1	0.0
chrX	35863551	0.0	RNA_siLuc	Pgrmc1	0.0
chrX	35863552	0.0	RNA_siLuc	Pgrmc1	0.0
chrX	35863553	0.0	RNA_siLuc	Pgrmc1	0.0
chrX	35863554	0.0	RNA_siLuc	Pgrmc1	0.0
chrX	35863555	0.0	RNA_siLuc	Pgrmc1	0.0
chrX	35863556	0.0	RNA_siLuc	Pgrmc1	0.0
chrX	35863557	0.0	RNA_siLuc	Pgrmc1	0.0
chrX	35863558	0.0	RNA_siLuc	Pgrmc1	0.0
chrX	35863559	0.0	RNA_siLuc	Pgrmc1	0.0
chrX	35863560	0.0	RNA_siLuc	Pgrmc1	0.0
chrX	35863561	0.0	RNA_siLuc	Pgrmc1	0.0
chrX	35863562	0.0	RNA_siLuc	Pgrmc1	0.0
chrX	35863563	0.0	RNA_siLuc	Pgrmc1	0.0
chrX	35863564	0.0	RNA_siLuc	Pgrmc1	0.0
chrX	35863565	0.0	RNA_siLuc	Pgrmc1	0.0
chrX	35863566	0.0	RNA_siLuc	Pgrmc1	0.0
chrX	35863567	0.0	RNA_siLuc	Pgrmc1	0.0
chrX	35863568	0.0	RNA_siLuc	Pgrmc1	0.0
chrX	35863569	0.0	RNA_siLuc	Pgrmc1	0.0
chrX	35863570	0.0	RNA_siLuc	Pgrmc1	0.0
chrX	35863571	0.0	RNA_siLuc	Pgrmc1	0.0
chrX	35863572	0.0	RNA_siLuc	Pgrmc1	0.0
chrX	35863573	0.0	RNA_siLuc	Pgrmc1	0.0
chrX	35863574	0.0	RNA_siLuc	Pgrmc1	0.0
chrX	35863575	0.0	RNA_siLuc	Pgrmc1	0.0
chrX	35863576	0.0	RNA_siLuc	Pgrmc1	0.0
chrX	35863577	0.0	RNA_siLuc	Pgrmc1	0.0
chrX	35863578	0.0	RNA_siLuc	Pgrmc1	0.0
chrX	35863579	0.0	RNA_siLuc	Pgrmc1	0.0
chrX	35863580	0.0	RNA_siLuc	Pgrmc1	0.0
chrX	35863581	0.0	RNA_siLuc	Pgrmc1	0.0
chrX	35863582	0.0	RNA_siLuc	Pgrmc1	0.0
chrX	35863583	0.0	RNA_siLuc	Pgrmc1	0.0
chrX	35863584	0.0	RNA_siLuc	Pgrmc1	0.0
chrX	35863585	0.0	RNA_siLuc	Pgrmc1	0.0
chrX	35863586	0.0	RNA_siLuc	Pgrmc1	0.0
chrX	35863587	0.0	RNA_siLuc	Pgrmc1	0.0
chrX	35863588	0.0	RNA_siLuc	Pgrmc1	0.0
chrX	35863589	0.0	RNA_siLuc	Pgrmc1	0.0
chrX	35863590	0.0	RNA_siLuc	Pgrmc1	0.0
chrX	35863591	0.0	RNA_siLuc	Pgrmc1	0.0
chrX	35863592	0.0	RNA_siLuc	Pgrmc1	0.0
chrX	35863593	0.0	RNA_siLuc	Pgrmc1	0.0
chrX	35863594	0.0	RNA_siLuc	Pgrmc1	0.0
chrX	35863595	0.0	RNA_siLuc	Pgrmc1	0.0
chrX	35863596	0.0	RNA_siLuc	Pgrmc1	0.0
chrX	35863597	0.0	RNA_siLuc	Pgrmc1	0.0
chrX	35863598	0.0	RNA_siLuc	Pgrmc1	0.0
chrX	35863599	0.0	RNA_siLuc	Pgrmc1	0.0
chrX	35863600	0.0	RNA_siLuc	Pgrmc1	0.0
chrX	35863601	0.0	RNA_siLuc	Pgrmc1	0.0
chrX	35863602	0.0	RNA_siLuc	Pgrmc1	0.0
chrX	35863603	0.0	RNA_siLuc	Pgrmc1	0.0
chrX	35863604	0.0	RNA_siLuc	Pgrmc1	0.0
chrX	35863605	0.0	RNA_siLuc	Pgrmc1	0.0
chrX	35863606	0.0	RNA_siLuc	Pgrmc1	0.0
chrX	35863607	0.0	RNA_siLuc	Pgrmc1	0.0
chrX	35863608	0.0	RNA_siLuc	Pgrmc1	0.0
chrX	35863609	0.0	RNA_siLuc	Pgrmc1	0.0
chrX	35863610	0.0	RNA_siLuc	Pgrmc1	0.0
chrX	35863611	0.0	RNA_siLuc	Pgrmc1	0.0
chrX	35863612	0.0	RNA_siLuc	Pgrmc1	0.0
chrX	35863613	0.0	RNA_siLuc	Pgrmc1	0.0
chrX	35863614	0.0	RNA_siLuc	Pgrmc1	0.0
chrX	35863615	0.0	RNA_siLuc	Pgrmc1	0.0
chrX	35863616	0.0	RNA_siLuc	Pgrmc1	0.0
chrX	35863617	0.0	RNA_siLuc	Pgrmc1	0.0
chrX	35863618	0.0	RNA_siLuc	Pgrmc1	0.0
chrX	35863619	0.0	RNA_siLuc	Pgrmc1	0.0
chrX	35863620	0.0	RNA_siLuc	Pgrmc1	0.0
chrX	35863621	0.0	RNA_siLuc	Pgrmc1	0.0
chrX	35863622	0.0	RNA_siLuc	Pgrmc1	0.0
chrX	35863623	0.0	RNA_siLuc	Pgrmc1	0.0
chrX	35863624	0.0	RNA_siLuc	Pgrmc1	0.0
chrX	35863625	0.0	RNA_siLuc	Pgrmc1	0.0
chrX	35863626	0.0	RNA_siLuc	Pgrmc1	0.0
chrX	35863627	0.0	RNA_siLuc	Pgrmc1	0.0
chrX	35863628	0.0	RNA_siLuc	Pgrmc1	0.0
chrX	35863629	0.0	RNA_siLuc	Pgrmc1	0.0
chrX	35863630	0.0	RNA_siLuc	Pgrmc1	0.0
chrX	35863631	0.0	RNA_siLuc	Pgrmc1	0.0
chrX	35863632	0.0	RNA_siLuc	Pgrmc1	0.0
chrX	35863633	0.0	RNA_siLuc	Pgrmc1	0.0
chrX	35863634	0.0	RNA_siLuc	Pgrmc1	0.0
chrX	35863635	0.0	RNA_siLuc	Pgrmc1	0.0
chrX	35863636	0.0	RNA_siLuc	Pgrmc1	0.0
chrX	35863637	0.0	RNA_siLuc	Pgrmc1	0.0
chrX	35863638	0.0	RNA_siLuc	Pgrmc1	0.0
chrX	35863639	0.0	RNA_siLuc	Pgrmc1	0.0
chrX	35863640	0.0	RNA_siLuc	Pgrmc1	0.0
chrX	35863641	0.0	RNA_siLuc	Pgrmc1	0.0
chrX	35863642	0.0	RNA_siLuc	Pgrmc1	0.0
chrX	35863643	0.0	RNA_siLuc	Pgrmc1	0.0
chrX	35863644	0.0	RNA_siLuc	Pgrmc1	0.0
chrX	35863645	0.0	RNA_siLuc	Pgrmc1	0.0
chrX	35863646	0.0	RNA_siLuc	Pgrmc1	0.0
chrX	35863647	0.0	RNA_siLuc	Pgrmc1	0.0
chrX	35863648	0.0	RNA_siLuc	Pgrmc1	0.0
chrX	35863649	0.0	RNA_siLuc	Pgrmc1	0.0
chrX	35863650	0.0	RNA_siLuc	Pgrmc1	0.0
chrX	35863651	0.0	RNA_siLuc	Pgrmc1	0.0
chrX	35863652	0.0	RNA_siLuc	Pgrmc1	0.0
chrX	35863653	0.0	RNA_siLuc	Pgrmc1	0.0
chrX	35863654	0.0	RNA_siLuc	Pgrmc1	0.0
chrX	35863655	0.0	RNA_siLuc	Pgrmc1	0.0
chrX	35863656	0.0	RNA_siLuc	Pgrmc1	0.0
chrX	35863657	0.0	RNA_siLuc	Pgrmc1	0.0
chrX	35863658	0.0	RNA_siLuc	Pgrmc1	0.0
chrX	35863659	0.0	RNA_siLuc	Pgrmc1	0.0
chrX	35863660	0.0	RNA_siLuc	Pgrmc1	0.0
chrX	35863661	0.0	RNA_siLuc	Pgrmc1	0.0
chrX	35863662	0.0	RNA_siLuc	Pgrmc1	0.0
chrX	35863663	0.0	RNA_siLuc	Pgrmc1	0.0
chrX	35863664	0.0	RNA_siLuc	Pgrmc1	0.0
chrX	35863665	0.0	RNA_siLuc	Pgrmc1	0.0
chrX	35863666	0.0	RNA_siLuc	Pgrmc1	0.0
chrX	35863667	0.0	RNA_siLuc	Pgrmc1	0.0
chrX	35863668	0.0	RNA_siLuc	Pgrmc1	0.0
chrX	35863669	0.0	RNA_siLuc	Pgrmc1	0.0
chrX	35863670	0.0	RNA_siLuc	Pgrmc1	0.0
chrX	35863671	0.0	RNA_siLuc	Pgrmc1	0.0
chrX	35863672	0.0	RNA_siLuc	Pgrmc1	0.0
chrX	35863673	0.0	RNA_siLuc	Pgrmc1	0.0
chrX	35863674	0.0	RNA_siLuc	Pgrmc1	0.0
chrX	35863675	0.0	RNA_siLuc	Pgrmc1	0.0
chrX	35863676	0.0	RNA_siLuc	Pgrmc1	0.0
chrX	35863677	0.0	RNA_siLuc	Pgrmc1	0.0
chrX	35863678	0.0	RNA_siLuc	Pgrmc1	0.0
chrX	35863679	0.0	RNA_siLuc	Pgrmc1	0.0
chrX	35863680	0.0	RNA_siLuc	Pgrmc1	0.0
chrX	35863681	0.0	RNA_siLuc	Pgrmc1	0.0
chrX	35863682	0.0	RNA_siLuc	Pgrmc1	0.0
chrX	35863683	0.0	RNA_siLuc	Pgrmc1	0.0
chrX	35863684	0.0	RNA_siLuc	Pgrmc1	0.0
chrX	35863685	0.0	RNA_siLuc	Pgrmc1	0.0
chrX	35863686	0.0	RNA_siLuc	Pgrmc1	0.0
chrX	35863687	0.0	RNA_siLuc	Pgrmc1	0.0
chrX	35863688	0.0	RNA_siLuc	Pgrmc1	0.0
chrX	35863689	0.0	RNA_siLuc	Pgrmc1	0.0
chrX	35863690	0.0	RNA_siLuc	Pgrmc1	0.0
chrX	35863691	0.0	RNA_siLuc	Pgrmc1	0.0
chrX	35863692	0.0	RNA_siLuc	Pgrmc1	0.0
chrX	35863693	0.0	RNA_siLuc	Pgrmc1	0.0
chrX	35863694	0.0	RNA_siLuc	Pgrmc1	0.0
chrX	35863695	0.0	RNA_siLuc	Pgrmc1	0.0
chrX	35863696	0.0	RNA_siLuc	Pgrmc1	0.0
chrX	35863697	0.0	RNA_siLuc	Pgrmc1	0.0
chrX	35863698	0.0	RNA_siLuc	Pgrmc1	0.0
chrX	35863699	0.0	RNA_siLuc	Pgrmc1	0.0
chrX	35863700	0.0	RNA_siLuc	Pgrmc1	0.0
chrX	35863701	0.0	RNA_siLuc	Pgrmc1	0.0
chrX	35863702	0.0	RNA_siLuc	Pgrmc1	0.0
chrX	35863703	0.0	RNA_siLuc	Pgrmc1	0.0
chrX	35863704	0.0	RNA_siLuc	Pgrmc1	0.0
chrX	35863705	0.0	RNA_siLuc	Pgrmc1	0.0
chrX	35863706	0.0	RNA_siLuc	Pgrmc1	0.0
chrX	35863707	0.0	RNA_siLuc	Pgrmc1	0.0
chrX	35863708	0.0	RNA_siLuc	Pgrmc1	0.0
chrX	35863709	0.0	RNA_siLuc	Pgrmc1	0.0
chrX	35863710	0.0	RNA_siLuc	Pgrmc1	0.0
chrX	35863711	0.0	RNA_siLuc	Pgrmc1	0.0
chrX	35863712	0.0	RNA_siLuc	Pgrmc1	0.0
chrX	35863713	0.0	RNA_siLuc	Pgrmc1	0.0
chrX	35863714	0.0	RNA_siLuc	Pgrmc1	0.0
chrX	35863715	0.0	RNA_siLuc	Pgrmc1	0.0
chrX	35863716	0.0	RNA_siLuc	Pgrmc1	0.0
chrX	35863717	0.0	RNA_siLuc	Pgrmc1	0.0
chrX	35863718	0.0	RNA_siLuc	Pgrmc1	0.0
chrX	35863719	0.0	RNA_siLuc	Pgrmc1	0.0
chrX	35863720	0.0	RNA_siLuc	Pgrmc1	0.0
chrX	35863721	0.0	RNA_siLuc	Pgrmc1	0.0
chrX	35863722	0.0	RNA_siLuc	Pgrmc1	0.0
chrX	35863723	0.0	RNA_siLuc	Pgrmc1	0.0
chrX	35863724	0.0	RNA_siLuc	Pgrmc1	0.0
chrX	35863725	0.0	RNA_siLuc	Pgrmc1	0.0
chrX	35863726	0.0	RNA_siLuc	Pgrmc1	0.0
chrX	35863727	0.0	RNA_siLuc	Pgrmc1	0.0
chrX	35863728	0.0	RNA_siLuc	Pgrmc1	0.0
chrX	35863729	0.0	RNA_siLuc	Pgrmc1	0.0
chrX	35863730	0.0	RNA_siLuc	Pgrmc1	0.0
chrX	35863731	0.0	RNA_siLuc	Pgrmc1	0.0
chrX	35863732	0.0	RNA_siLuc	Pgrmc1	0.0
chrX	35863733	0.0	RNA_siLuc	Pgrmc1	0.0
chrX	35863734	0.0	RNA_siLuc	Pgrmc1	0.0
chrX	35863735	0.0	RNA_siLuc	Pgrmc1	0.0
chrX	35863736	0.0	RNA_siLuc	Pgrmc1	0.0
chrX	35863737	0.0	RNA_siLuc	Pgrmc1	0.0
chrX	35863738	0.0	RNA_siLuc	Pgrmc1	0.0
chrX	35863739	0.0	RNA_siLuc	Pgrmc1	0.0
chrX	35863740	0.0	RNA_siLuc	Pgrmc1	0.0
chrX	35863741	0.0	RNA_siLuc	Pgrmc1	0.0
chrX	35863742	0.0	RNA_siLuc	Pgrmc1	0.0
chrX	35863743	0.0	RNA_siLuc	Pgrmc1	0.0
chrX	35863744	0.0	RNA_siLuc	Pgrmc1	0.0
chrX	35863745	0.0	RNA_siLuc	Pgrmc1	0.0
chrX	35863746	0.0	RNA_siLuc	Pgrmc1	0.0
chrX	35863747	0.0	RNA_siLuc	Pgrmc1	0.0
chrX	35863748	0.0	RNA_siLuc	Pgrmc1	0.0
chrX	35863749	0.0	RNA_siLuc	Pgrmc1	0.0
chrX	35863750	0.0	RNA_siLuc	Pgrmc1	0.0
chrX	35863751	0.0	RNA_siLuc	Pgrmc1	0.0
chrX	35863752	0.0	RNA_siLuc	Pgrmc1	0.0
chrX	35863753	0.0	RNA_siLuc	Pgrmc1	0.0
chrX	35863754	0.0	RNA_siLuc	Pgrmc1	0.0
chrX	35863755	0.0	RNA_siLuc	Pgrmc1	0.0
chrX	35863756	0.0	RNA_siLuc	Pgrmc1	0.0
chrX	35863757	0.0	RNA_siLuc	Pgrmc1	0.0
chrX	35863758	0.0	RNA_siLuc	Pgrmc1	0.0
chrX	35863759	0.0	RNA_siLuc	Pgrmc1	0.0
chrX	35863760	0.0	RNA_siLuc	Pgrmc1	0.0
chrX	35863761	0.0	RNA_siLuc	Pgrmc1	0.0
chrX	35863762	0.0	RNA_siLuc	Pgrmc1	0.0
chrX	35863763	0.0	RNA_siLuc	Pgrmc1	0.0
chrX	35863764	0.0	RNA_siLuc	Pgrmc1	0.0
chrX	35863765	0.0	RNA_siLuc	Pgrmc1	0.0
chrX	35863766	0.0	RNA_siLuc	Pgrmc1	0.0
chrX	35863767	0.0	RNA_siLuc	Pgrmc1	0.0
chrX	35863768	0.0	RNA_siLuc	Pgrmc1	0.0
chrX	35863769	0.0	RNA_siLuc	Pgrmc1	0.0
chrX	35863770	0.0	RNA_siLuc	Pgrmc1	0.0
chrX	35863771	0.0	RNA_siLuc	Pgrmc1	0.0
chrX	35863772	0.0	RNA_siLuc	Pgrmc1	0.0
chrX	35863773	0.0	RNA_siLuc	Pgrmc1	0.0
chrX	35863774	0.0	RNA_siLuc	Pgrmc1	0.0
chrX	35863775	0.0	RNA_siLuc	Pgrmc1	0.0
chrX	35863776	0.0	RNA_siLuc	Pgrmc1	0.0
chrX	35863777	0.0	RNA_siLuc	Pgrmc1	0.0
chrX	35863778	0.0	RNA_siLuc	Pgrmc1	0.0
chrX	35863779	0.0	RNA_siLuc	Pgrmc1	0.0
chrX	35863780	0.0	RNA_siLuc	Pgrmc1	0.0
chrX	35863781	0.0	RNA_siLuc	Pgrmc1	0.0
chrX	35863782	0.0	RNA_siLuc	Pgrmc1	0.0
chrX	35863783	0.0	RNA_siLuc	Pgrmc1	0.0
chrX	35863784	0.0	RNA_siLuc	Pgrmc1	0.0
chrX	35863785	0.0	RNA_siLuc	Pgrmc1	0.0
chrX	35863786	0.0	RNA_siLuc	Pgrmc1	0.0
chrX	35863787	0.0	RNA_siLuc	Pgrmc1	0.0
chrX	35863788	0.0	RNA_siLuc	Pgrmc1	0.0
chrX	35863789	0.0	RNA_siLuc	Pgrmc1	0.0
chrX	35863790	0.0	RNA_siLuc	Pgrmc1	0.0
chrX	35863791	0.0	RNA_siLuc	Pgrmc1	0.0
chrX	35863792	0.0	RNA_siLuc	Pgrmc1	0.0
chrX	35863793	0.0	RNA_siLuc	Pgrmc1	0.0
chrX	35863794	0.0	RNA_siLuc	Pgrmc1	0.0
chrX	35863795	0.0	RNA_siLuc	Pgrmc1	0.0
chrX	35863796	0.0	RNA_siLuc	Pgrmc1	0.0
chrX	35863797	0.0	RNA_siLuc	Pgrmc1	0.0
chrX	35863798	0.0	RNA_siLuc	Pgrmc1	0.0
chrX	35863799	0.0	RNA_siLuc	Pgrmc1	0.0
chrX	35863800	0.0	RNA_siLuc	Pgrmc1	0.0
chrX	35863801	0.0	RNA_siLuc	Pgrmc1	0.0
chrX	35863802	0.0	RNA_siLuc	Pgrmc1	0.0
chrX	35863803	0.0	RNA_siLuc	Pgrmc1	0.0
chrX	35863804	0.0	RNA_siLuc	Pgrmc1	0.0
chrX	35863805	0.0	RNA_siLuc	Pgrmc1	0.0
chrX	35863806	0.0	RNA_siLuc	Pgrmc1	0.0
chrX	35863807	0.0	RNA_siLuc	Pgrmc1	0.0
chrX	35863808	0.0	RNA_siLuc	Pgrmc1	0.0
chrX	35863809	0.0	RNA_siLuc	Pgrmc1	0.0
chrX	35863810	0.0	RNA_siLuc	Pgrmc1	0.0
chrX	35863811	0.0	RNA_siLuc	Pgrmc1	0.0
chrX	35863812	0.0	RNA_siLuc	Pgrmc1	0.0
chrX	35863813	0.0	RNA_siLuc	Pgrmc1	0.0
chrX	35863814	0.0	RNA_siLuc	Pgrmc1	0.0
chrX	35863815	0.0	RNA_siLuc	Pgrmc1	0.0
chrX	35863816	0.0	RNA_siLuc	Pgrmc1	0.0
chrX	35863817	0.0	RNA_siLuc	Pgrmc1	0.0
chrX	35863818	0.0	RNA_siLuc	Pgrmc1	0.0
chrX	35863819	0.0	RNA_siLuc	Pgrmc1	0.0
chrX	35863820	0.0	RNA_siLuc	Pgrmc1	0.0
chrX	35863821	0.0	RNA_siLuc	Pgrmc1	0.0
chrX	35863822	0.0	RNA_siLuc	Pgrmc1	0.0
chrX	35863823	0.0	RNA_siLuc	Pgrmc1	0.0
chrX	35863824	0.0	RNA_siLuc	Pgrmc1	0.0
chrX	35863825	0.0	RNA_siLuc	Pgrmc1	0.0
chrX	35863826	0.0	RNA_siLuc	Pgrmc1	0.0
chrX	35863827	0.0	RNA_siLuc	Pgrmc1	0.0
chrX	35863828	0.0	RNA_siLuc	Pgrmc1	0.0
chrX	35863829	0.0	RNA_siLuc	Pgrmc1	0.0
chrX	35863830	0.0	RNA_siLuc	Pgrmc1	0.0
chrX	35863831	0.0	RNA_siLuc	Pgrmc1	0.0
chrX	35863832	0.0	RNA_siLuc	Pgrmc1	0.0
chrX	35863833	0.0	RNA_siLuc	Pgrmc1	0.0
chrX	35863834	0.0	RNA_siLuc	Pgrmc1	0.0
chrX	35863835	0.0	RNA_siLuc	Pgrmc1	0.0
chrX	35863836	0.0	RNA_siLuc	Pgrmc1	0.0
chrX	35863837	0.0	RNA_siLuc	Pgrmc1	0.0
chrX	35863838	0.0	RNA_siLuc	Pgrmc1	0.0
chrX	35863839	0.0	RNA_siLuc	Pgrmc1	0.0
chrX	35863840	0.0	RNA_siLuc	Pgrmc1	0.0
chrX	35863841	0.0	RNA_siLuc	Pgrmc1	0.0
chrX	35863842	0.0	RNA_siLuc	Pgrmc1	0.0
chrX	35863843	0.0	RNA_siLuc	Pgrmc1	0.0
chrX	35863844	0.0	RNA_siLuc	Pgrmc1	0.0
chrX	35863845	0.0	RNA_siLuc	Pgrmc1	0.0
chrX	35863846	0.0	RNA_siLuc	Pgrmc1	0.0
chrX	35863847	0.0	RNA_siLuc	Pgrmc1	0.0
chrX	35863848	0.0	RNA_siLuc	Pgrmc1	0.0
chrX	35863849	0.0	RNA_siLuc	Pgrmc1	0.0
chrX	35863850	0.0	RNA_siLuc	Pgrmc1	0.0
chrX	35863851	0.0	RNA_siLuc	Pgrmc1	0.0
chrX	35863852	0.0	RNA_siLuc	Pgrmc1	0.0
chrX	35863853	0.0	RNA_siLuc	Pgrmc1	0.0
chrX	35863854	0.0	RNA_siLuc	Pgrmc1	0.0
chrX	35863855	0.0	RNA_siLuc	Pgrmc1	0.0
chrX	35863856	0.0	RNA_siLuc	Pgrmc1	0.0
chrX	35863857	0.0	RNA_siLuc	Pgrmc1	0.0
chrX	35863858	0.0	RNA_siLuc	Pgrmc1	0.0
chrX	35863859	0.0	RNA_siLuc	Pgrmc1	0.0
chrX	35863860	0.0	RNA_siLuc	Pgrmc1	0.0
chrX	35863861	0.0	RNA_siLuc	Pgrmc1	0.0
chrX	35863862	0.0	RNA_siLuc	Pgrmc1	0.0
chrX	35863863	0.0	RNA_siLuc	Pgrmc1	0.0
chrX	35863864	0.0	RNA_siLuc	Pgrmc1	0.0
chrX	35863865	0.0	RNA_siLuc	Pgrmc1	0.0
chrX	35863866	0.0	RNA_siLuc	Pgrmc1	0.0
chrX	35863867	0.0	RNA_siLuc	Pgrmc1	0.0
chrX	35863868	0.0	RNA_siLuc	Pgrmc1	0.0
chrX	35863869	0.0	RNA_siLuc	Pgrmc1	0.0
chrX	35863870	0.0	RNA_siLuc	Pgrmc1	0.0
chrX	35863871	0.0	RNA_siLuc	Pgrmc1	0.0
chrX	35863872	0.0	RNA_siLuc	Pgrmc1	0.0
chrX	35863873	0.0	RNA_siLuc	Pgrmc1	0.0
chrX	35863874	0.0	RNA_siLuc	Pgrmc1	0.0
chrX	35863875	0.0	RNA_siLuc	Pgrmc1	0.0
chrX	35863876	0.0	RNA_siLuc	Pgrmc1	0.0
chrX	35863877	0.0	RNA_siLuc	Pgrmc1	0.0
chrX	35863878	0.0	RNA_siLuc	Pgrmc1	0.0
chrX	35863879	0.0	RNA_siLuc	Pgrmc1	0.0
chrX	35863880	0.0	RNA_siLuc	Pgrmc1	0.0
chrX	35863881	0.0	RNA_siLuc	Pgrmc1	0.0
chrX	35863882	0.0	RNA_siLuc	Pgrmc1	0.0
chrX	35863883	0.0	RNA_siLuc	Pgrmc1	0.0
chrX	35863884	0.0	RNA_siLuc	Pgrmc1	0.0
chrX	35863885	0.0	RNA_siLuc	Pgrmc1	0.0
chrX	35863886	0.0	RNA_siLuc	Pgrmc1	0.0
chrX	35863887	0.0	RNA_siLuc	Pgrmc1	0.0
chrX	35863888	0.0	RNA_siLuc	Pgrmc1	0.0
chrX	35863889	0.0	RNA_siLuc	Pgrmc1	0.0
chrX	35863890	0.0	RNA_siLuc	Pgrmc1	0.0
chrX	35863891	0.0	RNA_siLuc	Pgrmc1	0.0
chrX	35863892	0.0	RNA_siLuc	Pgrmc1	0.0
chrX	35863893	0.0	RNA_siLuc	Pgrmc1	0.0
chrX	35863894	0.0	RNA_siLuc	Pgrmc1	0.0
chrX	35863895	0.0	RNA_siLuc	Pgrmc1	0.0
chrX	35863896	0.0	RNA_siLuc	Pgrmc1	0.0
chrX	35863897	0.0	RNA_siLuc	Pgrmc1	0.0
chrX	35863898	0.0	RNA_siLuc	Pgrmc1	0.0
chrX	35863899	0.0	RNA_siLuc	Pgrmc1	0.0
chrX	35863900	0.0	RNA_siLuc	Pgrmc1	0.0
chrX	35863901	0.0	RNA_siLuc	Pgrmc1	0.0
chrX	35863902	0.0	RNA_siLuc	Pgrmc1	0.0
chrX	35863903	0.0	RNA_siLuc	Pgrmc1	0.0
chrX	35863904	0.0	RNA_siLuc	Pgrmc1	0.0
chrX	35863905	0.0	RNA_siLuc	Pgrmc1	0.0
chrX	35863906	0.0	RNA_siLuc	Pgrmc1	0.0
chrX	35863907	0.0	RNA_siLuc	Pgrmc1	0.0
chrX	35863908	0.0	RNA_siLuc	Pgrmc1	0.0
chrX	35863909	0.0	RNA_siLuc	Pgrmc1	0.0
chrX	35863910	0.0	RNA_siLuc	Pgrmc1	0.0
chrX	35863911	0.0	RNA_siLuc	Pgrmc1	0.0
chrX	35863912	0.0	RNA_siLuc	Pgrmc1	0.0
chrX	35863913	0.0	RNA_siLuc	Pgrmc1	0.0
chrX	35863914	0.0	RNA_siLuc	Pgrmc1	0.0
chrX	35863915	0.0	RNA_siLuc	Pgrmc1	0.0
chrX	35863916	0.0	RNA_siLuc	Pgrmc1	0.0
chrX	35863917	0.0	RNA_siLuc	Pgrmc1	0.0
chrX	35863918	0.0	RNA_siLuc	Pgrmc1	0.0
chrX	35863919	0.0	RNA_siLuc	Pgrmc1	0.0
chrX	35863920	0.0	RNA_siLuc	Pgrmc1	0.0
chrX	35863921	0.0	RNA_siLuc	Pgrmc1	0.0
chrX	35863922	0.0	RNA_siLuc	Pgrmc1	0.0
chrX	35863923	0.0	RNA_siLuc	Pgrmc1	0.0
chrX	35863924	0.0	RNA_siLuc	Pgrmc1	0.0
chrX	35863925	0.0	RNA_siLuc	Pgrmc1	0.0
chrX	35863926	0.0	RNA_siLuc	Pgrmc1	0.0
chrX	35863927	0.0	RNA_siLuc	Pgrmc1	0.0
chrX	35863928	0.0	RNA_siLuc	Pgrmc1	0.0
chrX	35863929	0.0	RNA_siLuc	Pgrmc1	0.0
chrX	35863930	0.0	RNA_siLuc	Pgrmc1	0.0
chrX	35863931	0.0	RNA_siLuc	Pgrmc1	0.0
chrX	35863932	0.0	RNA_siLuc	Pgrmc1	0.0
chrX	35863933	0.0	RNA_siLuc	Pgrmc1	0.0
chrX	35863934	0.0	RNA_siLuc	Pgrmc1	0.0
chrX	35863935	0.0	RNA_siLuc	Pgrmc1	0.0
chrX	35863936	0.0	RNA_siLuc	Pgrmc1	0.0
chrX	35863937	0.0	RNA_siLuc	Pgrmc1	0.0
chrX	35863938	0.0	RNA_siLuc	Pgrmc1	0.0
chrX	35863939	0.0	RNA_siLuc	Pgrmc1	0.0
chrX	35863940	0.0	RNA_siLuc	Pgrmc1	0.0
chrX	35863941	0.0	RNA_siLuc	Pgrmc1	0.0
chrX	35863942	0.0	RNA_siLuc	Pgrmc1	0.0
chrX	35863943	0.0	RNA_siLuc	Pgrmc1	0.0
chrX	35863944	0.0	RNA_siLuc	Pgrmc1	0.0
chrX	35863945	0.0	RNA_siLuc	Pgrmc1	0.0
chrX	35863946	0.0	RNA_siLuc	Pgrmc1	0.0
chrX	35863947	0.0	RNA_siLuc	Pgrmc1	0.0
chrX	35863948	0.0	RNA_siLuc	Pgrmc1	0.0
chrX	35863949	0.0	RNA_siLuc	Pgrmc1	0.0
chrX	35863950	0.0	RNA_siLuc	Pgrmc1	0.0
chrX	35863951	0.0	RNA_siLuc	Pgrmc1	0.0
chrX	35863952	0.0	RNA_siLuc	Pgrmc1	0.0
chrX	35863953	0.0	RNA_siLuc	Pgrmc1	0.0
chrX	35863954	0.0	RNA_siLuc	Pgrmc1	0.0
chrX	35863955	0.0	RNA_siLuc	Pgrmc1	0.0
chrX	35863956	0.0	RNA_siLuc	Pgrmc1	0.0
chrX	35863957	0.0	RNA_siLuc	Pgrmc1	0.0
chrX	35863958	0.0	RNA_siLuc	Pgrmc1	0.0
chrX	35863959	0.0	RNA_siLuc	Pgrmc1	0.0
chrX	35863960	0.0	RNA_siLuc	Pgrmc1	0.0
chrX	35863961	0.0	RNA_siLuc	Pgrmc1	0.0
chrX	35863962	0.0	RNA_siLuc	Pgrmc1	0.0
chrX	35863963	0.0	RNA_siLuc	Pgrmc1	0.0
chrX	35863964	0.0	RNA_siLuc	Pgrmc1	0.0
chrX	35863965	0.0	RNA_siLuc	Pgrmc1	0.0
chrX	35863966	0.0	RNA_siLuc	Pgrmc1	0.0
chrX	35863967	0.0	RNA_siLuc	Pgrmc1	0.0
chrX	35863968	0.0	RNA_siLuc	Pgrmc1	0.0
chrX	35863969	0.0	RNA_siLuc	Pgrmc1	0.0
chrX	35863970	0.0	RNA_siLuc	Pgrmc1	0.0
chrX	35863971	0.0	RNA_siLuc	Pgrmc1	0.0
chrX	35863972	0.0	RNA_siLuc	Pgrmc1	0.0
chrX	35863973	0.0	RNA_siLuc	Pgrmc1	0.0
chrX	35863974	0.0	RNA_siLuc	Pgrmc1	0.0
chrX	35863975	0.0	RNA_siLuc	Pgrmc1	0.0
chrX	35863976	0.0	RNA_siLuc	Pgrmc1	0.0
chrX	35863977	0.0	RNA_siLuc	Pgrmc1	0.0
chrX	35863978	0.0	RNA_siLuc	Pgrmc1	0.0
chrX	35863979	0.0	RNA_siLuc	Pgrmc1	0.0
chrX	35863980	0.0	RNA_siLuc	Pgrmc1	0.0
chrX	35863981	0.0	RNA_siLuc	Pgrmc1	0.0
chrX	35863982	0.0	RNA_siLuc	Pgrmc1	0.0
chrX	35863983	0.0	RNA_siLuc	Pgrmc1	0.0
chrX	35863984	0.0	RNA_siLuc	Pgrmc1	0.0
chrX	35863985	0.0	RNA_siLuc	Pgrmc1	0.0
chrX	35863986	0.0	RNA_siLuc	Pgrmc1	0.0
chrX	35863987	0.0	RNA_siLuc	Pgrmc1	0.0
chrX	35863988	0.0	RNA_siLuc	Pgrmc1	0.0
chrX	35863989	0.0	RNA_siLuc	Pgrmc1	0.0
chrX	35863990	0.0	RNA_siLuc	Pgrmc1	0.0
chrX	35863991	0.0	RNA_siLuc	Pgrmc1	0.0
chrX	35863992	0.0	RNA_siLuc	Pgrmc1	0.0
chrX	35863993	0.0	RNA_siLuc	Pgrmc1	0.0
chrX	35863994	0.0	RNA_siLuc	Pgrmc1	0.0
chrX	35863995	0.0	RNA_siLuc	Pgrmc1	0.0
chrX	35863996	0.0	RNA_siLuc	Pgrmc1	0.0
chrX	35863997	0.0	RNA_siLuc	Pgrmc1	0.0
chrX	35863998	0.0	RNA_siLuc	Pgrmc1	0.0
chrX	35863999	0.0	RNA_siLuc	Pgrmc1	0.0
chrX	35864000	0.0	RNA_siLuc	Pgrmc1	0.0
chrX	35864001	0.0	RNA_siLuc	Pgrmc1	0.0
chrX	35864002	0.0	RNA_siLuc	Pgrmc1	0.0
chrX	35864003	0.0	RNA_siLuc	Pgrmc1	0.0
chrX	35864004	0.0	RNA_siLuc	Pgrmc1	0.0
chrX	35864005	0.0	RNA_siLuc	Pgrmc1	0.0
chrX	35864006	0.0	RNA_siLuc	Pgrmc1	0.0
chrX	35864007	0.0	RNA_siLuc	Pgrmc1	0.0
chrX	35864008	0.0	RNA_siLuc	Pgrmc1	0.0
chrX	35864009	0.0	RNA_siLuc	Pgrmc1	0.0
chrX	35864010	0.0	RNA_siLuc	Pgrmc1	0.0
chrX	35864011	0.0	RNA_siLuc	Pgrmc1	0.0
chrX	35864012	0.0	RNA_siLuc	Pgrmc1	0.0
chrX	35864013	0.0	RNA_siLuc	Pgrmc1	0.0
chrX	35864014	0.0	RNA_siLuc	Pgrmc1	0.0
chrX	35864015	0.0	RNA_siLuc	Pgrmc1	0.0
chrX	35864016	0.0	RNA_siLuc	Pgrmc1	0.0
chrX	35864017	0.0	RNA_siLuc	Pgrmc1	0.0
chrX	35864018	0.0	RNA_siLuc	Pgrmc1	0.0
chrX	35864019	0.0	RNA_siLuc	Pgrmc1	0.0
chrX	35864020	0.0	RNA_siLuc	Pgrmc1	0.0
chrX	35864021	0.0	RNA_siLuc	Pgrmc1	0.0
chrX	35864022	0.0	RNA_siLuc	Pgrmc1	0.0
chrX	35864023	0.0	RNA_siLuc	Pgrmc1	0.0
chrX	35864024	0.0	RNA_siLuc	Pgrmc1	0.0
chrX	35864025	0.0	RNA_siLuc	Pgrmc1	0.0
chrX	35864026	0.0	RNA_siLuc	Pgrmc1	0.0
chrX	35864027	0.0	RNA_siLuc	Pgrmc1	0.0
chrX	35864028	0.0	RNA_siLuc	Pgrmc1	0.0
chrX	35864029	0.0	RNA_siLuc	Pgrmc1	0.0
chrX	35864030	0.0	RNA_siLuc	Pgrmc1	0.0
chrX	35864031	0.0	RNA_siLuc	Pgrmc1	0.0
chrX	35864032	0.0	RNA_siLuc	Pgrmc1	0.0
chrX	35864033	0.0	RNA_siLuc	Pgrmc1	0.0
chrX	35864034	0.0	RNA_siLuc	Pgrmc1	0.0
chrX	35864035	0.0	RNA_siLuc	Pgrmc1	0.0
chrX	35864036	0.0	RNA_siLuc	Pgrmc1	0.0
chrX	35864037	0.0	RNA_siLuc	Pgrmc1	0.0
chrX	35864038	0.0	RNA_siLuc	Pgrmc1	0.0
chrX	35864039	0.0	RNA_siLuc	Pgrmc1	0.0
chrX	35864040	0.0	RNA_siLuc	Pgrmc1	0.0
chrX	35864041	0.0	RNA_siLuc	Pgrmc1	0.0
chrX	35864042	0.0	RNA_siLuc	Pgrmc1	0.0
chrX	35864043	0.0	RNA_siLuc	Pgrmc1	0.0
chrX	35864044	0.0	RNA_siLuc	Pgrmc1	0.0
chrX	35864045	0.0	RNA_siLuc	Pgrmc1	0.0
chrX	35864046	0.0	RNA_siLuc	Pgrmc1	0.0
chrX	35864047	0.0	RNA_siLuc	Pgrmc1	0.0
chrX	35864048	0.0	RNA_siLuc	Pgrmc1	0.0
chrX	35864049	0.0	RNA_siLuc	Pgrmc1	0.0
chrX	35864050	0.0	RNA_siLuc	Pgrmc1	0.0
chrX	35864051	0.0	RNA_siLuc	Pgrmc1	0.0
chrX	35864052	0.0	RNA_siLuc	Pgrmc1	0.0
chrX	35864053	0.0	RNA_siLuc	Pgrmc1	0.0
chrX	35864054	0.0	RNA_siLuc	Pgrmc1	0.0
chrX	35864055	0.0	RNA_siLuc	Pgrmc1	0.0
chrX	35864056	0.0	RNA_siLuc	Pgrmc1	0.0
chrX	35864057	0.0	RNA_siLuc	Pgrmc1	0.0
chrX	35864058	0.0	RNA_siLuc	Pgrmc1	0.0
chrX	35864059	0.0	RNA_siLuc	Pgrmc1	0.0
chrX	35864060	0.0	RNA_siLuc	Pgrmc1	0.0
chrX	35864061	0.0	RNA_siLuc	Pgrmc1	0.0
chrX	35864062	0.0	RNA_siLuc	Pgrmc1	0.0
chrX	35864063	0.0	RNA_siLuc	Pgrmc1	0.0
chrX	35864064	0.0	RNA_siLuc	Pgrmc1	0.0
chrX	35864065	0.0	RNA_siLuc	Pgrmc1	0.0
chrX	35864066	0.0	RNA_siLuc	Pgrmc1	0.0
chrX	35864067	0.0	RNA_siLuc	Pgrmc1	0.0
chrX	35864068	0.0	RNA_siLuc	Pgrmc1	0.0
chrX	35864069	0.0	RNA_siLuc	Pgrmc1	0.0
chrX	35864070	0.0	RNA_siLuc	Pgrmc1	0.0
chrX	35864071	0.0	RNA_siLuc	Pgrmc1	0.0
chrX	35864072	0.0	RNA_siLuc	Pgrmc1	0.0
chrX	35864073	0.0	RNA_siLuc	Pgrmc1	0.0
chrX	35864074	0.0	RNA_siLuc	Pgrmc1	0.0
chrX	35864075	0.0	RNA_siLuc	Pgrmc1	0.0
chrX	35864076	0.0	RNA_siLuc	Pgrmc1	0.0
chrX	35864077	0.0	RNA_siLuc	Pgrmc1	0.0
chrX	35864078	0.0	RNA_siLuc	Pgrmc1	0.0
chrX	35864079	0.0	RNA_siLuc	Pgrmc1	0.0
chrX	35864080	0.0	RNA_siLuc	Pgrmc1	0.0
chrX	35864081	0.0	RNA_siLuc	Pgrmc1	0.0
chrX	35864082	0.0	RNA_siLuc	Pgrmc1	0.0
chrX	35864083	0.0	RNA_siLuc	Pgrmc1	0.0
chrX	35864084	0.0	RNA_siLuc	Pgrmc1	0.0
chrX	35864085	0.0	RNA_siLuc	Pgrmc1	0.0
chrX	35864086	0.0	RNA_siLuc	Pgrmc1	0.0
chrX	35864087	0.0	RNA_siLuc	Pgrmc1	0.0
chrX	35864088	0.0	RNA_siLuc	Pgrmc1	0.0
chrX	35864089	0.0	RNA_siLuc	Pgrmc1	0.0
chrX	35864090	0.0	RNA_siLuc	Pgrmc1	0.0
chrX	35864091	0.0	RNA_siLuc	Pgrmc1	0.0
chrX	35864092	0.0	RNA_siLuc	Pgrmc1	0.0
chrX	35864093	0.0	RNA_siLuc	Pgrmc1	0.0
chrX	35864094	0.0	RNA_siLuc	Pgrmc1	0.0
chrX	35864095	0.0	RNA_siLuc	Pgrmc1	0.0
chrX	35864096	0.0	RNA_siLuc	Pgrmc1	0.0
chrX	35864097	0.0	RNA_siLuc	Pgrmc1	0.0
chrX	35864098	0.0	RNA_siLuc	Pgrmc1	0.0
chrX	35864099	0.0	RNA_siLuc	Pgrmc1	0.0
chrX	35864100	0.0	RNA_siLuc	Pgrmc1	0.0
chrX	35864101	0.0	RNA_siLuc	Pgrmc1	0.0
chrX	35864102	0.0	RNA_siLuc	Pgrmc1	0.0
chrX	35864103	0.0	RNA_siLuc	Pgrmc1	0.0
chrX	35864104	0.0	RNA_siLuc	Pgrmc1	0.0
chrX	35864105	0.0	RNA_siLuc	Pgrmc1	0.0
chrX	35864106	0.0	RNA_siLuc	Pgrmc1	0.0
chrX	35864107	0.0	RNA_siLuc	Pgrmc1	0.0
chrX	35864108	0.0	RNA_siLuc	Pgrmc1	0.0
chrX	35864109	0.0	RNA_siLuc	Pgrmc1	0.0
chrX	35864110	0.0	RNA_siLuc	Pgrmc1	0.0
chrX	35864111	0.0	RNA_siLuc	Pgrmc1	0.0
chrX	35864112	0.0	RNA_siLuc	Pgrmc1	0.0
chrX	35864113	0.0	RNA_siLuc	Pgrmc1	0.0
chrX	35864114	0.0	RNA_siLuc	Pgrmc1	0.0
chrX	35864115	0.0	RNA_siLuc	Pgrmc1	0.0
chrX	35864116	0.0	RNA_siLuc	Pgrmc1	0.0
chrX	35864117	0.0	RNA_siLuc	Pgrmc1	0.0
chrX	35864118	0.0	RNA_siLuc	Pgrmc1	0.0
chrX	35864119	0.0	RNA_siLuc	Pgrmc1	0.0
chrX	35864120	0.0	RNA_siLuc	Pgrmc1	0.0
chrX	35864121	0.0	RNA_siLuc	Pgrmc1	0.0
chrX	35864122	0.0	RNA_siLuc	Pgrmc1	0.0
chrX	35864123	0.0	RNA_siLuc	Pgrmc1	0.0
chrX	35864124	0.0	RNA_siLuc	Pgrmc1	0.0
chrX	35864125	0.0	RNA_siLuc	Pgrmc1	0.0
chrX	35864126	0.0	RNA_siLuc	Pgrmc1	0.0
chrX	35864127	0.0	RNA_siLuc	Pgrmc1	0.0
chrX	35864128	0.0	RNA_siLuc	Pgrmc1	0.0
chrX	35864129	0.0	RNA_siLuc	Pgrmc1	0.0
chrX	35864130	0.0	RNA_siLuc	Pgrmc1	0.0
chrX	35864131	0.0	RNA_siLuc	Pgrmc1	0.0
chrX	35864132	0.0	RNA_siLuc	Pgrmc1	0.0
chrX	35864133	0.0	RNA_siLuc	Pgrmc1	0.0
chrX	35864134	0.0	RNA_siLuc	Pgrmc1	0.0
chrX	35864135	0.0	RNA_siLuc	Pgrmc1	0.0
chrX	35864136	0.0	RNA_siLuc	Pgrmc1	0.0
chrX	35864137	0.0	RNA_siLuc	Pgrmc1	0.0
chrX	35864138	0.0	RNA_siLuc	Pgrmc1	0.0
chrX	35864139	0.0	RNA_siLuc	Pgrmc1	0.0
chrX	35864140	0.0	RNA_siLuc	Pgrmc1	0.0
chrX	35864141	0.0	RNA_siLuc	Pgrmc1	0.0
chrX	35864142	0.0	RNA_siLuc	Pgrmc1	0.0
chrX	35864143	0.0	RNA_siLuc	Pgrmc1	0.0
chrX	35864144	0.0	RNA_siLuc	Pgrmc1	0.0
chrX	35864145	0.0	RNA_siLuc	Pgrmc1	0.0
chrX	35864146	0.0	RNA_siLuc	Pgrmc1	0.0
chrX	35864147	0.0	RNA_siLuc	Pgrmc1	0.0
chrX	35864148	0.0	RNA_siLuc	Pgrmc1	0.0
chrX	35864149	0.0	RNA_siLuc	Pgrmc1	0.0
chrX	35864150	0.0	RNA_siLuc	Pgrmc1	0.0
chrX	35864151	0.0	RNA_siLuc	Pgrmc1	0.0
chrX	35864152	0.0	RNA_siLuc	Pgrmc1	0.0
chrX	35864153	0.0	RNA_siLuc	Pgrmc1	0.0
chrX	35864154	0.0	RNA_siLuc	Pgrmc1	0.0
chrX	35864155	0.0	RNA_siLuc	Pgrmc1	0.0
chrX	35864156	0.0	RNA_siLuc	Pgrmc1	0.0
chrX	35864157	0.0	RNA_siLuc	Pgrmc1	0.0
chrX	35864158	0.0	RNA_siLuc	Pgrmc1	0.0
chrX	35864159	0.0	RNA_siLuc	Pgrmc1	0.0
chrX	35864160	0.0	RNA_siLuc	Pgrmc1	0.0
chrX	35864161	0.0	RNA_siLuc	Pgrmc1	0.0
chrX	35864162	0.0	RNA_siLuc	Pgrmc1	0.0
chrX	35864163	0.0	RNA_siLuc	Pgrmc1	0.0
chrX	35864164	0.0	RNA_siLuc	Pgrmc1	0.0
chrX	35864165	0.0	RNA_siLuc	Pgrmc1	0.0
chrX	35864166	0.0	RNA_siLuc	Pgrmc1	0.0
chrX	35864167	0.0	RNA_siLuc	Pgrmc1	0.0
chrX	35864168	0.0	RNA_siLuc	Pgrmc1	0.0
chrX	35864169	0.0	RNA_siLuc	Pgrmc1	0.0
chrX	35864170	0.0	RNA_siLuc	Pgrmc1	0.0
chrX	35864171	0.0	RNA_siLuc	Pgrmc1	0.0
chrX	35864172	0.0	RNA_siLuc	Pgrmc1	0.0
chrX	35864173	0.0	RNA_siLuc	Pgrmc1	0.0
chrX	35864174	0.0	RNA_siLuc	Pgrmc1	0.0
chrX	35864175	0.0	RNA_siLuc	Pgrmc1	0.0
chrX	35864176	0.0	RNA_siLuc	Pgrmc1	0.0
chrX	35864177	0.0	RNA_siLuc	Pgrmc1	0.0
chrX	35864178	0.0	RNA_siLuc	Pgrmc1	0.0
chrX	35864179	0.0	RNA_siLuc	Pgrmc1	0.0
chrX	35864180	0.0	RNA_siLuc	Pgrmc1	0.0
chrX	35864181	0.0	RNA_siLuc	Pgrmc1	0.0
chrX	35864182	0.0	RNA_siLuc	Pgrmc1	0.0
chrX	35864183	0.0	RNA_siLuc	Pgrmc1	0.0
chrX	35864184	0.0	RNA_siLuc	Pgrmc1	0.0
chrX	35864185	0.0	RNA_siLuc	Pgrmc1	0.0
chrX	35864186	0.0	RNA_siLuc	Pgrmc1	0.0
chrX	35864187	0.0	RNA_siLuc	Pgrmc1	0.0
chrX	35864188	0.0	RNA_siLuc	Pgrmc1	0.0
chrX	35864189	0.0	RNA_siLuc	Pgrmc1	0.0
chrX	35864190	0.0	RNA_siLuc	Pgrmc1	0.0
chrX	35864191	0.0	RNA_siLuc	Pgrmc1	0.0
chrX	35864192	0.0	RNA_siLuc	Pgrmc1	0.0
chrX	35864193	0.0	RNA_siLuc	Pgrmc1	0.0
chrX	35864194	0.0	RNA_siLuc	Pgrmc1	0.0
chrX	35864195	0.0	RNA_siLuc	Pgrmc1	0.0
chrX	35864196	0.0	RNA_siLuc	Pgrmc1	0.0
chrX	35864197	0.0	RNA_siLuc	Pgrmc1	0.0
chrX	35864198	0.0	RNA_siLuc	Pgrmc1	0.0
chrX	35864199	0.0	RNA_siLuc	Pgrmc1	0.0
chrX	35864200	0.0	RNA_siLuc	Pgrmc1	0.0
chrX	35864201	0.0	RNA_siLuc	Pgrmc1	0.0
chrX	35864202	0.0	RNA_siLuc	Pgrmc1	0.0
chrX	35864203	0.0	RNA_siLuc	Pgrmc1	0.0
chrX	35864204	0.0	RNA_siLuc	Pgrmc1	0.0
chrX	35864205	0.0	RNA_siLuc	Pgrmc1	0.0
chrX	35864206	0.0	RNA_siLuc	Pgrmc1	0.0
chrX	35864207	0.0	RNA_siLuc	Pgrmc1	0.0
chrX	35864208	0.0	RNA_siLuc	Pgrmc1	0.0
chrX	35864209	0.0	RNA_siLuc	Pgrmc1	0.0
chrX	35864210	0.0	RNA_siLuc	Pgrmc1	0.0
chrX	35864211	0.0	RNA_siLuc	Pgrmc1	0.0
chrX	35864212	0.0	RNA_siLuc	Pgrmc1	0.0
chrX	35864213	0.0	RNA_siLuc	Pgrmc1	0.0
chrX	35864214	0.0	RNA_siLuc	Pgrmc1	0.0
chrX	35864215	0.0	RNA_siLuc	Pgrmc1	0.0
chrX	35864216	0.0	RNA_siLuc	Pgrmc1	0.0
chrX	35864217	0.0	RNA_siLuc	Pgrmc1	0.0
chrX	35864218	0.0	RNA_siLuc	Pgrmc1	0.0
chrX	35864219	0.0	RNA_siLuc	Pgrmc1	0.0
chrX	35864220	0.0	RNA_siLuc	Pgrmc1	0.0
chrX	35864221	0.0	RNA_siLuc	Pgrmc1	0.0
chrX	35864222	0.0	RNA_siLuc	Pgrmc1	0.0
chrX	35864223	0.0	RNA_siLuc	Pgrmc1	0.0
chrX	35864224	0.0	RNA_siLuc	Pgrmc1	0.0
chrX	35864225	0.0	RNA_siLuc	Pgrmc1	0.0
chrX	35864226	0.0	RNA_siLuc	Pgrmc1	0.0
chrX	35864227	0.0	RNA_siLuc	Pgrmc1	0.0
chrX	35864228	0.0	RNA_siLuc	Pgrmc1	0.0
chrX	35864229	0.0	RNA_siLuc	Pgrmc1	0.0
chrX	35864230	0.0	RNA_siLuc	Pgrmc1	0.0
chrX	35864231	0.0	RNA_siLuc	Pgrmc1	0.0
chrX	35864232	0.0	RNA_siLuc	Pgrmc1	0.0
chrX	35864233	0.0	RNA_siLuc	Pgrmc1	0.0
chrX	35864234	0.0	RNA_siLuc	Pgrmc1	0.0
chrX	35864235	0.0	RNA_siLuc	Pgrmc1	0.0
chrX	35864236	0.0	RNA_siLuc	Pgrmc1	0.0
chrX	35864237	0.0	RNA_siLuc	Pgrmc1	0.0
chrX	35864238	0.0	RNA_siLuc	Pgrmc1	0.0
chrX	35864239	0.0	RNA_siLuc	Pgrmc1	0.0
chrX	35864240	0.0	RNA_siLuc	Pgrmc1	0.0
chrX	35864241	0.0	RNA_siLuc	Pgrmc1	0.0
chrX	35864242	0.0	RNA_siLuc	Pgrmc1	0.0
chrX	35864243	0.0	RNA_siLuc	Pgrmc1	0.0
chrX	35864244	0.0	RNA_siLuc	Pgrmc1	0.0
chrX	35864245	0.0	RNA_siLuc	Pgrmc1	0.0
chrX	35864246	0.0	RNA_siLuc	Pgrmc1	0.0
chrX	35864247	0.0	RNA_siLuc	Pgrmc1	0.0
chrX	35864248	0.0	RNA_siLuc	Pgrmc1	0.0
chrX	35864249	0.0	RNA_siLuc	Pgrmc1	0.0
chrX	35864250	0.0	RNA_siLuc	Pgrmc1	0.0
chrX	35864251	0.0	RNA_siLuc	Pgrmc1	0.0
chrX	35864252	0.0	RNA_siLuc	Pgrmc1	0.0
chrX	35864253	0.0	RNA_siLuc	Pgrmc1	0.0
chrX	35864254	0.0	RNA_siLuc	Pgrmc1	0.0
chrX	35864255	0.0	RNA_siLuc	Pgrmc1	0.0
chrX	35864256	0.0	RNA_siLuc	Pgrmc1	0.0
chrX	35864257	0.0	RNA_siLuc	Pgrmc1	0.0
chrX	35864258	0.0	RNA_siLuc	Pgrmc1	0.0
chrX	35864259	0.0	RNA_siLuc	Pgrmc1	0.0
chrX	35864260	0.0	RNA_siLuc	Pgrmc1	0.0
chrX	35864261	0.0	RNA_siLuc	Pgrmc1	0.0
chrX	35864262	0.0	RNA_siLuc	Pgrmc1	0.0
chrX	35864263	0.0	RNA_siLuc	Pgrmc1	0.0
chrX	35864264	0.0	RNA_siLuc	Pgrmc1	0.0
chrX	35864265	0.0	RNA_siLuc	Pgrmc1	0.0
chrX	35864266	0.0	RNA_siLuc	Pgrmc1	0.0
chrX	35864267	0.0	RNA_siLuc	Pgrmc1	0.0
chrX	35864268	0.0	RNA_siLuc	Pgrmc1	0.0
chrX	35864269	0.0	RNA_siLuc	Pgrmc1	0.0
chrX	35864270	0.0	RNA_siLuc	Pgrmc1	0.0
chrX	35864271	0.0	RNA_siLuc	Pgrmc1	0.0
chrX	35864272	0.0	RNA_siLuc	Pgrmc1	0.0
chrX	35864273	0.0	RNA_siLuc	Pgrmc1	0.0
chrX	35864274	0.0	RNA_siLuc	Pgrmc1	0.0
chrX	35864275	0.0	RNA_siLuc	Pgrmc1	0.0
chrX	35864276	0.0	RNA_siLuc	Pgrmc1	0.0
chrX	35864277	0.0	RNA_siLuc	Pgrmc1	0.0
chrX	35864278	0.0	RNA_siLuc	Pgrmc1	0.0
chrX	35864279	0.0	RNA_siLuc	Pgrmc1	0.0
chrX	35864280	0.0	RNA_siLuc	Pgrmc1	0.0
chrX	35864281	0.0	RNA_siLuc	Pgrmc1	0.0
chrX	35864282	0.0	RNA_siLuc	Pgrmc1	0.0
chrX	35864283	0.0	RNA_siLuc	Pgrmc1	0.0
chrX	35864284	0.0	RNA_siLuc	Pgrmc1	0.0
chrX	35864285	0.0	RNA_siLuc	Pgrmc1	0.0
chrX	35864286	0.0	RNA_siLuc	Pgrmc1	0.0
chrX	35864287	0.0	RNA_siLuc	Pgrmc1	0.0
chrX	35864288	0.0	RNA_siLuc	Pgrmc1	0.0
chrX	35864289	0.0	RNA_siLuc	Pgrmc1	0.0
chrX	35864290	0.0	RNA_siLuc	Pgrmc1	0.0
chrX	35864291	0.0	RNA_siLuc	Pgrmc1	0.0
chrX	35864292	0.0	RNA_siLuc	Pgrmc1	0.0
chrX	35864293	0.0	RNA_siLuc	Pgrmc1	0.0
chrX	35864294	0.0	RNA_siLuc	Pgrmc1	0.0
chrX	35864295	0.0	RNA_siLuc	Pgrmc1	0.0
chrX	35864296	0.0	RNA_siLuc	Pgrmc1	0.0
chrX	35864297	0.0	RNA_siLuc	Pgrmc1	0.0
chrX	35864298	0.0	RNA_siLuc	Pgrmc1	0.0
chrX	35864299	0.0	RNA_siLuc	Pgrmc1	0.0
chrX	35864300	0.0	RNA_siLuc	Pgrmc1	0.0
chrX	35864301	0.0	RNA_siLuc	Pgrmc1	0.0
chrX	35864302	0.0	RNA_siLuc	Pgrmc1	0.0
chrX	35864303	0.0	RNA_siLuc	Pgrmc1	0.0
chrX	35864304	0.0	RNA_siLuc	Pgrmc1	0.0
chrX	35864305	0.0	RNA_siLuc	Pgrmc1	0.0
chrX	35864306	0.0	RNA_siLuc	Pgrmc1	0.0
chrX	35864307	0.0	RNA_siLuc	Pgrmc1	0.0
chrX	35864308	0.0	RNA_siLuc	Pgrmc1	0.0
chrX	35864309	0.0	RNA_siLuc	Pgrmc1	0.0
chrX	35864310	0.0	RNA_siLuc	Pgrmc1	0.0
chrX	35864311	0.0	RNA_siLuc	Pgrmc1	0.0
chrX	35864312	0.0	RNA_siLuc	Pgrmc1	0.0
chrX	35864313	0.0	RNA_siLuc	Pgrmc1	0.0
chrX	35864314	0.0	RNA_siLuc	Pgrmc1	0.0
chrX	35864315	0.0	RNA_siLuc	Pgrmc1	0.0
chrX	35864316	0.0	RNA_siLuc	Pgrmc1	0.0
chrX	35864317	0.0	RNA_siLuc	Pgrmc1	0.0
chrX	35864318	0.0	RNA_siLuc	Pgrmc1	0.0
chrX	35864319	0.0	RNA_siLuc	Pgrmc1	0.0
chrX	35864320	0.0	RNA_siLuc	Pgrmc1	0.0
chrX	35864321	0.0	RNA_siLuc	Pgrmc1	0.0
chrX	35864322	0.0	RNA_siLuc	Pgrmc1	0.0
chrX	35864323	0.0	RNA_siLuc	Pgrmc1	0.0
chrX	35864324	0.0	RNA_siLuc	Pgrmc1	0.0
chrX	35864325	0.0	RNA_siLuc	Pgrmc1	0.0
chrX	35864326	0.0	RNA_siLuc	Pgrmc1	0.0
chrX	35864327	0.0	RNA_siLuc	Pgrmc1	0.0
chrX	35864328	0.0	RNA_siLuc	Pgrmc1	0.0
chrX	35864329	0.0	RNA_siLuc	Pgrmc1	0.0
chrX	35864330	0.0	RNA_siLuc	Pgrmc1	0.0
chrX	35864331	0.0	RNA_siLuc	Pgrmc1	0.0
chrX	35864332	0.0	RNA_siLuc	Pgrmc1	0.0
chrX	35864333	0.0	RNA_siLuc	Pgrmc1	0.0
chrX	35864334	0.0	RNA_siLuc	Pgrmc1	0.0
chrX	35864335	0.0	RNA_siLuc	Pgrmc1	0.0
chrX	35864336	0.0	RNA_siLuc	Pgrmc1	0.0
chrX	35864337	0.0	RNA_siLuc	Pgrmc1	0.0
chrX	35864338	0.0	RNA_siLuc	Pgrmc1	0.0
chrX	35864339	0.0	RNA_siLuc	Pgrmc1	0.0
chrX	35864340	0.0	RNA_siLuc	Pgrmc1	0.0
chrX	35864341	0.0	RNA_siLuc	Pgrmc1	0.0
chrX	35864342	0.0	RNA_siLuc	Pgrmc1	0.0
chrX	35864343	0.0	RNA_siLuc	Pgrmc1	0.0
chrX	35864344	0.0	RNA_siLuc	Pgrmc1	0.0
chrX	35864345	0.0	RNA_siLuc	Pgrmc1	0.0
chrX	35864346	0.0	RNA_siLuc	Pgrmc1	0.0
chrX	35864347	0.0	RNA_siLuc	Pgrmc1	0.0
chrX	35864348	0.0	RNA_siLuc	Pgrmc1	0.0
chrX	35864349	0.0	RNA_siLuc	Pgrmc1	0.0
chrX	35864350	0.0	RNA_siLuc	Pgrmc1	0.0
chrX	35864351	0.0	RNA_siLuc	Pgrmc1	0.0
chrX	35864352	0.0	RNA_siLuc	Pgrmc1	0.0
chrX	35864353	0.0	RNA_siLuc	Pgrmc1	0.0
chrX	35864354	0.0	RNA_siLuc	Pgrmc1	0.0
chrX	35864355	0.0	RNA_siLuc	Pgrmc1	0.0
chrX	35864356	0.0	RNA_siLuc	Pgrmc1	0.0
chrX	35864357	0.0	RNA_siLuc	Pgrmc1	0.0
chrX	35864358	0.0	RNA_siLuc	Pgrmc1	0.0
chrX	35864359	0.0	RNA_siLuc	Pgrmc1	0.0
chrX	35864360	0.0	RNA_siLuc	Pgrmc1	0.0
chrX	35864361	0.0	RNA_siLuc	Pgrmc1	0.0
chrX	35864362	0.0	RNA_siLuc	Pgrmc1	0.0
chrX	35864363	0.0	RNA_siLuc	Pgrmc1	0.0
chrX	35864364	0.0	RNA_siLuc	Pgrmc1	0.0
chrX	35864365	0.0	RNA_siLuc	Pgrmc1	0.0
chrX	35864366	0.0	RNA_siLuc	Pgrmc1	0.0
chrX	35864367	0.0	RNA_siLuc	Pgrmc1	0.0
chrX	35864368	0.0	RNA_siLuc	Pgrmc1	0.0
chrX	35864369	0.0	RNA_siLuc	Pgrmc1	0.0
chrX	35864370	0.0	RNA_siLuc	Pgrmc1	0.0
chrX	35864371	0.0	RNA_siLuc	Pgrmc1	0.0
chrX	35864372	0.0	RNA_siLuc	Pgrmc1	0.0
chrX	35864373	0.0	RNA_siLuc	Pgrmc1	0.0
chrX	35864374	0.0	RNA_siLuc	Pgrmc1	0.0
chrX	35864375	0.0	RNA_siLuc	Pgrmc1	0.0
chrX	35864376	0.0	RNA_siLuc	Pgrmc1	0.0
chrX	35864377	0.0	RNA_siLuc	Pgrmc1	0.0
chrX	35864378	0.0	RNA_siLuc	Pgrmc1	0.0
chrX	35864379	0.0	RNA_siLuc	Pgrmc1	0.0
chrX	35864380	0.0	RNA_siLuc	Pgrmc1	0.0
chrX	35864381	0.0	RNA_siLuc	Pgrmc1	0.0
chrX	35864382	0.0	RNA_siLuc	Pgrmc1	0.0
chrX	35864383	0.0	RNA_siLuc	Pgrmc1	0.0
chrX	35864384	0.0	RNA_siLuc	Pgrmc1	0.0
chrX	35864385	0.0	RNA_siLuc	Pgrmc1	0.0
chrX	35864386	0.0	RNA_siLuc	Pgrmc1	0.0
chrX	35864387	0.0	RNA_siLuc	Pgrmc1	0.0
chrX	35864388	0.0	RNA_siLuc	Pgrmc1	0.0
chrX	35864389	0.0	RNA_siLuc	Pgrmc1	0.0
chrX	35864390	0.0	RNA_siLuc	Pgrmc1	0.0
chrX	35864391	0.0	RNA_siLuc	Pgrmc1	0.0
chrX	35864392	0.0	RNA_siLuc	Pgrmc1	0.0
chrX	35864393	0.0	RNA_siLuc	Pgrmc1	0.0
chrX	35864394	0.0	RNA_siLuc	Pgrmc1	0.0
chrX	35864395	0.0	RNA_siLuc	Pgrmc1	0.0
chrX	35864396	0.0	RNA_siLuc	Pgrmc1	0.0
chrX	35864397	0.0	RNA_siLuc	Pgrmc1	0.0
chrX	35864398	0.0	RNA_siLuc	Pgrmc1	0.0
chrX	35864399	0.0	RNA_siLuc	Pgrmc1	0.0
chrX	35864400	0.0	RNA_siLuc	Pgrmc1	0.0
chrX	35864401	0.0	RNA_siLuc	Pgrmc1	0.0
chrX	35864402	0.0	RNA_siLuc	Pgrmc1	0.0
chrX	35864403	0.0	RNA_siLuc	Pgrmc1	0.0
chrX	35864404	0.0	RNA_siLuc	Pgrmc1	0.0
chrX	35864405	0.0	RNA_siLuc	Pgrmc1	0.0
chrX	35864406	0.0	RNA_siLuc	Pgrmc1	0.0
chrX	35864407	0.0	RNA_siLuc	Pgrmc1	0.0
chrX	35864408	0.0	RNA_siLuc	Pgrmc1	0.0
chrX	35864409	0.0	RNA_siLuc	Pgrmc1	0.0
chrX	35864410	0.0	RNA_siLuc	Pgrmc1	0.0
chrX	35864411	0.0	RNA_siLuc	Pgrmc1	0.0
chrX	35864412	0.0	RNA_siLuc	Pgrmc1	0.0
chrX	35864413	0.0	RNA_siLuc	Pgrmc1	0.0
chrX	35864414	0.0	RNA_siLuc	Pgrmc1	0.0
chrX	35864415	0.0	RNA_siLuc	Pgrmc1	0.0
chrX	35864416	0.0	RNA_siLuc	Pgrmc1	0.0
chrX	35864417	0.0	RNA_siLuc	Pgrmc1	0.0
chrX	35864418	0.0	RNA_siLuc	Pgrmc1	0.0
chrX	35864419	0.0	RNA_siLuc	Pgrmc1	0.0
chrX	35864420	0.0	RNA_siLuc	Pgrmc1	0.0
chrX	35864421	0.0	RNA_siLuc	Pgrmc1	0.0
chrX	35864422	0.0	RNA_siLuc	Pgrmc1	0.0
chrX	35864423	0.0	RNA_siLuc	Pgrmc1	0.0
chrX	35864424	0.0	RNA_siLuc	Pgrmc1	0.0
chrX	35864425	0.0	RNA_siLuc	Pgrmc1	0.0
chrX	35864426	0.0	RNA_siLuc	Pgrmc1	0.0
chrX	35864427	0.0	RNA_siLuc	Pgrmc1	0.0
chrX	35864428	0.0	RNA_siLuc	Pgrmc1	0.0
chrX	35864429	0.0	RNA_siLuc	Pgrmc1	0.0
chrX	35864430	0.0	RNA_siLuc	Pgrmc1	0.0
chrX	35864431	0.0	RNA_siLuc	Pgrmc1	0.0
chrX	35864432	0.0	RNA_siLuc	Pgrmc1	0.0
chrX	35864433	0.0	RNA_siLuc	Pgrmc1	0.0
chrX	35864434	0.0	RNA_siLuc	Pgrmc1	0.0
chrX	35864435	0.0	RNA_siLuc	Pgrmc1	0.0
chrX	35864436	0.0	RNA_siLuc	Pgrmc1	0.0
chrX	35864437	0.0	RNA_siLuc	Pgrmc1	0.0
chrX	35864438	0.0	RNA_siLuc	Pgrmc1	0.0
chrX	35864439	0.0	RNA_siLuc	Pgrmc1	0.0
chrX	35864440	0.0	RNA_siLuc	Pgrmc1	0.0
chrX	35864441	0.0	RNA_siLuc	Pgrmc1	0.0
chrX	35864442	0.0	RNA_siLuc	Pgrmc1	0.0
chrX	35864443	0.0	RNA_siLuc	Pgrmc1	0.0
chrX	35864444	0.0	RNA_siLuc	Pgrmc1	0.0
chrX	35864445	0.0	RNA_siLuc	Pgrmc1	0.0
chrX	35864446	0.0	RNA_siLuc	Pgrmc1	0.0
chrX	35864447	0.0	RNA_siLuc	Pgrmc1	0.0
chrX	35864448	0.0	RNA_siLuc	Pgrmc1	0.0
chrX	35864449	0.0	RNA_siLuc	Pgrmc1	0.0
chrX	35864450	0.0	RNA_siLuc	Pgrmc1	0.0
chrX	35864451	0.0	RNA_siLuc	Pgrmc1	0.0
chrX	35864452	0.0	RNA_siLuc	Pgrmc1	0.0
chrX	35864453	0.0	RNA_siLuc	Pgrmc1	0.0
chrX	35864454	0.0	RNA_siLuc	Pgrmc1	0.0
chrX	35864455	0.0	RNA_siLuc	Pgrmc1	0.0
chrX	35864456	0.0	RNA_siLuc	Pgrmc1	0.0
chrX	35864457	0.0	RNA_siLuc	Pgrmc1	0.0
chrX	35864458	0.0	RNA_siLuc	Pgrmc1	0.0
chrX	35864459	0.0	RNA_siLuc	Pgrmc1	0.0
chrX	35864460	0.0	RNA_siLuc	Pgrmc1	0.0
chrX	35864461	0.0	RNA_siLuc	Pgrmc1	0.0
chrX	35864462	0.0	RNA_siLuc	Pgrmc1	0.0
chrX	35864463	0.0	RNA_siLuc	Pgrmc1	0.0
chrX	35864464	0.0	RNA_siLuc	Pgrmc1	0.0
chrX	35864465	0.0	RNA_siLuc	Pgrmc1	0.0
chrX	35864466	0.0	RNA_siLuc	Pgrmc1	0.0
chrX	35864467	0.0	RNA_siLuc	Pgrmc1	0.0
chrX	35864468	0.0	RNA_siLuc	Pgrmc1	0.0
chrX	35864469	0.0	RNA_siLuc	Pgrmc1	0.0
chrX	35864470	0.0	RNA_siLuc	Pgrmc1	0.0
chrX	35864471	0.0	RNA_siLuc	Pgrmc1	0.0
chrX	35864472	0.0	RNA_siLuc	Pgrmc1	0.0
chrX	35864473	0.0	RNA_siLuc	Pgrmc1	0.0
chrX	35864474	0.0	RNA_siLuc	Pgrmc1	0.0
chrX	35864475	0.0	RNA_siLuc	Pgrmc1	0.0
chrX	35864476	0.0	RNA_siLuc	Pgrmc1	0.0
chrX	35864477	0.0	RNA_siLuc	Pgrmc1	0.0
chrX	35864478	0.0	RNA_siLuc	Pgrmc1	0.0
chrX	35864479	0.0	RNA_siLuc	Pgrmc1	0.0
chrX	35864480	0.0	RNA_siLuc	Pgrmc1	0.0
chrX	35864481	0.0	RNA_siLuc	Pgrmc1	0.0
chrX	35864482	0.0	RNA_siLuc	Pgrmc1	0.0
chrX	35864483	0.0	RNA_siLuc	Pgrmc1	0.0
chrX	35864484	0.0	RNA_siLuc	Pgrmc1	0.0
chrX	35864485	0.0	RNA_siLuc	Pgrmc1	0.0
chrX	35864486	0.0	RNA_siLuc	Pgrmc1	0.0
chrX	35864487	0.0	RNA_siLuc	Pgrmc1	0.0
chrX	35864488	0.0	RNA_siLuc	Pgrmc1	0.0
chrX	35864489	0.0	RNA_siLuc	Pgrmc1	0.0
chrX	35864490	0.0	RNA_siLuc	Pgrmc1	0.0
chrX	35864491	0.0	RNA_siLuc	Pgrmc1	0.0
chrX	35864492	0.0	RNA_siLuc	Pgrmc1	0.0
chrX	35864493	0.0	RNA_siLuc	Pgrmc1	0.0
chrX	35864494	0.0	RNA_siLuc	Pgrmc1	0.0
chrX	35864495	0.0	RNA_siLuc	Pgrmc1	0.0
chrX	35864496	0.0	RNA_siLuc	Pgrmc1	0.0
chrX	35864497	0.0	RNA_siLuc	Pgrmc1	0.0
chrX	35864498	0.0	RNA_siLuc	Pgrmc1	0.0
chrX	35864499	0.0	RNA_siLuc	Pgrmc1	0.0
chrX	35864500	0.0	RNA_siLuc	Pgrmc1	0.0
chrX	35864501	0.0	RNA_siLuc	Pgrmc1	0.0
chrX	35864502	0.0	RNA_siLuc	Pgrmc1	0.0
chrX	35864503	0.0	RNA_siLuc	Pgrmc1	0.0
chrX	35864504	0.0	RNA_siLuc	Pgrmc1	0.0
chrX	35864505	0.0	RNA_siLuc	Pgrmc1	0.0
chrX	35864506	0.0	RNA_siLuc	Pgrmc1	0.0
chrX	35864507	0.0	RNA_siLuc	Pgrmc1	0.0
chrX	35864508	0.0	RNA_siLuc	Pgrmc1	0.0
chrX	35864509	0.0	RNA_siLuc	Pgrmc1	0.0
chrX	35864510	0.0	RNA_siLuc	Pgrmc1	0.0
chrX	35864511	0.0	RNA_siLuc	Pgrmc1	0.0
chrX	35864512	0.0	RNA_siLuc	Pgrmc1	0.0
chrX	35864513	0.0	RNA_siLuc	Pgrmc1	0.0
chrX	35864514	0.0	RNA_siLuc	Pgrmc1	0.0
chrX	35864515	0.0	RNA_siLuc	Pgrmc1	0.0
chrX	35864516	0.0	RNA_siLuc	Pgrmc1	0.0
chrX	35864517	0.0	RNA_siLuc	Pgrmc1	0.0
chrX	35864518	0.0	RNA_siLuc	Pgrmc1	0.0
chrX	35864519	0.0	RNA_siLuc	Pgrmc1	0.0
chrX	35864520	0.0	RNA_siLuc	Pgrmc1	0.0
chrX	35864521	0.0	RNA_siLuc	Pgrmc1	0.0
chrX	35864522	0.0	RNA_siLuc	Pgrmc1	0.0
chrX	35864523	0.0	RNA_siLuc	Pgrmc1	0.0
chrX	35864524	0.0	RNA_siLuc	Pgrmc1	0.0
chrX	35864525	0.0	RNA_siLuc	Pgrmc1	0.0
chrX	35864526	0.0	RNA_siLuc	Pgrmc1	0.0
chrX	35864527	0.0	RNA_siLuc	Pgrmc1	0.0
chrX	35864528	0.0	RNA_siLuc	Pgrmc1	0.0
chrX	35864529	0.0	RNA_siLuc	Pgrmc1	0.0
chrX	35864530	0.0	RNA_siLuc	Pgrmc1	0.0
chrX	35864531	0.0	RNA_siLuc	Pgrmc1	0.0
chrX	35864532	0.0	RNA_siLuc	Pgrmc1	0.0
chrX	35864533	0.0	RNA_siLuc	Pgrmc1	0.0
chrX	35864534	0.0	RNA_siLuc	Pgrmc1	0.0
chrX	35864535	0.0	RNA_siLuc	Pgrmc1	0.0
chrX	35864536	0.0	RNA_siLuc	Pgrmc1	0.0
chrX	35864537	0.0	RNA_siLuc	Pgrmc1	0.0
chrX	35864538	0.0	RNA_siLuc	Pgrmc1	0.0
chrX	35864539	0.0	RNA_siLuc	Pgrmc1	0.0
chrX	35864540	0.0	RNA_siLuc	Pgrmc1	0.0
chrX	35864541	0.0	RNA_siLuc	Pgrmc1	0.0
chrX	35864542	0.0	RNA_siLuc	Pgrmc1	0.0
chrX	35864543	0.0	RNA_siLuc	Pgrmc1	0.0
chrX	35864544	0.0	RNA_siLuc	Pgrmc1	0.0
chrX	35864545	0.0	RNA_siLuc	Pgrmc1	0.0
chrX	35864546	0.0	RNA_siLuc	Pgrmc1	0.0
chrX	35864547	0.0	RNA_siLuc	Pgrmc1	0.0
chrX	35864548	0.0	RNA_siLuc	Pgrmc1	0.0
chrX	35864549	0.0	RNA_siLuc	Pgrmc1	0.0
chrX	35864550	0.0	RNA_siLuc	Pgrmc1	0.0
chrX	35864551	0.0	RNA_siLuc	Pgrmc1	0.0
chrX	35864552	0.0	RNA_siLuc	Pgrmc1	0.0
chrX	35864553	0.0	RNA_siLuc	Pgrmc1	0.0
chrX	35864554	0.0	RNA_siLuc	Pgrmc1	0.0
chrX	35864555	0.0	RNA_siLuc	Pgrmc1	0.0
chrX	35864556	0.0	RNA_siLuc	Pgrmc1	0.0
chrX	35864557	0.0	RNA_siLuc	Pgrmc1	0.0
chrX	35864558	0.0	RNA_siLuc	Pgrmc1	0.0
chrX	35864559	0.0	RNA_siLuc	Pgrmc1	0.0
chrX	35864560	0.0	RNA_siLuc	Pgrmc1	0.0
chrX	35864561	0.0	RNA_siLuc	Pgrmc1	0.0
chrX	35864562	0.0	RNA_siLuc	Pgrmc1	0.0
chrX	35864563	0.0	RNA_siLuc	Pgrmc1	0.0
chrX	35864564	0.0	RNA_siLuc	Pgrmc1	0.0
chrX	35864565	0.0	RNA_siLuc	Pgrmc1	0.0
chrX	35864566	0.0	RNA_siLuc	Pgrmc1	0.0
chrX	35864567	0.0	RNA_siLuc	Pgrmc1	0.0
chrX	35864568	0.0	RNA_siLuc	Pgrmc1	0.0
chrX	35864569	0.0	RNA_siLuc	Pgrmc1	0.0
chrX	35864570	0.0	RNA_siLuc	Pgrmc1	0.0
chrX	35864571	0.0	RNA_siLuc	Pgrmc1	0.0
chrX	35864572	0.0	RNA_siLuc	Pgrmc1	0.0
chrX	35864573	0.0	RNA_siLuc	Pgrmc1	0.0
chrX	35864574	0.0	RNA_siLuc	Pgrmc1	0.0
chrX	35864575	0.0	RNA_siLuc	Pgrmc1	0.0
chrX	35864576	0.0	RNA_siLuc	Pgrmc1	0.0
chrX	35864577	0.0	RNA_siLuc	Pgrmc1	0.0
chrX	35864578	0.0	RNA_siLuc	Pgrmc1	0.0
chrX	35864579	0.0	RNA_siLuc	Pgrmc1	0.0
chrX	35864580	0.0	RNA_siLuc	Pgrmc1	0.0
chrX	35864581	0.0	RNA_siLuc	Pgrmc1	0.0
chrX	35864582	0.0	RNA_siLuc	Pgrmc1	0.0
chrX	35864583	0.0	RNA_siLuc	Pgrmc1	0.0
chrX	35864584	0.0	RNA_siLuc	Pgrmc1	0.0
chrX	35864585	0.0	RNA_siLuc	Pgrmc1	0.0
chrX	35864586	0.0	RNA_siLuc	Pgrmc1	0.0
chrX	35864587	0.0	RNA_siLuc	Pgrmc1	0.0
chrX	35864588	0.0	RNA_siLuc	Pgrmc1	0.0
chrX	35864589	0.0	RNA_siLuc	Pgrmc1	0.0
chrX	35864590	0.0	RNA_siLuc	Pgrmc1	0.0
chrX	35864591	0.0	RNA_siLuc	Pgrmc1	0.0
chrX	35864592	0.0	RNA_siLuc	Pgrmc1	0.0
chrX	35864593	0.0	RNA_siLuc	Pgrmc1	0.0
chrX	35864594	0.0	RNA_siLuc	Pgrmc1	0.0
chrX	35864595	0.0	RNA_siLuc	Pgrmc1	0.0
chrX	35864596	0.0	RNA_siLuc	Pgrmc1	0.0
chrX	35864597	0.0	RNA_siLuc	Pgrmc1	0.0
chrX	35864598	0.0	RNA_siLuc	Pgrmc1	0.0
chrX	35864599	0.0	RNA_siLuc	Pgrmc1	0.0
chrX	35864600	0.0	RNA_siLuc	Pgrmc1	0.0
chrX	35864601	0.0	RNA_siLuc	Pgrmc1	0.0
chrX	35864602	0.0	RNA_siLuc	Pgrmc1	0.0
chrX	35864603	0.0	RNA_siLuc	Pgrmc1	0.0
chrX	35864604	0.0	RNA_siLuc	Pgrmc1	0.0
chrX	35864605	0.0	RNA_siLuc	Pgrmc1	0.0
chrX	35864606	0.0	RNA_siLuc	Pgrmc1	0.0
chrX	35864607	0.0	RNA_siLuc	Pgrmc1	0.0
chrX	35864608	0.0	RNA_siLuc	Pgrmc1	0.0
chrX	35864609	0.0	RNA_siLuc	Pgrmc1	0.0
chrX	35864610	0.0	RNA_siLuc	Pgrmc1	0.0
chrX	35864611	0.0	RNA_siLuc	Pgrmc1	0.0
chrX	35864612	0.0	RNA_siLuc	Pgrmc1	0.0
chrX	35864613	0.0	RNA_siLuc	Pgrmc1	0.0
chrX	35864614	0.0	RNA_siLuc	Pgrmc1	0.0
chrX	35864615	0.0	RNA_siLuc	Pgrmc1	0.0
chrX	35864616	0.0	RNA_siLuc	Pgrmc1	0.0
chrX	35864617	0.0	RNA_siLuc	Pgrmc1	0.0
chrX	35864618	0.0	RNA_siLuc	Pgrmc1	0.0
chrX	35864619	0.0	RNA_siLuc	Pgrmc1	0.0
chrX	35864620	0.0	RNA_siLuc	Pgrmc1	0.0
chrX	35864621	0.0	RNA_siLuc	Pgrmc1	0.0
chrX	35864622	0.0	RNA_siLuc	Pgrmc1	0.0
chrX	35864623	0.0	RNA_siLuc	Pgrmc1	0.0
chrX	35864624	0.0	RNA_siLuc	Pgrmc1	0.0
chrX	35864625	0.0	RNA_siLuc	Pgrmc1	0.0
chrX	35864626	0.0	RNA_siLuc	Pgrmc1	0.0
chrX	35864627	0.0	RNA_siLuc	Pgrmc1	0.0
chrX	35864628	0.0	RNA_siLuc	Pgrmc1	0.0
chrX	35864629	0.0	RNA_siLuc	Pgrmc1	0.0
chrX	35864630	0.0	RNA_siLuc	Pgrmc1	0.0
chrX	35864631	0.0	RNA_siLuc	Pgrmc1	0.0
chrX	35864632	0.0	RNA_siLuc	Pgrmc1	0.0
chrX	35864633	0.0	RNA_siLuc	Pgrmc1	0.0
chrX	35864634	0.0	RNA_siLuc	Pgrmc1	0.0
chrX	35864635	0.0	RNA_siLuc	Pgrmc1	0.0
chrX	35864636	0.0	RNA_siLuc	Pgrmc1	0.0
chrX	35864637	0.0	RNA_siLuc	Pgrmc1	0.0
chrX	35864638	0.0	RNA_siLuc	Pgrmc1	0.0
chrX	35864639	0.0	RNA_siLuc	Pgrmc1	0.0
chrX	35864640	0.0	RNA_siLuc	Pgrmc1	0.0
chrX	35864641	0.0	RNA_siLuc	Pgrmc1	0.0
chrX	35864642	0.0	RNA_siLuc	Pgrmc1	0.0
chrX	35864643	0.0	RNA_siLuc	Pgrmc1	0.0
chrX	35864644	0.0	RNA_siLuc	Pgrmc1	0.0
chrX	35864645	0.0	RNA_siLuc	Pgrmc1	0.0
chrX	35864646	0.0	RNA_siLuc	Pgrmc1	0.0
chrX	35864647	0.0	RNA_siLuc	Pgrmc1	0.0
chrX	35864648	0.0	RNA_siLuc	Pgrmc1	0.0
chrX	35864649	0.0	RNA_siLuc	Pgrmc1	0.0
chrX	35864650	0.0	RNA_siLuc	Pgrmc1	0.0
chrX	35864651	0.0	RNA_siLuc	Pgrmc1	0.0
chrX	35864652	0.0	RNA_siLuc	Pgrmc1	0.0
chrX	35864653	0.0	RNA_siLuc	Pgrmc1	0.0
chrX	35864654	0.0	RNA_siLuc	Pgrmc1	0.0
chrX	35864655	0.0	RNA_siLuc	Pgrmc1	0.0
chrX	35864656	0.0	RNA_siLuc	Pgrmc1	0.0
chrX	35864657	0.0	RNA_siLuc	Pgrmc1	0.0
chrX	35864658	0.0	RNA_siLuc	Pgrmc1	0.0
chrX	35864659	0.0	RNA_siLuc	Pgrmc1	0.0
chrX	35864660	0.0	RNA_siLuc	Pgrmc1	0.0
chrX	35864661	0.0	RNA_siLuc	Pgrmc1	0.0
chrX	35864662	0.0	RNA_siLuc	Pgrmc1	0.0
chrX	35864663	0.0	RNA_siLuc	Pgrmc1	0.0
chrX	35864664	0.0	RNA_siLuc	Pgrmc1	0.0
chrX	35864665	0.0	RNA_siLuc	Pgrmc1	0.0
chrX	35864666	0.0	RNA_siLuc	Pgrmc1	0.0
chrX	35864667	0.0	RNA_siLuc	Pgrmc1	0.0
chrX	35864668	0.0	RNA_siLuc	Pgrmc1	0.0
chrX	35864669	0.0	RNA_siLuc	Pgrmc1	0.0
chrX	35864670	0.0	RNA_siLuc	Pgrmc1	0.0
chrX	35864671	0.0	RNA_siLuc	Pgrmc1	0.0
chrX	35864672	0.0	RNA_siLuc	Pgrmc1	0.0
chrX	35864673	0.0	RNA_siLuc	Pgrmc1	0.0
chrX	35864674	0.0	RNA_siLuc	Pgrmc1	0.0
chrX	35864675	0.0	RNA_siLuc	Pgrmc1	0.0
chrX	35864676	0.0	RNA_siLuc	Pgrmc1	0.0
chrX	35864677	0.0	RNA_siLuc	Pgrmc1	0.0
chrX	35864678	0.0	RNA_siLuc	Pgrmc1	0.0
chrX	35864679	0.0	RNA_siLuc	Pgrmc1	0.0
chrX	35864680	0.0	RNA_siLuc	Pgrmc1	0.0
chrX	35864681	0.0	RNA_siLuc	Pgrmc1	0.0
chrX	35864682	0.0	RNA_siLuc	Pgrmc1	0.0
chrX	35864683	0.0	RNA_siLuc	Pgrmc1	0.0
chrX	35864684	0.0	RNA_siLuc	Pgrmc1	0.0
chrX	35864685	0.0	RNA_siLuc	Pgrmc1	0.0
chrX	35864686	0.0	RNA_siLuc	Pgrmc1	0.0
chrX	35864687	0.0	RNA_siLuc	Pgrmc1	0.0
chrX	35864688	0.0	RNA_siLuc	Pgrmc1	0.0
chrX	35864689	0.0	RNA_siLuc	Pgrmc1	0.0
chrX	35864690	0.0	RNA_siLuc	Pgrmc1	0.0
chrX	35864691	0.0	RNA_siLuc	Pgrmc1	0.0
chrX	35864692	0.0	RNA_siLuc	Pgrmc1	0.0
chrX	35864693	0.0	RNA_siLuc	Pgrmc1	0.0
chrX	35864694	0.0	RNA_siLuc	Pgrmc1	0.0
chrX	35864695	0.0	RNA_siLuc	Pgrmc1	0.0
chrX	35864696	0.0	RNA_siLuc	Pgrmc1	0.0
chrX	35864697	0.0	RNA_siLuc	Pgrmc1	0.0
chrX	35864698	0.0	RNA_siLuc	Pgrmc1	0.0
chrX	35864699	0.0	RNA_siLuc	Pgrmc1	0.0
chrX	35864700	0.0	RNA_siLuc	Pgrmc1	0.0
chrX	35864701	0.0	RNA_siLuc	Pgrmc1	0.0
chrX	35864702	0.0	RNA_siLuc	Pgrmc1	0.0
chrX	35864703	0.0	RNA_siLuc	Pgrmc1	0.0
chrX	35864704	0.0	RNA_siLuc	Pgrmc1	0.0
chrX	35864705	0.0	RNA_siLuc	Pgrmc1	0.0
chrX	35864706	0.0	RNA_siLuc	Pgrmc1	0.0
chrX	35864707	0.0	RNA_siLuc	Pgrmc1	0.0
chrX	35864708	0.0	RNA_siLuc	Pgrmc1	0.0
chrX	35864709	0.0	RNA_siLuc	Pgrmc1	0.0
chrX	35864710	0.0	RNA_siLuc	Pgrmc1	0.0
chrX	35864711	0.0	RNA_siLuc	Pgrmc1	0.0
chrX	35864712	0.0	RNA_siLuc	Pgrmc1	0.0
chrX	35864713	0.0	RNA_siLuc	Pgrmc1	0.0
chrX	35864714	0.0	RNA_siLuc	Pgrmc1	0.0
chrX	35864715	0.0	RNA_siLuc	Pgrmc1	0.0
chrX	35864716	0.0	RNA_siLuc	Pgrmc1	0.0
chrX	35864717	0.0	RNA_siLuc	Pgrmc1	0.0
chrX	35864718	0.0	RNA_siLuc	Pgrmc1	0.0
chrX	35864719	0.0	RNA_siLuc	Pgrmc1	0.0
chrX	35864720	0.0	RNA_siLuc	Pgrmc1	0.0
chrX	35864721	0.0	RNA_siLuc	Pgrmc1	0.0
chrX	35864722	0.0	RNA_siLuc	Pgrmc1	0.0
chrX	35864723	0.0	RNA_siLuc	Pgrmc1	0.0
chrX	35864724	0.0	RNA_siLuc	Pgrmc1	0.0
chrX	35864725	0.0	RNA_siLuc	Pgrmc1	0.0
chrX	35864726	0.0	RNA_siLuc	Pgrmc1	0.0
chrX	35864727	0.0	RNA_siLuc	Pgrmc1	0.0
chrX	35864728	0.0	RNA_siLuc	Pgrmc1	0.0
chrX	35864729	0.0	RNA_siLuc	Pgrmc1	0.0
chrX	35864730	0.0	RNA_siLuc	Pgrmc1	0.0
chrX	35864731	0.0	RNA_siLuc	Pgrmc1	0.0
chrX	35864732	0.0	RNA_siLuc	Pgrmc1	0.0
chrX	35864733	0.0	RNA_siLuc	Pgrmc1	0.0
chrX	35864734	0.0	RNA_siLuc	Pgrmc1	0.0
chrX	35864735	0.0	RNA_siLuc	Pgrmc1	0.0
chrX	35864736	0.0	RNA_siLuc	Pgrmc1	0.0
chrX	35864737	0.0	RNA_siLuc	Pgrmc1	0.0
chrX	35864738	0.0	RNA_siLuc	Pgrmc1	0.0
chrX	35864739	0.0	RNA_siLuc	Pgrmc1	0.0
chrX	35864740	0.0	RNA_siLuc	Pgrmc1	0.0
chrX	35864741	0.0	RNA_siLuc	Pgrmc1	0.0
chrX	35864742	0.0	RNA_siLuc	Pgrmc1	0.0
chrX	35864743	0.0	RNA_siLuc	Pgrmc1	0.0
chrX	35864744	0.0	RNA_siLuc	Pgrmc1	0.0
chrX	35864745	0.0	RNA_siLuc	Pgrmc1	0.0
chrX	35864746	0.0	RNA_siLuc	Pgrmc1	0.0
chrX	35864747	0.0	RNA_siLuc	Pgrmc1	0.0
chrX	35864748	0.0	RNA_siLuc	Pgrmc1	0.0
chrX	35864749	0.0	RNA_siLuc	Pgrmc1	0.0
chrX	35864750	0.0	RNA_siLuc	Pgrmc1	0.0
chrX	35864751	0.0	RNA_siLuc	Pgrmc1	0.0
chrX	35864752	0.0	RNA_siLuc	Pgrmc1	0.0
chrX	35864753	0.0	RNA_siLuc	Pgrmc1	0.0
chrX	35864754	0.0	RNA_siLuc	Pgrmc1	0.0
chrX	35864755	0.0	RNA_siLuc	Pgrmc1	0.0
chrX	35864756	0.0	RNA_siLuc	Pgrmc1	0.0
chrX	35864757	0.0	RNA_siLuc	Pgrmc1	0.0
chrX	35864758	0.0	RNA_siLuc	Pgrmc1	0.0
chrX	35864759	0.0	RNA_siLuc	Pgrmc1	0.0
chrX	35864760	0.0	RNA_siLuc	Pgrmc1	0.0
chrX	35864761	0.0	RNA_siLuc	Pgrmc1	0.0
chrX	35864762	0.0	RNA_siLuc	Pgrmc1	0.0
chrX	35864763	0.0	RNA_siLuc	Pgrmc1	0.0
chrX	35864764	0.0	RNA_siLuc	Pgrmc1	0.0
chrX	35864765	0.0	RNA_siLuc	Pgrmc1	0.0
chrX	35864766	0.0	RNA_siLuc	Pgrmc1	0.0
chrX	35864767	0.0	RNA_siLuc	Pgrmc1	0.0
chrX	35864768	0.0	RNA_siLuc	Pgrmc1	0.0
chrX	35864769	0.0	RNA_siLuc	Pgrmc1	0.0
chrX	35864770	0.0	RNA_siLuc	Pgrmc1	0.0
chrX	35864771	0.0	RNA_siLuc	Pgrmc1	0.0
chrX	35864772	0.0	RNA_siLuc	Pgrmc1	0.0
chrX	35864773	0.0	RNA_siLuc	Pgrmc1	0.0
chrX	35864774	0.0	RNA_siLuc	Pgrmc1	0.0
chrX	35864775	0.0	RNA_siLuc	Pgrmc1	0.0
chrX	35864776	0.0	RNA_siLuc	Pgrmc1	0.0
chrX	35864777	0.0	RNA_siLuc	Pgrmc1	0.0
chrX	35864778	0.0	RNA_siLuc	Pgrmc1	0.0
chrX	35864779	0.0	RNA_siLuc	Pgrmc1	0.0
chrX	35864780	0.0	RNA_siLuc	Pgrmc1	0.0
chrX	35864781	0.0	RNA_siLuc	Pgrmc1	0.0
chrX	35864782	0.0	RNA_siLuc	Pgrmc1	0.0
chrX	35864783	0.0	RNA_siLuc	Pgrmc1	0.0
chrX	35864784	0.0	RNA_siLuc	Pgrmc1	0.0
chrX	35864785	0.0	RNA_siLuc	Pgrmc1	0.0
chrX	35864786	0.0	RNA_siLuc	Pgrmc1	0.0
chrX	35864787	0.0	RNA_siLuc	Pgrmc1	0.0
chrX	35864788	0.0	RNA_siLuc	Pgrmc1	0.0
chrX	35864789	0.0	RNA_siLuc	Pgrmc1	0.0
chrX	35864790	0.0	RNA_siLuc	Pgrmc1	0.0
chrX	35864791	0.0	RNA_siLuc	Pgrmc1	0.0
chrX	35864792	0.0	RNA_siLuc	Pgrmc1	0.0
chrX	35864793	0.0	RNA_siLuc	Pgrmc1	0.0
chrX	35864794	0.0	RNA_siLuc	Pgrmc1	0.0
chrX	35864795	0.0	RNA_siLuc	Pgrmc1	0.0
chrX	35864796	0.0	RNA_siLuc	Pgrmc1	0.0
chrX	35864797	0.0	RNA_siLuc	Pgrmc1	0.0
chrX	35864798	0.0	RNA_siLuc	Pgrmc1	0.0
chrX	35864799	0.0	RNA_siLuc	Pgrmc1	0.0
chrX	35864800	0.0	RNA_siLuc	Pgrmc1	0.0
chrX	35864801	0.0	RNA_siLuc	Pgrmc1	0.0
chrX	35864802	0.0	RNA_siLuc	Pgrmc1	0.0
chrX	35864803	0.0	RNA_siLuc	Pgrmc1	0.0
chrX	35864804	0.0	RNA_siLuc	Pgrmc1	0.0
chrX	35864805	0.0	RNA_siLuc	Pgrmc1	0.0
chrX	35864806	0.0	RNA_siLuc	Pgrmc1	0.0
chrX	35864807	0.0	RNA_siLuc	Pgrmc1	0.0
chrX	35864808	0.0	RNA_siLuc	Pgrmc1	0.0
chrX	35864809	0.0	RNA_siLuc	Pgrmc1	0.0
chrX	35864810	0.0	RNA_siLuc	Pgrmc1	0.0
chrX	35864811	0.0	RNA_siLuc	Pgrmc1	0.0
chrX	35864812	0.0	RNA_siLuc	Pgrmc1	0.0
chrX	35864813	0.0	RNA_siLuc	Pgrmc1	0.0
chrX	35864814	0.0	RNA_siLuc	Pgrmc1	0.0
chrX	35864815	0.0	RNA_siLuc	Pgrmc1	0.0
chrX	35864816	0.0	RNA_siLuc	Pgrmc1	0.0
chrX	35864817	0.0	RNA_siLuc	Pgrmc1	0.0
chrX	35864818	0.0	RNA_siLuc	Pgrmc1	0.0
chrX	35864819	0.0	RNA_siLuc	Pgrmc1	0.0
chrX	35864820	0.0	RNA_siLuc	Pgrmc1	0.0
chrX	35864821	0.0	RNA_siLuc	Pgrmc1	0.0
chrX	35864822	0.0	RNA_siLuc	Pgrmc1	0.0
chrX	35864823	0.0	RNA_siLuc	Pgrmc1	0.0
chrX	35864824	0.0	RNA_siLuc	Pgrmc1	0.0
chrX	35864825	0.0	RNA_siLuc	Pgrmc1	0.0
chrX	35864826	0.0	RNA_siLuc	Pgrmc1	0.0
chrX	35864827	0.0	RNA_siLuc	Pgrmc1	0.0
chrX	35864828	0.0	RNA_siLuc	Pgrmc1	0.0
chrX	35864829	0.0	RNA_siLuc	Pgrmc1	0.0
chrX	35864830	0.0	RNA_siLuc	Pgrmc1	0.0
chrX	35864831	0.0	RNA_siLuc	Pgrmc1	0.0
chrX	35864832	0.0	RNA_siLuc	Pgrmc1	0.0
chrX	35864833	0.0	RNA_siLuc	Pgrmc1	0.0
chrX	35864834	0.0	RNA_siLuc	Pgrmc1	0.0
chrX	35864835	0.0	RNA_siLuc	Pgrmc1	0.0
chrX	35864836	0.0	RNA_siLuc	Pgrmc1	0.0
chrX	35864837	0.0	RNA_siLuc	Pgrmc1	0.0
chrX	35864838	0.0	RNA_siLuc	Pgrmc1	0.0
chrX	35864839	0.0	RNA_siLuc	Pgrmc1	0.0
chrX	35864840	0.0	RNA_siLuc	Pgrmc1	0.0
chrX	35864841	0.0	RNA_siLuc	Pgrmc1	0.0
chrX	35864842	0.0	RNA_siLuc	Pgrmc1	0.0
chrX	35864843	0.0	RNA_siLuc	Pgrmc1	0.0
chrX	35864844	0.0	RNA_siLuc	Pgrmc1	0.0
chrX	35864845	0.0	RNA_siLuc	Pgrmc1	0.0
chrX	35864846	0.0	RNA_siLuc	Pgrmc1	0.0
chrX	35864847	0.0	RNA_siLuc	Pgrmc1	0.0
chrX	35864848	0.0	RNA_siLuc	Pgrmc1	0.0
chrX	35864849	0.0	RNA_siLuc	Pgrmc1	0.0
chrX	35864850	0.0	RNA_siLuc	Pgrmc1	0.0
chrX	35864851	0.0	RNA_siLuc	Pgrmc1	0.0
chrX	35864852	0.0	RNA_siLuc	Pgrmc1	0.0
chrX	35864853	0.0	RNA_siLuc	Pgrmc1	0.0
chrX	35864854	0.0	RNA_siLuc	Pgrmc1	0.0
chrX	35864855	0.0	RNA_siLuc	Pgrmc1	0.0
chrX	35864856	0.0	RNA_siLuc	Pgrmc1	0.0
chrX	35864857	0.0	RNA_siLuc	Pgrmc1	0.0
chrX	35864858	0.0	RNA_siLuc	Pgrmc1	0.0
chrX	35864859	0.0	RNA_siLuc	Pgrmc1	0.0
chrX	35864860	0.0	RNA_siLuc	Pgrmc1	0.0
chrX	35864861	0.0	RNA_siLuc	Pgrmc1	0.0
chrX	35864862	0.0	RNA_siLuc	Pgrmc1	0.0
chrX	35864863	0.0	RNA_siLuc	Pgrmc1	0.0
chrX	35864864	0.0	RNA_siLuc	Pgrmc1	0.0
chrX	35864865	0.0	RNA_siLuc	Pgrmc1	0.0
chrX	35864866	0.0	RNA_siLuc	Pgrmc1	0.0
chrX	35864867	0.0	RNA_siLuc	Pgrmc1	0.0
chrX	35864868	0.0	RNA_siLuc	Pgrmc1	0.0
chrX	35864869	0.0	RNA_siLuc	Pgrmc1	0.0
chrX	35864870	0.0	RNA_siLuc	Pgrmc1	0.0
chrX	35864871	0.0	RNA_siLuc	Pgrmc1	0.0
chrX	35864872	0.0	RNA_siLuc	Pgrmc1	0.0
chrX	35864873	0.0	RNA_siLuc	Pgrmc1	0.0
chrX	35864874	0.0	RNA_siLuc	Pgrmc1	0.0
chrX	35864875	0.0	RNA_siLuc	Pgrmc1	0.0
chrX	35864876	0.0	RNA_siLuc	Pgrmc1	0.0
chrX	35864877	0.0	RNA_siLuc	Pgrmc1	0.0
chrX	35864878	0.0	RNA_siLuc	Pgrmc1	0.0
chrX	35864879	0.0	RNA_siLuc	Pgrmc1	0.0
chrX	35864880	0.0	RNA_siLuc	Pgrmc1	0.0
chrX	35864881	0.0	RNA_siLuc	Pgrmc1	0.0
chrX	35864882	0.0	RNA_siLuc	Pgrmc1	0.0
chrX	35864883	0.0	RNA_siLuc	Pgrmc1	0.0
chrX	35864884	0.0	RNA_siLuc	Pgrmc1	0.0
chrX	35864885	0.0	RNA_siLuc	Pgrmc1	0.0
chrX	35864886	0.0	RNA_siLuc	Pgrmc1	0.0
chrX	35864887	0.0	RNA_siLuc	Pgrmc1	0.0
chrX	35864888	0.0	RNA_siLuc	Pgrmc1	0.0
chrX	35864889	0.0	RNA_siLuc	Pgrmc1	0.0
chrX	35864890	0.0	RNA_siLuc	Pgrmc1	0.0
chrX	35864891	0.0	RNA_siLuc	Pgrmc1	0.0
chrX	35864892	0.0	RNA_siLuc	Pgrmc1	0.0
chrX	35864893	0.0	RNA_siLuc	Pgrmc1	0.0
chrX	35864894	0.0	RNA_siLuc	Pgrmc1	0.0
chrX	35864895	0.0	RNA_siLuc	Pgrmc1	0.0
chrX	35864896	0.0	RNA_siLuc	Pgrmc1	0.0
chrX	35864897	0.0	RNA_siLuc	Pgrmc1	0.0
chrX	35864898	0.0	RNA_siLuc	Pgrmc1	0.0
chrX	35864899	0.0	RNA_siLuc	Pgrmc1	0.0
chrX	35864900	0.0	RNA_siLuc	Pgrmc1	0.0
chrX	35864901	0.0	RNA_siLuc	Pgrmc1	0.0
chrX	35864902	0.0	RNA_siLuc	Pgrmc1	0.0
chrX	35864903	0.0	RNA_siLuc	Pgrmc1	0.0
chrX	35864904	0.0	RNA_siLuc	Pgrmc1	0.0
chrX	35864905	0.0	RNA_siLuc	Pgrmc1	0.0
chrX	35864906	0.0	RNA_siLuc	Pgrmc1	0.0
chrX	35864907	0.0	RNA_siLuc	Pgrmc1	0.0
chrX	35864908	0.0	RNA_siLuc	Pgrmc1	0.0
chrX	35864909	0.0	RNA_siLuc	Pgrmc1	0.0
chrX	35864910	0.0	RNA_siLuc	Pgrmc1	0.0
chrX	35864911	0.0	RNA_siLuc	Pgrmc1	0.0
chrX	35864912	0.0	RNA_siLuc	Pgrmc1	0.0
chrX	35864913	0.0	RNA_siLuc	Pgrmc1	0.0
chrX	35864914	0.0	RNA_siLuc	Pgrmc1	0.0
chrX	35864915	0.0	RNA_siLuc	Pgrmc1	0.0
chrX	35864916	0.0	RNA_siLuc	Pgrmc1	0.0
chrX	35864917	0.0	RNA_siLuc	Pgrmc1	0.0
chrX	35864918	0.0	RNA_siLuc	Pgrmc1	0.0
chrX	35864919	0.0	RNA_siLuc	Pgrmc1	0.0
chrX	35864920	0.0	RNA_siLuc	Pgrmc1	0.0
chrX	35864921	0.0	RNA_siLuc	Pgrmc1	0.0
chrX	35864922	0.0	RNA_siLuc	Pgrmc1	0.0
chrX	35864923	0.0	RNA_siLuc	Pgrmc1	0.0
chrX	35864924	0.0	RNA_siLuc	Pgrmc1	0.0
chrX	35864925	0.0	RNA_siLuc	Pgrmc1	0.0
chrX	35864926	0.0	RNA_siLuc	Pgrmc1	0.0
chrX	35864927	0.0	RNA_siLuc	Pgrmc1	0.0
chrX	35864928	0.0	RNA_siLuc	Pgrmc1	0.0
chrX	35864929	0.0	RNA_siLuc	Pgrmc1	0.0
chrX	35864930	0.0	RNA_siLuc	Pgrmc1	0.0
chrX	35864931	0.0	RNA_siLuc	Pgrmc1	0.0
chrX	35864932	0.0	RNA_siLuc	Pgrmc1	0.0
chrX	35864933	0.0	RNA_siLuc	Pgrmc1	0.0
chrX	35864934	0.0	RNA_siLuc	Pgrmc1	0.0
chrX	35864935	0.0	RNA_siLuc	Pgrmc1	0.0
chrX	35864936	0.0	RNA_siLuc	Pgrmc1	0.0
chrX	35864937	0.0	RNA_siLuc	Pgrmc1	0.0
chrX	35864938	0.0	RNA_siLuc	Pgrmc1	0.0
chrX	35864939	0.0	RNA_siLuc	Pgrmc1	0.0
chrX	35864940	0.0	RNA_siLuc	Pgrmc1	0.0
chrX	35864941	0.0	RNA_siLuc	Pgrmc1	0.0
chrX	35864942	0.0	RNA_siLuc	Pgrmc1	0.0
chrX	35864943	0.0	RNA_siLuc	Pgrmc1	0.0
chrX	35864944	0.0	RNA_siLuc	Pgrmc1	0.0
chrX	35864945	0.0	RNA_siLuc	Pgrmc1	0.0
chrX	35864946	0.0	RNA_siLuc	Pgrmc1	0.0
chrX	35864947	0.0	RNA_siLuc	Pgrmc1	0.0
chrX	35864948	0.0	RNA_siLuc	Pgrmc1	0.0
chrX	35864949	0.0	RNA_siLuc	Pgrmc1	0.0
chrX	35864950	0.0	RNA_siLuc	Pgrmc1	0.0
chrX	35864951	0.0	RNA_siLuc	Pgrmc1	0.0
chrX	35864952	0.0	RNA_siLuc	Pgrmc1	0.0
chrX	35864953	0.0	RNA_siLuc	Pgrmc1	0.0
chrX	35864954	0.0	RNA_siLuc	Pgrmc1	0.0
chrX	35864955	0.0	RNA_siLuc	Pgrmc1	0.0
chrX	35864956	0.0	RNA_siLuc	Pgrmc1	0.0
chrX	35864957	0.0	RNA_siLuc	Pgrmc1	0.0
chrX	35864958	0.0	RNA_siLuc	Pgrmc1	0.0
chrX	35864959	0.0	RNA_siLuc	Pgrmc1	0.0
chrX	35864960	0.0	RNA_siLuc	Pgrmc1	0.0
chrX	35864961	0.0	RNA_siLuc	Pgrmc1	0.0
chrX	35864962	0.0	RNA_siLuc	Pgrmc1	0.0
chrX	35864963	0.0	RNA_siLuc	Pgrmc1	0.0
chrX	35864964	0.0	RNA_siLuc	Pgrmc1	0.0
chrX	35864965	0.0	RNA_siLuc	Pgrmc1	0.0
chrX	35864966	0.0	RNA_siLuc	Pgrmc1	0.0
chrX	35864967	0.0	RNA_siLuc	Pgrmc1	0.0
chrX	35864968	0.0	RNA_siLuc	Pgrmc1	0.0
chrX	35864969	0.0	RNA_siLuc	Pgrmc1	0.0
chrX	35864970	0.0	RNA_siLuc	Pgrmc1	0.0
chrX	35864971	0.0	RNA_siLuc	Pgrmc1	0.0
chrX	35864972	0.0	RNA_siLuc	Pgrmc1	0.0
chrX	35864973	0.0	RNA_siLuc	Pgrmc1	0.0
chrX	35864974	0.0	RNA_siLuc	Pgrmc1	0.0
chrX	35864975	0.0	RNA_siLuc	Pgrmc1	0.0
chrX	35864976	0.0	RNA_siLuc	Pgrmc1	0.0
chrX	35864977	0.0	RNA_siLuc	Pgrmc1	0.0
chrX	35864978	0.0	RNA_siLuc	Pgrmc1	0.0
chrX	35864979	0.0	RNA_siLuc	Pgrmc1	0.0
chrX	35864980	0.0	RNA_siLuc	Pgrmc1	0.0
chrX	35864981	0.0	RNA_siLuc	Pgrmc1	0.0
chrX	35864982	0.0	RNA_siLuc	Pgrmc1	0.0
chrX	35864983	0.0	RNA_siLuc	Pgrmc1	0.0
chrX	35864984	0.0	RNA_siLuc	Pgrmc1	0.0
chrX	35864985	0.0	RNA_siLuc	Pgrmc1	0.0
chrX	35864986	0.0	RNA_siLuc	Pgrmc1	0.0
chrX	35864987	0.0	RNA_siLuc	Pgrmc1	0.0
chrX	35864988	0.0	RNA_siLuc	Pgrmc1	0.0
chrX	35864989	0.0	RNA_siLuc	Pgrmc1	0.0
chrX	35864990	0.0	RNA_siLuc	Pgrmc1	0.0
chrX	35864991	0.0	RNA_siLuc	Pgrmc1	0.0
chrX	35864992	0.0	RNA_siLuc	Pgrmc1	0.0
chrX	35864993	0.0	RNA_siLuc	Pgrmc1	0.0
chrX	35864994	0.0	RNA_siLuc	Pgrmc1	0.0
chrX	35864995	0.0	RNA_siLuc	Pgrmc1	0.0
chrX	35864996	0.0	RNA_siLuc	Pgrmc1	0.0
chrX	35864997	0.0	RNA_siLuc	Pgrmc1	0.0
chrX	35864998	0.0	RNA_siLuc	Pgrmc1	0.0
chrX	35864999	0.0	RNA_siLuc	Pgrmc1	0.0
chrX	35865000	0.0	RNA_siLuc	Pgrmc1	0.0
chrX	35865001	0.0	RNA_siLuc	Pgrmc1	0.0
chrX	35865002	0.0	RNA_siLuc	Pgrmc1	0.0
chrX	35865003	0.0	RNA_siLuc	Pgrmc1	0.0
chrX	35865004	0.0	RNA_siLuc	Pgrmc1	0.0
chrX	35865005	0.0	RNA_siLuc	Pgrmc1	0.0
chrX	35865006	0.0	RNA_siLuc	Pgrmc1	0.0
chrX	35865007	0.0	RNA_siLuc	Pgrmc1	0.0
chrX	35865008	0.0	RNA_siLuc	Pgrmc1	0.0
chrX	35865009	0.0	RNA_siLuc	Pgrmc1	0.0
chrX	35865010	0.0	RNA_siLuc	Pgrmc1	0.0
chrX	35865011	0.0	RNA_siLuc	Pgrmc1	0.0
chrX	35865012	0.0	RNA_siLuc	Pgrmc1	0.0
chrX	35865013	0.0	RNA_siLuc	Pgrmc1	0.0
chrX	35865014	0.0	RNA_siLuc	Pgrmc1	0.0
chrX	35865015	0.0	RNA_siLuc	Pgrmc1	0.0
chrX	35865016	0.0	RNA_siLuc	Pgrmc1	0.0
chrX	35865017	0.0	RNA_siLuc	Pgrmc1	0.0
chrX	35865018	0.0	RNA_siLuc	Pgrmc1	0.0
chrX	35865019	0.0	RNA_siLuc	Pgrmc1	0.0
chrX	35865020	0.0	RNA_siLuc	Pgrmc1	0.0
chrX	35865021	0.0	RNA_siLuc	Pgrmc1	0.0
chrX	35865022	0.0	RNA_siLuc	Pgrmc1	0.0
chrX	35865023	0.0	RNA_siLuc	Pgrmc1	0.0
chrX	35865024	0.0	RNA_siLuc	Pgrmc1	0.0
chrX	35865025	0.0	RNA_siLuc	Pgrmc1	0.0
chrX	35865026	0.0	RNA_siLuc	Pgrmc1	0.0
chrX	35865027	0.0	RNA_siLuc	Pgrmc1	0.0
chrX	35865028	0.0	RNA_siLuc	Pgrmc1	0.0
chrX	35865029	0.0	RNA_siLuc	Pgrmc1	0.0
chrX	35865030	0.0	RNA_siLuc	Pgrmc1	0.0
chrX	35865031	0.0	RNA_siLuc	Pgrmc1	0.0
chrX	35865032	0.0	RNA_siLuc	Pgrmc1	0.0
chrX	35865033	0.0	RNA_siLuc	Pgrmc1	0.0
chrX	35865034	0.0	RNA_siLuc	Pgrmc1	0.0
chrX	35865035	0.0	RNA_siLuc	Pgrmc1	0.0
chrX	35865036	0.0	RNA_siLuc	Pgrmc1	0.0
chrX	35865037	0.0	RNA_siLuc	Pgrmc1	0.0
chrX	35865038	0.0	RNA_siLuc	Pgrmc1	0.0
chrX	35865039	0.0	RNA_siLuc	Pgrmc1	0.0
chrX	35865040	0.0	RNA_siLuc	Pgrmc1	0.0
chrX	35865041	0.0	RNA_siLuc	Pgrmc1	0.0
chrX	35865042	0.0	RNA_siLuc	Pgrmc1	0.0
chrX	35865043	0.0	RNA_siLuc	Pgrmc1	0.0
chrX	35865044	0.0	RNA_siLuc	Pgrmc1	0.0
chrX	35865045	0.0	RNA_siLuc	Pgrmc1	0.0
chrX	35865046	0.0	RNA_siLuc	Pgrmc1	0.0
chrX	35865047	0.0	RNA_siLuc	Pgrmc1	0.0
chrX	35865048	0.0	RNA_siLuc	Pgrmc1	0.0
chrX	35865049	0.0	RNA_siLuc	Pgrmc1	0.0
chrX	35865050	0.0	RNA_siLuc	Pgrmc1	0.0
chrX	35865051	0.0	RNA_siLuc	Pgrmc1	0.0
chrX	35865052	0.0	RNA_siLuc	Pgrmc1	0.0
chrX	35865053	0.0	RNA_siLuc	Pgrmc1	0.0
chrX	35865054	0.0	RNA_siLuc	Pgrmc1	0.0
chrX	35865055	0.0	RNA_siLuc	Pgrmc1	0.0
chrX	35865056	0.0	RNA_siLuc	Pgrmc1	0.0
chrX	35865057	0.0	RNA_siLuc	Pgrmc1	0.0
chrX	35865058	0.0	RNA_siLuc	Pgrmc1	0.0
chrX	35865059	0.0	RNA_siLuc	Pgrmc1	0.0
chrX	35865060	0.0	RNA_siLuc	Pgrmc1	0.0
chrX	35865061	0.0	RNA_siLuc	Pgrmc1	0.0
chrX	35865062	0.0	RNA_siLuc	Pgrmc1	0.0
chrX	35865063	0.0	RNA_siLuc	Pgrmc1	0.0
chrX	35865064	0.0	RNA_siLuc	Pgrmc1	0.0
chrX	35865065	0.0	RNA_siLuc	Pgrmc1	0.0
chrX	35865066	0.0	RNA_siLuc	Pgrmc1	0.0
chrX	35865067	0.0	RNA_siLuc	Pgrmc1	0.0
chrX	35865068	0.0	RNA_siLuc	Pgrmc1	0.0
chrX	35865069	0.0	RNA_siLuc	Pgrmc1	0.0
chrX	35865070	0.0	RNA_siLuc	Pgrmc1	0.0
chrX	35865071	0.0	RNA_siLuc	Pgrmc1	0.0
chrX	35865072	0.0	RNA_siLuc	Pgrmc1	0.0
chrX	35865073	0.0	RNA_siLuc	Pgrmc1	0.0
chrX	35865074	0.0	RNA_siLuc	Pgrmc1	0.0
chrX	35865075	0.0	RNA_siLuc	Pgrmc1	0.0
chrX	35865076	0.0	RNA_siLuc	Pgrmc1	0.0
chrX	35865077	0.0	RNA_siLuc	Pgrmc1	0.0
chrX	35865078	0.0	RNA_siLuc	Pgrmc1	0.0
chrX	35865079	0.0	RNA_siLuc	Pgrmc1	0.0
chrX	35865080	0.0	RNA_siLuc	Pgrmc1	0.0
chrX	35865081	0.0	RNA_siLuc	Pgrmc1	0.0
chrX	35865082	0.0	RNA_siLuc	Pgrmc1	0.0
chrX	35865083	0.0	RNA_siLuc	Pgrmc1	0.0
chrX	35865084	0.0	RNA_siLuc	Pgrmc1	0.0
chrX	35865085	0.0	RNA_siLuc	Pgrmc1	0.0
chrX	35865086	0.0	RNA_siLuc	Pgrmc1	0.0
chrX	35865087	0.0	RNA_siLuc	Pgrmc1	0.0
chrX	35865088	0.0	RNA_siLuc	Pgrmc1	0.0
chrX	35865089	0.0	RNA_siLuc	Pgrmc1	0.0
chrX	35865090	0.0	RNA_siLuc	Pgrmc1	0.0
chrX	35865091	0.0	RNA_siLuc	Pgrmc1	0.0
chrX	35865092	0.0	RNA_siLuc	Pgrmc1	0.0
chrX	35865093	0.0	RNA_siLuc	Pgrmc1	0.0
chrX	35865094	0.0	RNA_siLuc	Pgrmc1	0.0
chrX	35865095	0.0	RNA_siLuc	Pgrmc1	0.0
chrX	35865096	0.0	RNA_siLuc	Pgrmc1	0.0
chrX	35865097	0.0	RNA_siLuc	Pgrmc1	0.0
chrX	35865098	0.0	RNA_siLuc	Pgrmc1	0.0
chrX	35865099	0.0	RNA_siLuc	Pgrmc1	0.0
chrX	35865100	0.0	RNA_siLuc	Pgrmc1	0.0
chrX	35865101	0.0	RNA_siLuc	Pgrmc1	0.0
chrX	35865102	0.0	RNA_siLuc	Pgrmc1	0.0
chrX	35865103	0.0	RNA_siLuc	Pgrmc1	0.0
chrX	35865104	0.0	RNA_siLuc	Pgrmc1	0.0
chrX	35865105	0.0	RNA_siLuc	Pgrmc1	0.0
chrX	35865106	0.0	RNA_siLuc	Pgrmc1	0.0
chrX	35865107	0.0	RNA_siLuc	Pgrmc1	0.0
chrX	35865108	0.0	RNA_siLuc	Pgrmc1	0.0
chrX	35865109	0.0	RNA_siLuc	Pgrmc1	0.0
chrX	35865110	0.0	RNA_siLuc	Pgrmc1	0.0
chrX	35865111	0.0	RNA_siLuc	Pgrmc1	0.0
chrX	35865112	0.0	RNA_siLuc	Pgrmc1	0.0
chrX	35865113	0.0	RNA_siLuc	Pgrmc1	0.0
chrX	35865114	0.0	RNA_siLuc	Pgrmc1	0.0
chrX	35865115	0.0	RNA_siLuc	Pgrmc1	0.0
chrX	35865116	0.0	RNA_siLuc	Pgrmc1	0.0
chrX	35865117	0.0	RNA_siLuc	Pgrmc1	0.0
chrX	35865118	0.0	RNA_siLuc	Pgrmc1	0.0
chrX	35865119	0.0	RNA_siLuc	Pgrmc1	0.0
chrX	35865120	0.0	RNA_siLuc	Pgrmc1	0.0
chrX	35865121	0.0	RNA_siLuc	Pgrmc1	0.0
chrX	35865122	0.0	RNA_siLuc	Pgrmc1	0.0
chrX	35865123	0.0	RNA_siLuc	Pgrmc1	0.0
chrX	35865124	0.0	RNA_siLuc	Pgrmc1	0.0
chrX	35865125	0.0	RNA_siLuc	Pgrmc1	0.0
chrX	35865126	0.0	RNA_siLuc	Pgrmc1	0.0
chrX	35865127	0.0	RNA_siLuc	Pgrmc1	0.0
chrX	35865128	0.0	RNA_siLuc	Pgrmc1	0.0
chrX	35865129	0.0	RNA_siLuc	Pgrmc1	0.0
chrX	35865130	0.0	RNA_siLuc	Pgrmc1	0.0
chrX	35865131	0.0	RNA_siLuc	Pgrmc1	0.0
chrX	35865132	0.0	RNA_siLuc	Pgrmc1	0.0
chrX	35865133	0.0	RNA_siLuc	Pgrmc1	0.0
chrX	35865134	0.0	RNA_siLuc	Pgrmc1	0.0
chrX	35865135	0.0	RNA_siLuc	Pgrmc1	0.0
chrX	35865136	0.0	RNA_siLuc	Pgrmc1	0.0
chrX	35865137	0.0	RNA_siLuc	Pgrmc1	0.0
chrX	35865138	0.0	RNA_siLuc	Pgrmc1	0.0
chrX	35865139	0.0	RNA_siLuc	Pgrmc1	0.0
chrX	35865140	0.0	RNA_siLuc	Pgrmc1	0.0
chrX	35865141	0.0	RNA_siLuc	Pgrmc1	0.0
chrX	35865142	0.0	RNA_siLuc	Pgrmc1	0.0
chrX	35865143	0.0	RNA_siLuc	Pgrmc1	0.0
chrX	35865144	0.0	RNA_siLuc	Pgrmc1	0.0
chrX	35865145	0.0	RNA_siLuc	Pgrmc1	0.0
chrX	35865146	0.0	RNA_siLuc	Pgrmc1	0.0
chrX	35865147	0.0	RNA_siLuc	Pgrmc1	0.0
chrX	35865148	0.0	RNA_siLuc	Pgrmc1	0.0
chrX	35865149	0.0	RNA_siLuc	Pgrmc1	0.0
chrX	35865150	0.0	RNA_siLuc	Pgrmc1	0.0
chrX	35865151	0.0	RNA_siLuc	Pgrmc1	0.0
chrX	35865152	0.0	RNA_siLuc	Pgrmc1	0.0
chrX	35865153	0.0	RNA_siLuc	Pgrmc1	0.0
chrX	35865154	0.0	RNA_siLuc	Pgrmc1	0.0
chrX	35865155	0.0	RNA_siLuc	Pgrmc1	0.0
chrX	35865156	0.0	RNA_siLuc	Pgrmc1	0.0
chrX	35865157	0.0	RNA_siLuc	Pgrmc1	0.0
chrX	35865158	0.0	RNA_siLuc	Pgrmc1	0.0
chrX	35865159	0.0	RNA_siLuc	Pgrmc1	0.0
chrX	35865160	0.0	RNA_siLuc	Pgrmc1	0.0
chrX	35865161	0.0	RNA_siLuc	Pgrmc1	0.0
chrX	35865162	0.0	RNA_siLuc	Pgrmc1	0.0
chrX	35865163	0.0	RNA_siLuc	Pgrmc1	0.0
chrX	35865164	0.0	RNA_siLuc	Pgrmc1	0.0
chrX	35865165	0.0	RNA_siLuc	Pgrmc1	0.0
chrX	35865166	0.0	RNA_siLuc	Pgrmc1	0.0
chrX	35865167	0.0	RNA_siLuc	Pgrmc1	0.0
chrX	35865168	0.0	RNA_siLuc	Pgrmc1	0.0
chrX	35865169	0.0	RNA_siLuc	Pgrmc1	0.0
chrX	35865170	0.0	RNA_siLuc	Pgrmc1	0.0
chrX	35865171	0.0	RNA_siLuc	Pgrmc1	0.0
chrX	35865172	0.0	RNA_siLuc	Pgrmc1	0.0
chrX	35865173	0.0	RNA_siLuc	Pgrmc1	0.0
chrX	35865174	0.0	RNA_siLuc	Pgrmc1	0.0
chrX	35865175	0.0	RNA_siLuc	Pgrmc1	0.0
chrX	35865176	0.0	RNA_siLuc	Pgrmc1	0.0
chrX	35865177	0.0	RNA_siLuc	Pgrmc1	0.0
chrX	35865178	0.0	RNA_siLuc	Pgrmc1	0.0
chrX	35865179	0.0	RNA_siLuc	Pgrmc1	0.0
chrX	35865180	0.0	RNA_siLuc	Pgrmc1	0.0
chrX	35865181	0.0	RNA_siLuc	Pgrmc1	0.0
chrX	35865182	0.0	RNA_siLuc	Pgrmc1	0.0
chrX	35865183	0.0	RNA_siLuc	Pgrmc1	0.0
chrX	35865184	0.0	RNA_siLuc	Pgrmc1	0.0
chrX	35865185	0.0	RNA_siLuc	Pgrmc1	0.0
chrX	35865186	0.0	RNA_siLuc	Pgrmc1	0.0
chrX	35865187	0.0	RNA_siLuc	Pgrmc1	0.0
chrX	35865188	0.0	RNA_siLuc	Pgrmc1	0.0
chrX	35865189	0.0	RNA_siLuc	Pgrmc1	0.0
chrX	35865190	0.0	RNA_siLuc	Pgrmc1	0.0
chrX	35865191	0.0	RNA_siLuc	Pgrmc1	0.0
chrX	35865192	0.0	RNA_siLuc	Pgrmc1	0.0
chrX	35865193	0.0	RNA_siLuc	Pgrmc1	0.0
chrX	35865194	0.0	RNA_siLuc	Pgrmc1	0.0
chrX	35865195	0.0	RNA_siLuc	Pgrmc1	0.0
chrX	35865196	0.0	RNA_siLuc	Pgrmc1	0.0
chrX	35865197	0.0	RNA_siLuc	Pgrmc1	0.0
chrX	35865198	0.0	RNA_siLuc	Pgrmc1	0.0
chrX	35865199	0.0	RNA_siLuc	Pgrmc1	0.0
chrX	35865200	0.0	RNA_siLuc	Pgrmc1	0.0
chrX	35865201	0.0	RNA_siLuc	Pgrmc1	0.0
chrX	35865202	0.0	RNA_siLuc	Pgrmc1	0.0
chrX	35865203	0.0	RNA_siLuc	Pgrmc1	0.0
chrX	35865204	0.0	RNA_siLuc	Pgrmc1	0.0
chrX	35865205	0.0	RNA_siLuc	Pgrmc1	0.0
chrX	35865206	0.0	RNA_siLuc	Pgrmc1	0.0
chrX	35865207	0.0	RNA_siLuc	Pgrmc1	0.0
chrX	35865208	0.0	RNA_siLuc	Pgrmc1	0.0
chrX	35865209	0.0	RNA_siLuc	Pgrmc1	0.0
chrX	35865210	0.0	RNA_siLuc	Pgrmc1	0.0
chrX	35865211	0.0	RNA_siLuc	Pgrmc1	0.0
chrX	35865212	0.0	RNA_siLuc	Pgrmc1	0.0
chrX	35865213	0.0	RNA_siLuc	Pgrmc1	0.0
chrX	35865214	0.0	RNA_siLuc	Pgrmc1	0.0
chrX	35865215	0.0	RNA_siLuc	Pgrmc1	0.0
chrX	35865216	0.0	RNA_siLuc	Pgrmc1	0.0
chrX	35865217	0.0	RNA_siLuc	Pgrmc1	0.0
chrX	35865218	0.0	RNA_siLuc	Pgrmc1	0.0
chrX	35865219	0.0	RNA_siLuc	Pgrmc1	0.0
chrX	35865220	0.0	RNA_siLuc	Pgrmc1	0.0
chrX	35865221	0.0	RNA_siLuc	Pgrmc1	0.0
chrX	35865222	0.0	RNA_siLuc	Pgrmc1	0.0
chrX	35865223	0.0	RNA_siLuc	Pgrmc1	0.0
chrX	35865224	0.0	RNA_siLuc	Pgrmc1	0.0
chrX	35865225	0.0	RNA_siLuc	Pgrmc1	0.0
chrX	35865226	0.0	RNA_siLuc	Pgrmc1	0.0
chrX	35865227	0.0	RNA_siLuc	Pgrmc1	0.0
chrX	35865228	0.0	RNA_siLuc	Pgrmc1	0.0
chrX	35865229	0.0	RNA_siLuc	Pgrmc1	0.0
chrX	35865230	0.0	RNA_siLuc	Pgrmc1	0.0
chrX	35865231	0.0	RNA_siLuc	Pgrmc1	0.0
chrX	35865232	0.0	RNA_siLuc	Pgrmc1	0.0
chrX	35865233	0.0	RNA_siLuc	Pgrmc1	0.0
chrX	35865234	0.0	RNA_siLuc	Pgrmc1	0.0
chrX	35865235	0.0	RNA_siLuc	Pgrmc1	0.0
chrX	35865236	0.0	RNA_siLuc	Pgrmc1	0.0
chrX	35865237	0.0	RNA_siLuc	Pgrmc1	0.0
chrX	35865238	0.0	RNA_siLuc	Pgrmc1	0.0
chrX	35865239	0.0	RNA_siLuc	Pgrmc1	0.0
chrX	35865240	0.0	RNA_siLuc	Pgrmc1	0.0
chrX	35865241	0.0	RNA_siLuc	Pgrmc1	0.0
chrX	35865242	0.0	RNA_siLuc	Pgrmc1	0.0
chrX	35865243	0.0	RNA_siLuc	Pgrmc1	0.0
chrX	35865244	0.0	RNA_siLuc	Pgrmc1	0.0
chrX	35865245	0.0	RNA_siLuc	Pgrmc1	0.0
chrX	35865246	0.0	RNA_siLuc	Pgrmc1	0.0
chrX	35865247	0.0	RNA_siLuc	Pgrmc1	0.0
chrX	35865248	0.0	RNA_siLuc	Pgrmc1	0.0
chrX	35865249	0.0	RNA_siLuc	Pgrmc1	0.0
chrX	35865250	0.0	RNA_siLuc	Pgrmc1	0.0
chrX	35865251	0.0	RNA_siLuc	Pgrmc1	0.0
chrX	35865252	0.0	RNA_siLuc	Pgrmc1	0.0
chrX	35865253	0.0	RNA_siLuc	Pgrmc1	0.0
chrX	35865254	0.0	RNA_siLuc	Pgrmc1	0.0
chrX	35865255	0.0	RNA_siLuc	Pgrmc1	0.0
chrX	35865256	0.0	RNA_siLuc	Pgrmc1	0.0
chrX	35865257	0.0	RNA_siLuc	Pgrmc1	0.0
chrX	35865258	0.0	RNA_siLuc	Pgrmc1	0.0
chrX	35865259	0.0	RNA_siLuc	Pgrmc1	0.0
chrX	35865260	0.0	RNA_siLuc	Pgrmc1	0.0
chrX	35865261	0.0	RNA_siLuc	Pgrmc1	0.0
chrX	35865262	0.0	RNA_siLuc	Pgrmc1	0.0
chrX	35865263	0.0	RNA_siLuc	Pgrmc1	0.0
chrX	35865264	0.0	RNA_siLuc	Pgrmc1	0.0
chrX	35865265	0.0	RNA_siLuc	Pgrmc1	0.0
chrX	35865266	0.0	RNA_siLuc	Pgrmc1	0.0
chrX	35865267	0.0	RNA_siLuc	Pgrmc1	0.0
chrX	35865268	0.0	RNA_siLuc	Pgrmc1	0.0
chrX	35865269	0.0	RNA_siLuc	Pgrmc1	0.0
chrX	35865270	0.0	RNA_siLuc	Pgrmc1	0.0
chrX	35865271	0.0	RNA_siLuc	Pgrmc1	0.0
chrX	35865272	0.0	RNA_siLuc	Pgrmc1	0.0
chrX	35865273	0.0	RNA_siLuc	Pgrmc1	0.0
chrX	35865274	0.0	RNA_siLuc	Pgrmc1	0.0
chrX	35865275	0.0	RNA_siLuc	Pgrmc1	0.0
chrX	35865276	0.0	RNA_siLuc	Pgrmc1	0.0
chrX	35865277	0.0	RNA_siLuc	Pgrmc1	0.0
chrX	35865278	0.0	RNA_siLuc	Pgrmc1	0.0
chrX	35865279	0.0	RNA_siLuc	Pgrmc1	0.0
chrX	35865280	0.0	RNA_siLuc	Pgrmc1	0.0
chrX	35865281	0.0	RNA_siLuc	Pgrmc1	0.0
chrX	35865282	0.0	RNA_siLuc	Pgrmc1	0.0
chrX	35865283	0.0	RNA_siLuc	Pgrmc1	0.0
chrX	35865284	0.0	RNA_siLuc	Pgrmc1	0.0
chrX	35865285	0.0	RNA_siLuc	Pgrmc1	0.0
chrX	35865286	0.0	RNA_siLuc	Pgrmc1	0.0
chrX	35865287	0.0	RNA_siLuc	Pgrmc1	0.0
chrX	35865288	0.0	RNA_siLuc	Pgrmc1	0.0
chrX	35865289	0.0	RNA_siLuc	Pgrmc1	0.0
chrX	35865290	0.0	RNA_siLuc	Pgrmc1	0.0
chrX	35865291	0.0	RNA_siLuc	Pgrmc1	0.0
chrX	35865292	0.0	RNA_siLuc	Pgrmc1	0.0
chrX	35865293	0.0	RNA_siLuc	Pgrmc1	0.0
chrX	35865294	0.0	RNA_siLuc	Pgrmc1	0.0
chrX	35865295	0.0	RNA_siLuc	Pgrmc1	0.0
chrX	35865296	0.0	RNA_siLuc	Pgrmc1	0.0
chrX	35865297	0.0	RNA_siLuc	Pgrmc1	0.0
chrX	35865298	0.0	RNA_siLuc	Pgrmc1	0.0
chrX	35865299	0.0	RNA_siLuc	Pgrmc1	0.0
chrX	35865300	0.0	RNA_siLuc	Pgrmc1	0.0
chrX	35865301	0.0	RNA_siLuc	Pgrmc1	0.0
chrX	35865302	0.0	RNA_siLuc	Pgrmc1	0.0
chrX	35865303	0.0	RNA_siLuc	Pgrmc1	0.0
chrX	35865304	0.0	RNA_siLuc	Pgrmc1	0.0
chrX	35865305	0.0	RNA_siLuc	Pgrmc1	0.0
chrX	35865306	0.0	RNA_siLuc	Pgrmc1	0.0
chrX	35865307	0.0	RNA_siLuc	Pgrmc1	0.0
chrX	35865308	0.0	RNA_siLuc	Pgrmc1	0.0
chrX	35865309	0.0	RNA_siLuc	Pgrmc1	0.0
chrX	35865310	0.0	RNA_siLuc	Pgrmc1	0.0
chrX	35865311	0.0	RNA_siLuc	Pgrmc1	0.0
chrX	35865312	0.0	RNA_siLuc	Pgrmc1	0.0
chrX	35865313	0.0	RNA_siLuc	Pgrmc1	0.0
chrX	35865314	0.0	RNA_siLuc	Pgrmc1	0.0
chrX	35865315	0.0	RNA_siLuc	Pgrmc1	0.0
chrX	35865316	0.0	RNA_siLuc	Pgrmc1	0.0
chrX	35865317	0.0	RNA_siLuc	Pgrmc1	0.0
chrX	35865318	0.0	RNA_siLuc	Pgrmc1	0.0
chrX	35865319	0.0	RNA_siLuc	Pgrmc1	0.0
chrX	35865320	0.0	RNA_siLuc	Pgrmc1	0.0
chrX	35865321	0.0	RNA_siLuc	Pgrmc1	0.0
chrX	35865322	0.0	RNA_siLuc	Pgrmc1	0.0
chrX	35865323	0.0	RNA_siLuc	Pgrmc1	0.0
chrX	35865324	0.0	RNA_siLuc	Pgrmc1	0.0
chrX	35865325	0.0	RNA_siLuc	Pgrmc1	0.0
chrX	35865326	0.0	RNA_siLuc	Pgrmc1	0.0
chrX	35865327	0.0	RNA_siLuc	Pgrmc1	0.0
chrX	35865328	0.0	RNA_siLuc	Pgrmc1	0.0
chrX	35865329	0.0	RNA_siLuc	Pgrmc1	0.0
chrX	35865330	0.0	RNA_siLuc	Pgrmc1	0.0
chrX	35865331	0.0	RNA_siLuc	Pgrmc1	0.0
chrX	35865332	0.0	RNA_siLuc	Pgrmc1	0.0
chrX	35865333	0.0	RNA_siLuc	Pgrmc1	0.0
chrX	35865334	0.0	RNA_siLuc	Pgrmc1	0.0
chrX	35865335	0.0	RNA_siLuc	Pgrmc1	0.0
chrX	35865336	0.0	RNA_siLuc	Pgrmc1	0.0
chrX	35865337	0.0	RNA_siLuc	Pgrmc1	0.0
chrX	35865338	0.0	RNA_siLuc	Pgrmc1	0.0
chrX	35865339	0.0	RNA_siLuc	Pgrmc1	0.0
chrX	35865340	0.0	RNA_siLuc	Pgrmc1	0.0
chrX	35865341	0.0	RNA_siLuc	Pgrmc1	0.0
chrX	35865342	0.0	RNA_siLuc	Pgrmc1	0.0
chrX	35865343	0.0	RNA_siLuc	Pgrmc1	0.0
chrX	35865344	0.0	RNA_siLuc	Pgrmc1	0.0
chrX	35865345	0.0	RNA_siLuc	Pgrmc1	0.0
chrX	35865346	0.0	RNA_siLuc	Pgrmc1	0.0
chrX	35865347	0.0	RNA_siLuc	Pgrmc1	0.0
chrX	35865348	0.0	RNA_siLuc	Pgrmc1	0.0
chrX	35865349	0.0	RNA_siLuc	Pgrmc1	0.0
chrX	35865350	0.0	RNA_siLuc	Pgrmc1	0.0
chrX	35865351	0.0	RNA_siLuc	Pgrmc1	0.0
chrX	35865352	0.0	RNA_siLuc	Pgrmc1	0.0
chrX	35865353	0.0	RNA_siLuc	Pgrmc1	0.0
chrX	35865354	0.0	RNA_siLuc	Pgrmc1	0.0
chrX	35865355	0.0	RNA_siLuc	Pgrmc1	0.0
chrX	35865356	0.0	RNA_siLuc	Pgrmc1	0.0
chrX	35865357	0.0	RNA_siLuc	Pgrmc1	0.0
chrX	35865358	0.0	RNA_siLuc	Pgrmc1	0.0
chrX	35865359	0.0	RNA_siLuc	Pgrmc1	0.0
chrX	35865360	0.0	RNA_siLuc	Pgrmc1	0.0
chrX	35865361	0.0	RNA_siLuc	Pgrmc1	0.0
chrX	35865362	0.0	RNA_siLuc	Pgrmc1	0.0
chrX	35865363	0.0	RNA_siLuc	Pgrmc1	0.0
chrX	35865364	0.0	RNA_siLuc	Pgrmc1	0.0
chrX	35865365	0.0	RNA_siLuc	Pgrmc1	0.0
chrX	35865366	0.0	RNA_siLuc	Pgrmc1	0.0
chrX	35865367	0.0	RNA_siLuc	Pgrmc1	0.0
chrX	35865368	0.0	RNA_siLuc	Pgrmc1	0.0
chrX	35865369	0.0	RNA_siLuc	Pgrmc1	0.0
chrX	35865370	0.0	RNA_siLuc	Pgrmc1	0.0
chrX	35865371	0.0	RNA_siLuc	Pgrmc1	0.0
chrX	35865372	0.0	RNA_siLuc	Pgrmc1	0.0
chrX	35865373	0.0	RNA_siLuc	Pgrmc1	0.0
chrX	35865374	0.0	RNA_siLuc	Pgrmc1	0.0
chrX	35865375	0.0	RNA_siLuc	Pgrmc1	0.0
chrX	35865376	0.0	RNA_siLuc	Pgrmc1	0.0
chrX	35865377	0.0	RNA_siLuc	Pgrmc1	0.0
chrX	35865378	0.0	RNA_siLuc	Pgrmc1	0.0
chrX	35865379	0.0	RNA_siLuc	Pgrmc1	0.0
chrX	35865380	0.0	RNA_siLuc	Pgrmc1	0.0
chrX	35865381	0.0	RNA_siLuc	Pgrmc1	0.0
chrX	35865382	0.0	RNA_siLuc	Pgrmc1	0.0
chrX	35865383	0.0	RNA_siLuc	Pgrmc1	0.0
chrX	35865384	0.0	RNA_siLuc	Pgrmc1	0.0
chrX	35865385	0.0	RNA_siLuc	Pgrmc1	0.0
chrX	35865386	0.0	RNA_siLuc	Pgrmc1	0.0
chrX	35865387	0.0	RNA_siLuc	Pgrmc1	0.0
chrX	35865388	0.0	RNA_siLuc	Pgrmc1	0.0
chrX	35865389	0.0	RNA_siLuc	Pgrmc1	0.0
chrX	35865390	0.0	RNA_siLuc	Pgrmc1	0.0
chrX	35865391	0.0	RNA_siLuc	Pgrmc1	0.0
chrX	35865392	0.0	RNA_siLuc	Pgrmc1	0.0
chrX	35865393	0.0	RNA_siLuc	Pgrmc1	0.0
chrX	35865394	0.0	RNA_siLuc	Pgrmc1	0.0
chrX	35865395	0.0	RNA_siLuc	Pgrmc1	0.0
chrX	35865396	0.0	RNA_siLuc	Pgrmc1	0.0
chrX	35865397	0.0	RNA_siLuc	Pgrmc1	0.0
chrX	35865398	0.0	RNA_siLuc	Pgrmc1	0.0
chrX	35865399	0.0	RNA_siLuc	Pgrmc1	0.0
chrX	35865400	0.0	RNA_siLuc	Pgrmc1	0.0
chrX	35865401	0.0	RNA_siLuc	Pgrmc1	0.0
chrX	35865402	0.0	RNA_siLuc	Pgrmc1	0.0
chrX	35865403	0.0	RNA_siLuc	Pgrmc1	0.0
chrX	35865404	0.0	RNA_siLuc	Pgrmc1	0.0
chrX	35865405	0.0	RNA_siLuc	Pgrmc1	0.0
chrX	35865406	0.0	RNA_siLuc	Pgrmc1	0.0
chrX	35865407	0.0	RNA_siLuc	Pgrmc1	0.0
chrX	35865408	0.0	RNA_siLuc	Pgrmc1	0.0
chrX	35865409	0.0	RNA_siLuc	Pgrmc1	0.0
chrX	35865410	0.0	RNA_siLuc	Pgrmc1	0.0
chrX	35865411	0.0	RNA_siLuc	Pgrmc1	0.0
chrX	35865412	0.0	RNA_siLuc	Pgrmc1	0.0
chrX	35865413	0.0	RNA_siLuc	Pgrmc1	0.0
chrX	35865414	0.0	RNA_siLuc	Pgrmc1	0.0
chrX	35865415	0.0	RNA_siLuc	Pgrmc1	0.0
chrX	35865416	0.0	RNA_siLuc	Pgrmc1	0.0
chrX	35865417	0.0	RNA_siLuc	Pgrmc1	0.0
chrX	35865418	0.0	RNA_siLuc	Pgrmc1	0.0
chrX	35865419	0.0	RNA_siLuc	Pgrmc1	0.0
chrX	35865420	0.0	RNA_siLuc	Pgrmc1	0.0
chrX	35865421	0.0	RNA_siLuc	Pgrmc1	0.0
chrX	35865422	0.0	RNA_siLuc	Pgrmc1	0.0
chrX	35865423	0.0	RNA_siLuc	Pgrmc1	0.0
chrX	35865424	0.0	RNA_siLuc	Pgrmc1	0.0
chrX	35865425	0.0	RNA_siLuc	Pgrmc1	0.0
chrX	35865426	0.0	RNA_siLuc	Pgrmc1	0.0
chrX	35865427	0.0	RNA_siLuc	Pgrmc1	0.0
chrX	35865428	0.0	RNA_siLuc	Pgrmc1	0.0
chrX	35865429	0.0	RNA_siLuc	Pgrmc1	0.0
chrX	35865430	0.0	RNA_siLuc	Pgrmc1	0.0
chrX	35865431	0.0	RNA_siLuc	Pgrmc1	0.0
chrX	35865432	0.0	RNA_siLuc	Pgrmc1	0.0
chrX	35865433	0.0	RNA_siLuc	Pgrmc1	0.0
chrX	35865434	0.0	RNA_siLuc	Pgrmc1	0.0
chrX	35865435	0.0	RNA_siLuc	Pgrmc1	0.0
chrX	35865436	0.0	RNA_siLuc	Pgrmc1	0.0
chrX	35865437	0.0	RNA_siLuc	Pgrmc1	0.0
chrX	35865438	0.0	RNA_siLuc	Pgrmc1	0.0
chrX	35865439	0.0	RNA_siLuc	Pgrmc1	0.0
chrX	35865440	0.0	RNA_siLuc	Pgrmc1	0.0
chrX	35865441	0.0	RNA_siLuc	Pgrmc1	0.0
chrX	35865442	0.0	RNA_siLuc	Pgrmc1	0.0
chrX	35865443	0.0	RNA_siLuc	Pgrmc1	0.0
chrX	35865444	0.0	RNA_siLuc	Pgrmc1	0.0
chrX	35865445	0.0	RNA_siLuc	Pgrmc1	0.0
chrX	35865446	0.0	RNA_siLuc	Pgrmc1	0.0
chrX	35865447	0.0	RNA_siLuc	Pgrmc1	0.0
chrX	35865448	0.0	RNA_siLuc	Pgrmc1	0.0
chrX	35865449	0.0	RNA_siLuc	Pgrmc1	0.0
chrX	35865450	0.0	RNA_siLuc	Pgrmc1	0.0
chrX	35865451	0.0	RNA_siLuc	Pgrmc1	0.0
chrX	35865452	0.0	RNA_siLuc	Pgrmc1	0.0
chrX	35865453	0.0	RNA_siLuc	Pgrmc1	0.0
chrX	35865454	0.0	RNA_siLuc	Pgrmc1	0.0
chrX	35865455	0.0	RNA_siLuc	Pgrmc1	0.0
chrX	35865456	0.0	RNA_siLuc	Pgrmc1	0.0
chrX	35865457	0.0	RNA_siLuc	Pgrmc1	0.0
chrX	35865458	0.0	RNA_siLuc	Pgrmc1	0.0
chrX	35865459	0.0	RNA_siLuc	Pgrmc1	0.0
chrX	35865460	0.0	RNA_siLuc	Pgrmc1	0.0
chrX	35865461	0.0	RNA_siLuc	Pgrmc1	0.0
chrX	35865462	0.0	RNA_siLuc	Pgrmc1	0.0
chrX	35865463	0.0	RNA_siLuc	Pgrmc1	0.0
chrX	35865464	0.0	RNA_siLuc	Pgrmc1	0.0
chrX	35865465	0.0	RNA_siLuc	Pgrmc1	0.0
chrX	35865466	0.0	RNA_siLuc	Pgrmc1	0.0
chrX	35865467	0.0	RNA_siLuc	Pgrmc1	0.0
chrX	35865468	0.0	RNA_siLuc	Pgrmc1	0.0
chrX	35865469	0.0	RNA_siLuc	Pgrmc1	0.0
chrX	35865470	0.0	RNA_siLuc	Pgrmc1	0.0
chrX	35865471	0.0	RNA_siLuc	Pgrmc1	0.0
chrX	35865472	0.0	RNA_siLuc	Pgrmc1	0.0
chrX	35865473	0.0	RNA_siLuc	Pgrmc1	0.0
chrX	35865474	0.0	RNA_siLuc	Pgrmc1	0.0
chrX	35865475	0.0	RNA_siLuc	Pgrmc1	0.0
chrX	35865476	0.0	RNA_siLuc	Pgrmc1	0.0
chrX	35865477	0.0	RNA_siLuc	Pgrmc1	0.0
chrX	35865478	0.0	RNA_siLuc	Pgrmc1	0.0
chrX	35865479	0.0	RNA_siLuc	Pgrmc1	0.0
chrX	35865480	0.0	RNA_siLuc	Pgrmc1	0.0
chrX	35865481	0.0	RNA_siLuc	Pgrmc1	0.0
chrX	35865482	0.0	RNA_siLuc	Pgrmc1	0.0
chrX	35865483	0.0	RNA_siLuc	Pgrmc1	0.0
chrX	35865484	0.0	RNA_siLuc	Pgrmc1	0.0
chrX	35865485	0.0	RNA_siLuc	Pgrmc1	0.0
chrX	35865486	0.0	RNA_siLuc	Pgrmc1	0.0
chrX	35865487	0.0	RNA_siLuc	Pgrmc1	0.0
chrX	35865488	0.0	RNA_siLuc	Pgrmc1	0.0
chrX	35865489	0.0	RNA_siLuc	Pgrmc1	0.0
chrX	35865490	0.0	RNA_siLuc	Pgrmc1	0.0
chrX	35865491	0.0	RNA_siLuc	Pgrmc1	0.0
chrX	35865492	0.0	RNA_siLuc	Pgrmc1	0.0
chrX	35865493	0.0	RNA_siLuc	Pgrmc1	0.0
chrX	35865494	0.0	RNA_siLuc	Pgrmc1	0.0
chrX	35865495	0.0	RNA_siLuc	Pgrmc1	0.0
chrX	35865496	0.0	RNA_siLuc	Pgrmc1	0.0
chrX	35865497	0.0	RNA_siLuc	Pgrmc1	0.0
chrX	35865498	0.0	RNA_siLuc	Pgrmc1	0.0
chrX	35865499	0.0	RNA_siLuc	Pgrmc1	0.0
chrX	35865500	0.0	RNA_siLuc	Pgrmc1	0.0
chrX	35865501	0.0	RNA_siLuc	Pgrmc1	0.0
chrX	35865502	0.0	RNA_siLuc	Pgrmc1	0.0
chrX	35865503	0.0	RNA_siLuc	Pgrmc1	0.0
chrX	35865504	0.0	RNA_siLuc	Pgrmc1	0.0
chrX	35865505	0.0	RNA_siLuc	Pgrmc1	0.0
chrX	35865506	0.0	RNA_siLuc	Pgrmc1	0.0
chrX	35865507	0.0	RNA_siLuc	Pgrmc1	0.0
chrX	35865508	0.0	RNA_siLuc	Pgrmc1	0.0
chrX	35865509	0.0	RNA_siLuc	Pgrmc1	0.0
chrX	35865510	0.0	RNA_siLuc	Pgrmc1	0.0
chrX	35865511	0.0	RNA_siLuc	Pgrmc1	0.0
chrX	35865512	0.0	RNA_siLuc	Pgrmc1	0.0
chrX	35865513	0.0	RNA_siLuc	Pgrmc1	0.0
chrX	35865514	0.0	RNA_siLuc	Pgrmc1	0.0
chrX	35865515	0.0	RNA_siLuc	Pgrmc1	0.0
chrX	35865516	0.0	RNA_siLuc	Pgrmc1	0.0
chrX	35865517	0.0	RNA_siLuc	Pgrmc1	0.0
chrX	35865518	0.0	RNA_siLuc	Pgrmc1	0.0
chrX	35865519	0.0	RNA_siLuc	Pgrmc1	0.0
chrX	35865520	0.0	RNA_siLuc	Pgrmc1	0.0
chrX	35865521	0.0	RNA_siLuc	Pgrmc1	0.0
chrX	35865522	0.0	RNA_siLuc	Pgrmc1	0.0
chrX	35865523	0.0	RNA_siLuc	Pgrmc1	0.0
chrX	35865524	0.0	RNA_siLuc	Pgrmc1	0.0
chrX	35865525	0.0	RNA_siLuc	Pgrmc1	0.0
chrX	35865526	0.0	RNA_siLuc	Pgrmc1	0.0
chrX	35865527	0.0	RNA_siLuc	Pgrmc1	0.0
chrX	35865528	0.0	RNA_siLuc	Pgrmc1	0.0
chrX	35865529	0.0	RNA_siLuc	Pgrmc1	0.0
chrX	35865530	0.0	RNA_siLuc	Pgrmc1	0.0
chrX	35865531	0.0	RNA_siLuc	Pgrmc1	0.0
chrX	35865532	0.0	RNA_siLuc	Pgrmc1	0.0
chrX	35865533	0.0	RNA_siLuc	Pgrmc1	0.0
chrX	35865534	0.0	RNA_siLuc	Pgrmc1	0.0
chrX	35865535	0.0	RNA_siLuc	Pgrmc1	0.0
chrX	35865536	0.0	RNA_siLuc	Pgrmc1	0.0
chrX	35865537	0.0	RNA_siLuc	Pgrmc1	0.0
chrX	35865538	0.0	RNA_siLuc	Pgrmc1	0.0
chrX	35865539	0.0	RNA_siLuc	Pgrmc1	0.0
chrX	35865540	0.0	RNA_siLuc	Pgrmc1	0.0
chrX	35865541	0.0	RNA_siLuc	Pgrmc1	0.0
chrX	35865542	0.0	RNA_siLuc	Pgrmc1	0.0
chrX	35865543	0.0	RNA_siLuc	Pgrmc1	0.0
chrX	35865544	0.0	RNA_siLuc	Pgrmc1	0.0
chrX	35865545	0.0	RNA_siLuc	Pgrmc1	0.0
chrX	35865546	0.0	RNA_siLuc	Pgrmc1	0.0
chrX	35865547	0.0	RNA_siLuc	Pgrmc1	0.0
chrX	35865548	0.0	RNA_siLuc	Pgrmc1	0.0
chrX	35865549	0.0	RNA_siLuc	Pgrmc1	0.0
chrX	35865550	0.0	RNA_siLuc	Pgrmc1	0.0
chrX	35865551	0.0	RNA_siLuc	Pgrmc1	0.0
chrX	35865552	0.0	RNA_siLuc	Pgrmc1	0.0
chrX	35865553	4.0	RNA_siLuc	Pgrmc1	0.15512429450440388
chrX	35865554	4.0	RNA_siLuc	Pgrmc1	0.15512429450440388
chrX	35865555	4.0	RNA_siLuc	Pgrmc1	0.15512429450440388
chrX	35865556	4.0	RNA_siLuc	Pgrmc1	0.15512429450440388
chrX	35865557	4.0	RNA_siLuc	Pgrmc1	0.15512429450440388
chrX	35865558	4.0	RNA_siLuc	Pgrmc1	0.15512429450440388
chrX	35865559	4.0	RNA_siLuc	Pgrmc1	0.15512429450440388
chrX	35865560	4.0	RNA_siLuc	Pgrmc1	0.15512429450440388
chrX	35865561	4.0	RNA_siLuc	Pgrmc1	0.15512429450440388
chrX	35865562	4.0	RNA_siLuc	Pgrmc1	0.15512429450440388
chrX	35865563	4.0	RNA_siLuc	Pgrmc1	0.15512429450440388
chrX	35865564	4.0	RNA_siLuc	Pgrmc1	0.15512429450440388
chrX	35865565	4.0	RNA_siLuc	Pgrmc1	0.15512429450440388
chrX	35865566	4.0	RNA_siLuc	Pgrmc1	0.15512429450440388
chrX	35865567	4.0	RNA_siLuc	Pgrmc1	0.15512429450440388
chrX	35865568	4.0	RNA_siLuc	Pgrmc1	0.15512429450440388
chrX	35865569	4.0	RNA_siLuc	Pgrmc1	0.15512429450440388
chrX	35865570	4.0	RNA_siLuc	Pgrmc1	0.15512429450440388
chrX	35865571	4.0	RNA_siLuc	Pgrmc1	0.15512429450440388
chrX	35865572	4.0	RNA_siLuc	Pgrmc1	0.15512429450440388
chrX	35865573	4.0	RNA_siLuc	Pgrmc1	0.15512429450440388
chrX	35865574	4.0	RNA_siLuc	Pgrmc1	0.15512429450440388
chrX	35865575	4.0	RNA_siLuc	Pgrmc1	0.15512429450440388
chrX	35865576	4.0	RNA_siLuc	Pgrmc1	0.15512429450440388
chrX	35865577	4.0	RNA_siLuc	Pgrmc1	0.15512429450440388
chrX	35865578	4.0	RNA_siLuc	Pgrmc1	0.15512429450440388
chrX	35865579	7.0	RNA_siLuc	Pgrmc1	0.27146751538270675
chrX	35865580	7.0	RNA_siLuc	Pgrmc1	0.27146751538270675
chrX	35865581	7.0	RNA_siLuc	Pgrmc1	0.27146751538270675
chrX	35865582	7.0	RNA_siLuc	Pgrmc1	0.27146751538270675
chrX	35865583	7.0	RNA_siLuc	Pgrmc1	0.27146751538270675
chrX	35865584	7.0	RNA_siLuc	Pgrmc1	0.27146751538270675
chrX	35865585	7.0	RNA_siLuc	Pgrmc1	0.27146751538270675
chrX	35865586	7.0	RNA_siLuc	Pgrmc1	0.27146751538270675
chrX	35865587	7.0	RNA_siLuc	Pgrmc1	0.27146751538270675
chrX	35865588	7.0	RNA_siLuc	Pgrmc1	0.27146751538270675
chrX	35865589	7.0	RNA_siLuc	Pgrmc1	0.27146751538270675
chrX	35865590	7.0	RNA_siLuc	Pgrmc1	0.27146751538270675
chrX	35865591	7.0	RNA_siLuc	Pgrmc1	0.27146751538270675
chrX	35865592	7.0	RNA_siLuc	Pgrmc1	0.27146751538270675
chrX	35865593	7.0	RNA_siLuc	Pgrmc1	0.27146751538270675
chrX	35865594	7.0	RNA_siLuc	Pgrmc1	0.27146751538270675
chrX	35865595	7.0	RNA_siLuc	Pgrmc1	0.27146751538270675
chrX	35865596	7.0	RNA_siLuc	Pgrmc1	0.27146751538270675
chrX	35865597	7.0	RNA_siLuc	Pgrmc1	0.27146751538270675
chrX	35865598	7.0	RNA_siLuc	Pgrmc1	0.27146751538270675
chrX	35865599	7.0	RNA_siLuc	Pgrmc1	0.27146751538270675
chrX	35865600	7.0	RNA_siLuc	Pgrmc1	0.27146751538270675
chrX	35865601	7.0	RNA_siLuc	Pgrmc1	0.27146751538270675
chrX	35865602	7.0	RNA_siLuc	Pgrmc1	0.27146751538270675
chrX	35865603	7.0	RNA_siLuc	Pgrmc1	0.27146751538270675
chrX	35865604	7.0	RNA_siLuc	Pgrmc1	0.27146751538270675
chrX	35865605	7.0	RNA_siLuc	Pgrmc1	0.27146751538270675
chrX	35865606	3.0	RNA_siLuc	Pgrmc1	0.1163432208783029
chrX	35865607	3.0	RNA_siLuc	Pgrmc1	0.1163432208783029
chrX	35865608	3.0	RNA_siLuc	Pgrmc1	0.1163432208783029
chrX	35865609	3.0	RNA_siLuc	Pgrmc1	0.1163432208783029
chrX	35865610	3.0	RNA_siLuc	Pgrmc1	0.1163432208783029
chrX	35865611	3.0	RNA_siLuc	Pgrmc1	0.1163432208783029
chrX	35865612	3.0	RNA_siLuc	Pgrmc1	0.1163432208783029
chrX	35865613	3.0	RNA_siLuc	Pgrmc1	0.1163432208783029
chrX	35865614	3.0	RNA_siLuc	Pgrmc1	0.1163432208783029
chrX	35865615	3.0	RNA_siLuc	Pgrmc1	0.1163432208783029
chrX	35865616	3.0	RNA_siLuc	Pgrmc1	0.1163432208783029
chrX	35865617	3.0	RNA_siLuc	Pgrmc1	0.1163432208783029
chrX	35865618	3.0	RNA_siLuc	Pgrmc1	0.1163432208783029
chrX	35865619	3.0	RNA_siLuc	Pgrmc1	0.1163432208783029
chrX	35865620	3.0	RNA_siLuc	Pgrmc1	0.1163432208783029
chrX	35865621	3.0	RNA_siLuc	Pgrmc1	0.1163432208783029
chrX	35865622	3.0	RNA_siLuc	Pgrmc1	0.1163432208783029
chrX	35865623	3.0	RNA_siLuc	Pgrmc1	0.1163432208783029
chrX	35865624	3.0	RNA_siLuc	Pgrmc1	0.1163432208783029
chrX	35865625	3.0	RNA_siLuc	Pgrmc1	0.1163432208783029
chrX	35865626	3.0	RNA_siLuc	Pgrmc1	0.1163432208783029
chrX	35865627	3.0	RNA_siLuc	Pgrmc1	0.1163432208783029
chrX	35865628	3.0	RNA_siLuc	Pgrmc1	0.1163432208783029
chrX	35865629	3.0	RNA_siLuc	Pgrmc1	0.1163432208783029
chrX	35865630	0.0	RNA_siLuc	Pgrmc1	0.0
chrX	35865631	0.0	RNA_siLuc	Pgrmc1	0.0
chrX	35865632	0.0	RNA_siLuc	Pgrmc1	0.0
chrX	35865633	0.0	RNA_siLuc	Pgrmc1	0.0
chrX	35865634	0.0	RNA_siLuc	Pgrmc1	0.0
chrX	35865635	0.0	RNA_siLuc	Pgrmc1	0.0
chrX	35865636	0.0	RNA_siLuc	Pgrmc1	0.0
chrX	35865637	0.0	RNA_siLuc	Pgrmc1	0.0
chrX	35865638	0.0	RNA_siLuc	Pgrmc1	0.0
chrX	35865639	0.0	RNA_siLuc	Pgrmc1	0.0
chrX	35865640	0.0	RNA_siLuc	Pgrmc1	0.0
chrX	35865641	0.0	RNA_siLuc	Pgrmc1	0.0
chrX	35865642	0.0	RNA_siLuc	Pgrmc1	0.0
chrX	35865643	0.0	RNA_siLuc	Pgrmc1	0.0
chrX	35865644	0.0	RNA_siLuc	Pgrmc1	0.0
chrX	35865645	0.0	RNA_siLuc	Pgrmc1	0.0
chrX	35865646	0.0	RNA_siLuc	Pgrmc1	0.0
chrX	35865647	0.0	RNA_siLuc	Pgrmc1	0.0
chrX	35865648	0.0	RNA_siLuc	Pgrmc1	0.0
chrX	35865649	0.0	RNA_siLuc	Pgrmc1	0.0
chrX	35865650	0.0	RNA_siLuc	Pgrmc1	0.0
chrX	35865651	0.0	RNA_siLuc	Pgrmc1	0.0
chrX	35865652	0.0	RNA_siLuc	Pgrmc1	0.0
chrX	35865653	0.0	RNA_siLuc	Pgrmc1	0.0
chrX	35865654	0.0	RNA_siLuc	Pgrmc1	0.0
chrX	35865655	0.0	RNA_siLuc	Pgrmc1	0.0
chrX	35865656	0.0	RNA_siLuc	Pgrmc1	0.0
chrX	35865657	0.0	RNA_siLuc	Pgrmc1	0.0
chrX	35865658	0.0	RNA_siLuc	Pgrmc1	0.0
chrX	35865659	0.0	RNA_siLuc	Pgrmc1	0.0
chrX	35865660	0.0	RNA_siLuc	Pgrmc1	0.0
chrX	35865661	0.0	RNA_siLuc	Pgrmc1	0.0
chrX	35865662	0.0	RNA_siLuc	Pgrmc1	0.0
chrX	35865663	0.0	RNA_siLuc	Pgrmc1	0.0
chrX	35865664	0.0	RNA_siLuc	Pgrmc1	0.0
chrX	35865665	0.0	RNA_siLuc	Pgrmc1	0.0
chrX	35865666	0.0	RNA_siLuc	Pgrmc1	0.0
chrX	35865667	0.0	RNA_siLuc	Pgrmc1	0.0
chrX	35865668	0.0	RNA_siLuc	Pgrmc1	0.0
chrX	35865669	0.0	RNA_siLuc	Pgrmc1	0.0
chrX	35865670	0.0	RNA_siLuc	Pgrmc1	0.0
chrX	35865671	0.0	RNA_siLuc	Pgrmc1	0.0
chrX	35865672	0.0	RNA_siLuc	Pgrmc1	0.0
chrX	35865673	0.0	RNA_siLuc	Pgrmc1	0.0
chrX	35865674	0.0	RNA_siLuc	Pgrmc1	0.0
chrX	35865675	0.0	RNA_siLuc	Pgrmc1	0.0
chrX	35865676	0.0	RNA_siLuc	Pgrmc1	0.0
chrX	35865677	0.0	RNA_siLuc	Pgrmc1	0.0
chrX	35865678	0.0	RNA_siLuc	Pgrmc1	0.0
chrX	35865679	0.0	RNA_siLuc	Pgrmc1	0.0
chrX	35865680	0.0	RNA_siLuc	Pgrmc1	0.0
chrX	35865681	0.0	RNA_siLuc	Pgrmc1	0.0
chrX	35865682	0.0	RNA_siLuc	Pgrmc1	0.0
chrX	35865683	0.0	RNA_siLuc	Pgrmc1	0.0
chrX	35865684	0.0	RNA_siLuc	Pgrmc1	0.0
chrX	35865685	0.0	RNA_siLuc	Pgrmc1	0.0
chrX	35865686	0.0	RNA_siLuc	Pgrmc1	0.0
chrX	35865687	0.0	RNA_siLuc	Pgrmc1	0.0
chrX	35865688	0.0	RNA_siLuc	Pgrmc1	0.0
chrX	35865689	0.0	RNA_siLuc	Pgrmc1	0.0
chrX	35865690	0.0	RNA_siLuc	Pgrmc1	0.0
chrX	35865691	0.0	RNA_siLuc	Pgrmc1	0.0
chrX	35865692	0.0	RNA_siLuc	Pgrmc1	0.0
chrX	35865693	0.0	RNA_siLuc	Pgrmc1	0.0
chrX	35865694	0.0	RNA_siLuc	Pgrmc1	0.0
chrX	35865695	0.0	RNA_siLuc	Pgrmc1	0.0
chrX	35865696	0.0	RNA_siLuc	Pgrmc1	0.0
chrX	35865697	0.0	RNA_siLuc	Pgrmc1	0.0
chrX	35865698	0.0	RNA_siLuc	Pgrmc1	0.0
chrX	35865699	0.0	RNA_siLuc	Pgrmc1	0.0
chrX	35865700	0.0	RNA_siLuc	Pgrmc1	0.0
chrX	35865701	0.0	RNA_siLuc	Pgrmc1	0.0
chrX	35865702	0.0	RNA_siLuc	Pgrmc1	0.0
chrX	35865703	0.0	RNA_siLuc	Pgrmc1	0.0
chrX	35865704	0.0	RNA_siLuc	Pgrmc1	0.0
chrX	35865705	0.0	RNA_siLuc	Pgrmc1	0.0
chrX	35865706	0.0	RNA_siLuc	Pgrmc1	0.0
chrX	35865707	0.0	RNA_siLuc	Pgrmc1	0.0
chrX	35865708	0.0	RNA_siLuc	Pgrmc1	0.0
chrX	35865709	0.0	RNA_siLuc	Pgrmc1	0.0
chrX	35865710	0.0	RNA_siLuc	Pgrmc1	0.0
chrX	35865711	0.0	RNA_siLuc	Pgrmc1	0.0
chrX	35865712	0.0	RNA_siLuc	Pgrmc1	0.0
chrX	35865713	0.0	RNA_siLuc	Pgrmc1	0.0
chrX	35865714	0.0	RNA_siLuc	Pgrmc1	0.0
chrX	35865715	0.0	RNA_siLuc	Pgrmc1	0.0
chrX	35865716	0.0	RNA_siLuc	Pgrmc1	0.0
chrX	35865717	0.0	RNA_siLuc	Pgrmc1	0.0
chrX	35865718	0.0	RNA_siLuc	Pgrmc1	0.0
chrX	35865719	0.0	RNA_siLuc	Pgrmc1	0.0
chrX	35865720	0.0	RNA_siLuc	Pgrmc1	0.0
chrX	35865721	0.0	RNA_siLuc	Pgrmc1	0.0
chrX	35865722	0.0	RNA_siLuc	Pgrmc1	0.0
chrX	35865723	0.0	RNA_siLuc	Pgrmc1	0.0
chrX	35865724	0.0	RNA_siLuc	Pgrmc1	0.0
chrX	35865725	0.0	RNA_siLuc	Pgrmc1	0.0
chrX	35865726	0.0	RNA_siLuc	Pgrmc1	0.0
chrX	35865727	0.0	RNA_siLuc	Pgrmc1	0.0
chrX	35865728	0.0	RNA_siLuc	Pgrmc1	0.0
chrX	35865729	0.0	RNA_siLuc	Pgrmc1	0.0
chrX	35865730	0.0	RNA_siLuc	Pgrmc1	0.0
chrX	35865731	0.0	RNA_siLuc	Pgrmc1	0.0
chrX	35865732	0.0	RNA_siLuc	Pgrmc1	0.0
chrX	35865733	0.0	RNA_siLuc	Pgrmc1	0.0
chrX	35865734	0.0	RNA_siLuc	Pgrmc1	0.0
chrX	35865735	0.0	RNA_siLuc	Pgrmc1	0.0
chrX	35865736	0.0	RNA_siLuc	Pgrmc1	0.0
chrX	35865737	0.0	RNA_siLuc	Pgrmc1	0.0
chrX	35865738	0.0	RNA_siLuc	Pgrmc1	0.0
chrX	35865739	0.0	RNA_siLuc	Pgrmc1	0.0
chrX	35865740	0.0	RNA_siLuc	Pgrmc1	0.0
chrX	35865741	0.0	RNA_siLuc	Pgrmc1	0.0
chrX	35865742	0.0	RNA_siLuc	Pgrmc1	0.0
chrX	35865743	0.0	RNA_siLuc	Pgrmc1	0.0
chrX	35865744	0.0	RNA_siLuc	Pgrmc1	0.0
chrX	35865745	0.0	RNA_siLuc	Pgrmc1	0.0
chrX	35865746	0.0	RNA_siLuc	Pgrmc1	0.0
chrX	35865747	0.0	RNA_siLuc	Pgrmc1	0.0
chrX	35865748	0.0	RNA_siLuc	Pgrmc1	0.0
chrX	35865749	0.0	RNA_siLuc	Pgrmc1	0.0
chrX	35865750	0.0	RNA_siLuc	Pgrmc1	0.0
chrX	35865751	0.0	RNA_siLuc	Pgrmc1	0.0
chrX	35865752	0.0	RNA_siLuc	Pgrmc1	0.0
chrX	35865753	0.0	RNA_siLuc	Pgrmc1	0.0
chrX	35865754	0.0	RNA_siLuc	Pgrmc1	0.0
chrX	35865755	0.0	RNA_siLuc	Pgrmc1	0.0
chrX	35865756	0.0	RNA_siLuc	Pgrmc1	0.0
chrX	35865757	0.0	RNA_siLuc	Pgrmc1	0.0
chrX	35865758	0.0	RNA_siLuc	Pgrmc1	0.0
chrX	35865759	0.0	RNA_siLuc	Pgrmc1	0.0
chrX	35865760	0.0	RNA_siLuc	Pgrmc1	0.0
chrX	35865761	0.0	RNA_siLuc	Pgrmc1	0.0
chrX	35865762	0.0	RNA_siLuc	Pgrmc1	0.0
chrX	35865763	0.0	RNA_siLuc	Pgrmc1	0.0
chrX	35865764	0.0	RNA_siLuc	Pgrmc1	0.0
chrX	35865765	0.0	RNA_siLuc	Pgrmc1	0.0
chrX	35865766	0.0	RNA_siLuc	Pgrmc1	0.0
chrX	35865767	0.0	RNA_siLuc	Pgrmc1	0.0
chrX	35865768	0.0	RNA_siLuc	Pgrmc1	0.0
chrX	35865769	0.0	RNA_siLuc	Pgrmc1	0.0
chrX	35865770	0.0	RNA_siLuc	Pgrmc1	0.0
chrX	35865771	0.0	RNA_siLuc	Pgrmc1	0.0
chrX	35865772	0.0	RNA_siLuc	Pgrmc1	0.0
chrX	35865773	0.0	RNA_siLuc	Pgrmc1	0.0
chrX	35865774	25.0	RNA_siLuc	Pgrmc1	0.9695268406525241
chrX	35865775	25.0	RNA_siLuc	Pgrmc1	0.9695268406525241
chrX	35865776	25.0	RNA_siLuc	Pgrmc1	0.9695268406525241
chrX	35865777	25.0	RNA_siLuc	Pgrmc1	0.9695268406525241
chrX	35865778	25.0	RNA_siLuc	Pgrmc1	0.9695268406525241
chrX	35865779	25.0	RNA_siLuc	Pgrmc1	0.9695268406525241
chrX	35865780	25.0	RNA_siLuc	Pgrmc1	0.9695268406525241
chrX	35865781	22.0	RNA_siLuc	Pgrmc1	0.8531836197742212
chrX	35865782	22.0	RNA_siLuc	Pgrmc1	0.8531836197742212
chrX	35865783	22.0	RNA_siLuc	Pgrmc1	0.8531836197742212
chrX	35865784	22.0	RNA_siLuc	Pgrmc1	0.8531836197742212
chrX	35865785	22.0	RNA_siLuc	Pgrmc1	0.8531836197742212
chrX	35865786	21.0	RNA_siLuc	Pgrmc1	0.8144025461481202
chrX	35865787	22.0	RNA_siLuc	Pgrmc1	0.8531836197742212
chrX	35865788	22.0	RNA_siLuc	Pgrmc1	0.8531836197742212
chrX	35865789	22.0	RNA_siLuc	Pgrmc1	0.8531836197742212
chrX	35865790	24.0	RNA_siLuc	Pgrmc1	0.9307457670264232
chrX	35865791	24.0	RNA_siLuc	Pgrmc1	0.9307457670264232
chrX	35865792	27.0	RNA_siLuc	Pgrmc1	1.047088987904726
chrX	35865793	27.0	RNA_siLuc	Pgrmc1	1.047088987904726
chrX	35865794	27.0	RNA_siLuc	Pgrmc1	1.047088987904726
chrX	35865795	27.0	RNA_siLuc	Pgrmc1	1.047088987904726
chrX	35865796	26.0	RNA_siLuc	Pgrmc1	1.008307914278625
chrX	35865797	23.0	RNA_siLuc	Pgrmc1	0.8919646934003223
chrX	35865798	23.0	RNA_siLuc	Pgrmc1	0.8919646934003223
chrX	35865799	19.0	RNA_siLuc	Pgrmc1	0.7368403988959183
chrX	35865800	15.0	RNA_siLuc	Pgrmc1	0.5817161043915144
chrX	35865801	15.0	RNA_siLuc	Pgrmc1	0.5817161043915144
chrX	35865802	13.0	RNA_siLuc	Pgrmc1	0.5041539571393125
chrX	35865803	13.0	RNA_siLuc	Pgrmc1	0.5041539571393125
chrX	35865804	13.0	RNA_siLuc	Pgrmc1	0.5041539571393125
chrX	35865805	13.0	RNA_siLuc	Pgrmc1	0.5041539571393125
chrX	35865806	13.0	RNA_siLuc	Pgrmc1	0.5041539571393125
chrX	35865807	13.0	RNA_siLuc	Pgrmc1	0.5041539571393125
chrX	35865808	13.0	RNA_siLuc	Pgrmc1	0.5041539571393125
chrX	35865809	13.0	RNA_siLuc	Pgrmc1	0.5041539571393125
chrX	35865810	11.0	RNA_siLuc	Pgrmc1	0.4265918098871106
chrX	35865811	15.0	RNA_siLuc	Pgrmc1	0.5817161043915144
chrX	35865812	22.0	RNA_siLuc	Pgrmc1	0.8531836197742212
chrX	35865813	24.0	RNA_siLuc	Pgrmc1	0.9307457670264232
chrX	35865814	25.0	RNA_siLuc	Pgrmc1	0.9695268406525241
chrX	35865815	25.0	RNA_siLuc	Pgrmc1	0.9695268406525241
chrX	35865816	25.0	RNA_siLuc	Pgrmc1	0.9695268406525241
chrX	35865817	24.0	RNA_siLuc	Pgrmc1	0.9307457670264232
chrX	35865818	27.0	RNA_siLuc	Pgrmc1	1.047088987904726
chrX	35865819	33.0	RNA_siLuc	Pgrmc1	1.279775429661332
chrX	35865820	37.0	RNA_siLuc	Pgrmc1	1.4348997241657357
chrX	35865821	37.0	RNA_siLuc	Pgrmc1	1.4348997241657357
chrX	35865822	45.0	RNA_siLuc	Pgrmc1	1.7451483131745436
chrX	35865823	48.0	RNA_siLuc	Pgrmc1	1.8614915340528464
chrX	35865824	48.0	RNA_siLuc	Pgrmc1	1.8614915340528464
chrX	35865825	50.0	RNA_siLuc	Pgrmc1	1.9390536813050483
chrX	35865826	53.0	RNA_siLuc	Pgrmc1	2.055396902183351
chrX	35865827	53.0	RNA_siLuc	Pgrmc1	2.055396902183351
chrX	35865828	53.0	RNA_siLuc	Pgrmc1	2.055396902183351
chrX	35865829	59.0	RNA_siLuc	Pgrmc1	2.288083343939957
chrX	35865830	63.0	RNA_siLuc	Pgrmc1	2.4432076384443606
chrX	35865831	66.0	RNA_siLuc	Pgrmc1	2.559550859322664
chrX	35865832	66.0	RNA_siLuc	Pgrmc1	2.559550859322664
chrX	35865833	71.0	RNA_siLuc	Pgrmc1	2.7534562274531686
chrX	35865834	78.0	RNA_siLuc	Pgrmc1	3.0249237428358753
chrX	35865835	81.0	RNA_siLuc	Pgrmc1	3.141266963714178
chrX	35865836	81.0	RNA_siLuc	Pgrmc1	3.141266963714178
chrX	35865837	81.0	RNA_siLuc	Pgrmc1	3.141266963714178
chrX	35865838	81.0	RNA_siLuc	Pgrmc1	3.141266963714178
chrX	35865839	75.0	RNA_siLuc	Pgrmc1	2.9085805219575724
chrX	35865840	74.0	RNA_siLuc	Pgrmc1	2.8697994483314715
chrX	35865841	74.0	RNA_siLuc	Pgrmc1	2.8697994483314715
chrX	35865842	74.0	RNA_siLuc	Pgrmc1	2.8697994483314715
chrX	35865843	74.0	RNA_siLuc	Pgrmc1	2.8697994483314715
chrX	35865844	74.0	RNA_siLuc	Pgrmc1	2.8697994483314715
chrX	35865845	74.0	RNA_siLuc	Pgrmc1	2.8697994483314715
chrX	35865846	74.0	RNA_siLuc	Pgrmc1	2.8697994483314715
chrX	35865847	74.0	RNA_siLuc	Pgrmc1	2.8697994483314715
chrX	35865848	74.0	RNA_siLuc	Pgrmc1	2.8697994483314715
chrX	35865849	71.0	RNA_siLuc	Pgrmc1	2.7534562274531686
chrX	35865850	73.0	RNA_siLuc	Pgrmc1	2.8310183747053705
chrX	35865851	73.0	RNA_siLuc	Pgrmc1	2.8310183747053705
chrX	35865852	73.0	RNA_siLuc	Pgrmc1	2.8310183747053705
chrX	35865853	73.0	RNA_siLuc	Pgrmc1	2.8310183747053705
chrX	35865854	71.0	RNA_siLuc	Pgrmc1	2.7534562274531686
chrX	35865855	69.0	RNA_siLuc	Pgrmc1	2.6758940802009668
chrX	35865856	69.0	RNA_siLuc	Pgrmc1	2.6758940802009668
chrX	35865857	71.0	RNA_siLuc	Pgrmc1	2.7534562274531686
chrX	35865858	74.0	RNA_siLuc	Pgrmc1	2.8697994483314715
chrX	35865859	74.0	RNA_siLuc	Pgrmc1	2.8697994483314715
chrX	35865860	77.0	RNA_siLuc	Pgrmc1	2.9861426692097743
chrX	35865861	85.0	RNA_siLuc	Pgrmc1	3.296391258218582
chrX	35865862	85.0	RNA_siLuc	Pgrmc1	3.296391258218582
chrX	35865863	85.0	RNA_siLuc	Pgrmc1	3.296391258218582
chrX	35865864	84.0	RNA_siLuc	Pgrmc1	3.257610184592481
chrX	35865865	88.0	RNA_siLuc	Pgrmc1	3.4127344790968848
chrX	35865866	80.0	RNA_siLuc	Pgrmc1	3.102485890088077
chrX	35865867	77.0	RNA_siLuc	Pgrmc1	2.9861426692097743
chrX	35865868	83.0	RNA_siLuc	Pgrmc1	3.21882911096638
chrX	35865869	76.0	RNA_siLuc	Pgrmc1	2.9473615955836734
chrX	35865870	74.0	RNA_siLuc	Pgrmc1	2.8697994483314715
chrX	35865871	72.0	RNA_siLuc	Pgrmc1	2.7922373010792696
chrX	35865872	65.0	RNA_siLuc	Pgrmc1	2.520769785696563
chrX	35865873	64.0	RNA_siLuc	Pgrmc1	2.481988712070462
chrX	35865874	69.0	RNA_siLuc	Pgrmc1	2.6758940802009668
chrX	35865875	67.0	RNA_siLuc	Pgrmc1	2.598331932948765
chrX	35865876	65.0	RNA_siLuc	Pgrmc1	2.520769785696563
chrX	35865877	65.0	RNA_siLuc	Pgrmc1	2.520769785696563
chrX	35865878	65.0	RNA_siLuc	Pgrmc1	2.520769785696563
chrX	35865879	59.0	RNA_siLuc	Pgrmc1	2.288083343939957
chrX	35865880	59.0	RNA_siLuc	Pgrmc1	2.288083343939957
chrX	35865881	58.0	RNA_siLuc	Pgrmc1	2.249302270313856
chrX	35865882	59.0	RNA_siLuc	Pgrmc1	2.288083343939957
chrX	35865883	59.0	RNA_siLuc	Pgrmc1	2.288083343939957
chrX	35865884	55.0	RNA_siLuc	Pgrmc1	2.132959049435553
chrX	35865885	60.0	RNA_siLuc	Pgrmc1	2.3268644175660578
chrX	35865886	59.0	RNA_siLuc	Pgrmc1	2.288083343939957
chrX	35865887	57.0	RNA_siLuc	Pgrmc1	2.210521196687755
chrX	35865888	57.0	RNA_siLuc	Pgrmc1	2.210521196687755
chrX	35865889	57.0	RNA_siLuc	Pgrmc1	2.210521196687755
chrX	35865890	57.0	RNA_siLuc	Pgrmc1	2.210521196687755
chrX	35865891	57.0	RNA_siLuc	Pgrmc1	2.210521196687755
chrX	35865892	57.0	RNA_siLuc	Pgrmc1	2.210521196687755
chrX	35865893	57.0	RNA_siLuc	Pgrmc1	2.210521196687755
chrX	35865894	57.0	RNA_siLuc	Pgrmc1	2.210521196687755
chrX	35865895	57.0	RNA_siLuc	Pgrmc1	2.210521196687755
chrX	35865896	57.0	RNA_siLuc	Pgrmc1	2.210521196687755
chrX	35865897	57.0	RNA_siLuc	Pgrmc1	2.210521196687755
chrX	35865898	57.0	RNA_siLuc	Pgrmc1	2.210521196687755
chrX	35865899	57.0	RNA_siLuc	Pgrmc1	2.210521196687755
chrX	35865900	54.0	RNA_siLuc	Pgrmc1	2.094177975809452
chrX	35865901	54.0	RNA_siLuc	Pgrmc1	2.094177975809452
chrX	35865902	51.0	RNA_siLuc	Pgrmc1	1.9778347549311492
chrX	35865903	51.0	RNA_siLuc	Pgrmc1	1.9778347549311492
chrX	35865904	37.0	RNA_siLuc	Pgrmc1	1.4348997241657357
chrX	35865905	36.0	RNA_siLuc	Pgrmc1	1.3961186505396348
chrX	35865906	30.0	RNA_siLuc	Pgrmc1	1.1634322087830289
chrX	35865907	29.0	RNA_siLuc	Pgrmc1	1.124651135156928
chrX	35865908	29.0	RNA_siLuc	Pgrmc1	1.124651135156928
chrX	35865909	29.0	RNA_siLuc	Pgrmc1	1.124651135156928
chrX	35865910	29.0	RNA_siLuc	Pgrmc1	1.124651135156928
chrX	35865911	32.0	RNA_siLuc	Pgrmc1	1.240994356035231
chrX	35865912	26.0	RNA_siLuc	Pgrmc1	1.008307914278625
chrX	35865913	26.0	RNA_siLuc	Pgrmc1	1.008307914278625
chrX	35865914	25.0	RNA_siLuc	Pgrmc1	0.9695268406525241
chrX	35865915	23.0	RNA_siLuc	Pgrmc1	0.8919646934003223
chrX	35865916	23.0	RNA_siLuc	Pgrmc1	0.8919646934003223
chrX	35865917	24.0	RNA_siLuc	Pgrmc1	0.9307457670264232
chrX	35865918	24.0	RNA_siLuc	Pgrmc1	0.9307457670264232
chrX	35865919	24.0	RNA_siLuc	Pgrmc1	0.9307457670264232
chrX	35865920	26.0	RNA_siLuc	Pgrmc1	1.008307914278625
chrX	35865921	26.0	RNA_siLuc	Pgrmc1	1.008307914278625
chrX	35865922	26.0	RNA_siLuc	Pgrmc1	1.008307914278625
chrX	35865923	23.0	RNA_siLuc	Pgrmc1	0.8919646934003223
chrX	35865924	25.0	RNA_siLuc	Pgrmc1	0.9695268406525241
chrX	35865925	23.0	RNA_siLuc	Pgrmc1	0.8919646934003223
chrX	35865926	22.0	RNA_siLuc	Pgrmc1	0.8531836197742212
chrX	35865927	22.0	RNA_siLuc	Pgrmc1	0.8531836197742212
chrX	35865928	18.0	RNA_siLuc	Pgrmc1	0.6980593252698174
chrX	35865929	27.0	RNA_siLuc	Pgrmc1	1.047088987904726
chrX	35865930	0.0	RNA_siLuc	Pgrmc1	0.0
chrX	35865931	0.0	RNA_siLuc	Pgrmc1	0.0
chrX	35865932	0.0	RNA_siLuc	Pgrmc1	0.0
chrX	35865933	0.0	RNA_siLuc	Pgrmc1	0.0
chrX	35865934	0.0	RNA_siLuc	Pgrmc1	0.0
chrX	35865935	0.0	RNA_siLuc	Pgrmc1	0.0
chrX	35865936	0.0	RNA_siLuc	Pgrmc1	0.0
chrX	35865937	0.0	RNA_siLuc	Pgrmc1	0.0
chrX	35865938	0.0	RNA_siLuc	Pgrmc1	0.0
chrX	35865939	0.0	RNA_siLuc	Pgrmc1	0.0
chrX	35865940	0.0	RNA_siLuc	Pgrmc1	0.0
chrX	35865941	0.0	RNA_siLuc	Pgrmc1	0.0
chrX	35865942	0.0	RNA_siLuc	Pgrmc1	0.0
chrX	35865943	0.0	RNA_siLuc	Pgrmc1	0.0
chrX	35865944	0.0	RNA_siLuc	Pgrmc1	0.0
chrX	35865945	0.0	RNA_siLuc	Pgrmc1	0.0
chrX	35865946	0.0	RNA_siLuc	Pgrmc1	0.0
chrX	35865947	0.0	RNA_siLuc	Pgrmc1	0.0
chrX	35865948	0.0	RNA_siLuc	Pgrmc1	0.0
chrX	35865949	0.0	RNA_siLuc	Pgrmc1	0.0
chrX	35865950	0.0	RNA_siLuc	Pgrmc1	0.0
chrX	35865951	0.0	RNA_siLuc	Pgrmc1	0.0
chrX	35865952	0.0	RNA_siLuc	Pgrmc1	0.0
chrX	35865953	0.0	RNA_siLuc	Pgrmc1	0.0
chrX	35865954	0.0	RNA_siLuc	Pgrmc1	0.0
chrX	35865955	0.0	RNA_siLuc	Pgrmc1	0.0
chrX	35865956	0.0	RNA_siLuc	Pgrmc1	0.0
chrX	35865957	0.0	RNA_siLuc	Pgrmc1	0.0
chrX	35865958	0.0	RNA_siLuc	Pgrmc1	0.0
chrX	35865959	0.0	RNA_siLuc	Pgrmc1	0.0
chrX	35865960	0.0	RNA_siLuc	Pgrmc1	0.0
chrX	35865961	0.0	RNA_siLuc	Pgrmc1	0.0
chrX	35865962	0.0	RNA_siLuc	Pgrmc1	0.0
chrX	35865963	0.0	RNA_siLuc	Pgrmc1	0.0
chrX	35865964	0.0	RNA_siLuc	Pgrmc1	0.0
chrX	35865965	0.0	RNA_siLuc	Pgrmc1	0.0
chrX	35865966	0.0	RNA_siLuc	Pgrmc1	0.0
chrX	35865967	0.0	RNA_siLuc	Pgrmc1	0.0
chrX	35865968	0.0	RNA_siLuc	Pgrmc1	0.0
chrX	35865969	0.0	RNA_siLuc	Pgrmc1	0.0
chrX	35865970	0.0	RNA_siLuc	Pgrmc1	0.0
chrX	35865971	0.0	RNA_siLuc	Pgrmc1	0.0
chrX	35865972	0.0	RNA_siLuc	Pgrmc1	0.0
chrX	35865973	0.0	RNA_siLuc	Pgrmc1	0.0
chrX	35865974	0.0	RNA_siLuc	Pgrmc1	0.0
chrX	35865975	0.0	RNA_siLuc	Pgrmc1	0.0
chrX	35865976	0.0	RNA_siLuc	Pgrmc1	0.0
chrX	35865977	0.0	RNA_siLuc	Pgrmc1	0.0
chrX	35865978	0.0	RNA_siLuc	Pgrmc1	0.0
chrX	35865979	0.0	RNA_siLuc	Pgrmc1	0.0
chrX	35865980	0.0	RNA_siLuc	Pgrmc1	0.0
chrX	35865981	0.0	RNA_siLuc	Pgrmc1	0.0
chrX	35865982	0.0	RNA_siLuc	Pgrmc1	0.0
chrX	35865983	0.0	RNA_siLuc	Pgrmc1	0.0
chrX	35865984	0.0	RNA_siLuc	Pgrmc1	0.0
chrX	35865985	0.0	RNA_siLuc	Pgrmc1	0.0
chrX	35865986	0.0	RNA_siLuc	Pgrmc1	0.0
chrX	35865987	0.0	RNA_siLuc	Pgrmc1	0.0
chrX	35865988	0.0	RNA_siLuc	Pgrmc1	0.0
chrX	35865989	0.0	RNA_siLuc	Pgrmc1	0.0
chrX	35865990	0.0	RNA_siLuc	Pgrmc1	0.0
chrX	35865991	0.0	RNA_siLuc	Pgrmc1	0.0
chrX	35865992	0.0	RNA_siLuc	Pgrmc1	0.0
chrX	35865993	0.0	RNA_siLuc	Pgrmc1	0.0
chrX	35865994	0.0	RNA_siLuc	Pgrmc1	0.0
chrX	35865995	0.0	RNA_siLuc	Pgrmc1	0.0
chrX	35865996	0.0	RNA_siLuc	Pgrmc1	0.0
chrX	35865997	0.0	RNA_siLuc	Pgrmc1	0.0
chrX	35865998	0.0	RNA_siLuc	Pgrmc1	0.0
chrX	35865999	0.0	RNA_siLuc	Pgrmc1	0.0
chrX	35866000	0.0	RNA_siLuc	Pgrmc1	0.0
chrX	35866001	0.0	RNA_siLuc	Pgrmc1	0.0
chrX	35866002	0.0	RNA_siLuc	Pgrmc1	0.0
chrX	35866003	0.0	RNA_siLuc	Pgrmc1	0.0
chrX	35866004	0.0	RNA_siLuc	Pgrmc1	0.0
chrX	35866005	0.0	RNA_siLuc	Pgrmc1	0.0
chrX	35866006	0.0	RNA_siLuc	Pgrmc1	0.0
chrX	35866007	0.0	RNA_siLuc	Pgrmc1	0.0
chrX	35866008	0.0	RNA_siLuc	Pgrmc1	0.0
chrX	35866009	0.0	RNA_siLuc	Pgrmc1	0.0
chrX	35866010	0.0	RNA_siLuc	Pgrmc1	0.0
chrX	35866011	0.0	RNA_siLuc	Pgrmc1	0.0
chrX	35866012	0.0	RNA_siLuc	Pgrmc1	0.0
chrX	35866013	0.0	RNA_siLuc	Pgrmc1	0.0
chrX	35866014	0.0	RNA_siLuc	Pgrmc1	0.0
chrX	35866015	0.0	RNA_siLuc	Pgrmc1	0.0
chrX	35866016	0.0	RNA_siLuc	Pgrmc1	0.0
chrX	35866017	0.0	RNA_siLuc	Pgrmc1	0.0
chrX	35866018	0.0	RNA_siLuc	Pgrmc1	0.0
chrX	35866019	0.0	RNA_siLuc	Pgrmc1	0.0
chrX	35866020	0.0	RNA_siLuc	Pgrmc1	0.0
chrX	35866021	0.0	RNA_siLuc	Pgrmc1	0.0
chrX	35866022	0.0	RNA_siLuc	Pgrmc1	0.0
chrX	35866023	0.0	RNA_siLuc	Pgrmc1	0.0
chrX	35866024	0.0	RNA_siLuc	Pgrmc1	0.0
chrX	35866025	0.0	RNA_siLuc	Pgrmc1	0.0
chrX	35866026	0.0	RNA_siLuc	Pgrmc1	0.0
chrX	35866027	0.0	RNA_siLuc	Pgrmc1	0.0
chrX	35866028	0.0	RNA_siLuc	Pgrmc1	0.0
chrX	35866029	0.0	RNA_siLuc	Pgrmc1	0.0
chrX	35866030	0.0	RNA_siLuc	Pgrmc1	0.0
chrX	35866031	0.0	RNA_siLuc	Pgrmc1	0.0
chrX	35866032	0.0	RNA_siLuc	Pgrmc1	0.0
chrX	35866033	0.0	RNA_siLuc	Pgrmc1	0.0
chrX	35866034	0.0	RNA_siLuc	Pgrmc1	0.0
chrX	35866035	0.0	RNA_siLuc	Pgrmc1	0.0
chrX	35866036	0.0	RNA_siLuc	Pgrmc1	0.0
chrX	35866037	0.0	RNA_siLuc	Pgrmc1	0.0
chrX	35866038	0.0	RNA_siLuc	Pgrmc1	0.0
chrX	35866039	0.0	RNA_siLuc	Pgrmc1	0.0
chrX	35866040	0.0	RNA_siLuc	Pgrmc1	0.0
chrX	35866041	0.0	RNA_siLuc	Pgrmc1	0.0
chrX	35866042	0.0	RNA_siLuc	Pgrmc1	0.0
chrX	35866043	0.0	RNA_siLuc	Pgrmc1	0.0
chrX	35866044	0.0	RNA_siLuc	Pgrmc1	0.0
chrX	35866045	0.0	RNA_siLuc	Pgrmc1	0.0
chrX	35866046	0.0	RNA_siLuc	Pgrmc1	0.0
chrX	35866047	0.0	RNA_siLuc	Pgrmc1	0.0
chrX	35866048	0.0	RNA_siLuc	Pgrmc1	0.0
chrX	35866049	0.0	RNA_siLuc	Pgrmc1	0.0
chrX	35866050	0.0	RNA_siLuc	Pgrmc1	0.0
chrX	35866051	0.0	RNA_siLuc	Pgrmc1	0.0
chrX	35866052	0.0	RNA_siLuc	Pgrmc1	0.0
chrX	35866053	0.0	RNA_siLuc	Pgrmc1	0.0
chrX	35866054	0.0	RNA_siLuc	Pgrmc1	0.0
chrX	35866055	0.0	RNA_siLuc	Pgrmc1	0.0
chrX	35866056	0.0	RNA_siLuc	Pgrmc1	0.0
chrX	35866057	0.0	RNA_siLuc	Pgrmc1	0.0
chrX	35866058	0.0	RNA_siLuc	Pgrmc1	0.0
chrX	35866059	0.0	RNA_siLuc	Pgrmc1	0.0
chrX	35866060	0.0	RNA_siLuc	Pgrmc1	0.0
chrX	35866061	0.0	RNA_siLuc	Pgrmc1	0.0
chrX	35866062	0.0	RNA_siLuc	Pgrmc1	0.0
chrX	35866063	0.0	RNA_siLuc	Pgrmc1	0.0
chrX	35866064	0.0	RNA_siLuc	Pgrmc1	0.0
chrX	35866065	0.0	RNA_siLuc	Pgrmc1	0.0
chrX	35866066	0.0	RNA_siLuc	Pgrmc1	0.0
chrX	35866067	0.0	RNA_siLuc	Pgrmc1	0.0
chrX	35866068	0.0	RNA_siLuc	Pgrmc1	0.0
chrX	35866069	0.0	RNA_siLuc	Pgrmc1	0.0
chrX	35866070	0.0	RNA_siLuc	Pgrmc1	0.0
chrX	35866071	0.0	RNA_siLuc	Pgrmc1	0.0
chrX	35866072	0.0	RNA_siLuc	Pgrmc1	0.0
chrX	35866073	0.0	RNA_siLuc	Pgrmc1	0.0
chrX	35866074	0.0	RNA_siLuc	Pgrmc1	0.0
chrX	35866075	0.0	RNA_siLuc	Pgrmc1	0.0
chrX	35866076	0.0	RNA_siLuc	Pgrmc1	0.0
chrX	35866077	0.0	RNA_siLuc	Pgrmc1	0.0
chrX	35866078	0.0	RNA_siLuc	Pgrmc1	0.0
chrX	35866079	0.0	RNA_siLuc	Pgrmc1	0.0
chrX	35866080	0.0	RNA_siLuc	Pgrmc1	0.0
chrX	35866081	0.0	RNA_siLuc	Pgrmc1	0.0
chrX	35866082	0.0	RNA_siLuc	Pgrmc1	0.0
chrX	35866083	0.0	RNA_siLuc	Pgrmc1	0.0
chrX	35866084	0.0	RNA_siLuc	Pgrmc1	0.0
chrX	35866085	0.0	RNA_siLuc	Pgrmc1	0.0
chrX	35866086	0.0	RNA_siLuc	Pgrmc1	0.0
chrX	35866087	0.0	RNA_siLuc	Pgrmc1	0.0
chrX	35866088	0.0	RNA_siLuc	Pgrmc1	0.0
chrX	35866089	0.0	RNA_siLuc	Pgrmc1	0.0
chrX	35866090	0.0	RNA_siLuc	Pgrmc1	0.0
chrX	35866091	0.0	RNA_siLuc	Pgrmc1	0.0
chrX	35866092	0.0	RNA_siLuc	Pgrmc1	0.0
chrX	35866093	0.0	RNA_siLuc	Pgrmc1	0.0
chrX	35866094	0.0	RNA_siLuc	Pgrmc1	0.0
chrX	35866095	0.0	RNA_siLuc	Pgrmc1	0.0
chrX	35866096	0.0	RNA_siLuc	Pgrmc1	0.0
chrX	35866097	0.0	RNA_siLuc	Pgrmc1	0.0
chrX	35866098	0.0	RNA_siLuc	Pgrmc1	0.0
chrX	35866099	0.0	RNA_siLuc	Pgrmc1	0.0
chrX	35866100	0.0	RNA_siLuc	Pgrmc1	0.0
chrX	35866101	0.0	RNA_siLuc	Pgrmc1	0.0
chrX	35866102	0.0	RNA_siLuc	Pgrmc1	0.0
chrX	35866103	0.0	RNA_siLuc	Pgrmc1	0.0
chrX	35866104	0.0	RNA_siLuc	Pgrmc1	0.0
chrX	35866105	0.0	RNA_siLuc	Pgrmc1	0.0
chrX	35866106	0.0	RNA_siLuc	Pgrmc1	0.0
chrX	35866107	0.0	RNA_siLuc	Pgrmc1	0.0
chrX	35866108	0.0	RNA_siLuc	Pgrmc1	0.0
chrX	35866109	0.0	RNA_siLuc	Pgrmc1	0.0
chrX	35866110	0.0	RNA_siLuc	Pgrmc1	0.0
chrX	35866111	0.0	RNA_siLuc	Pgrmc1	0.0
chrX	35866112	0.0	RNA_siLuc	Pgrmc1	0.0
chrX	35866113	0.0	RNA_siLuc	Pgrmc1	0.0
chrX	35866114	0.0	RNA_siLuc	Pgrmc1	0.0
chrX	35866115	0.0	RNA_siLuc	Pgrmc1	0.0
chrX	35866116	0.0	RNA_siLuc	Pgrmc1	0.0
chrX	35866117	0.0	RNA_siLuc	Pgrmc1	0.0
chrX	35866118	0.0	RNA_siLuc	Pgrmc1	0.0
chrX	35866119	0.0	RNA_siLuc	Pgrmc1	0.0
chrX	35866120	0.0	RNA_siLuc	Pgrmc1	0.0
chrX	35866121	0.0	RNA_siLuc	Pgrmc1	0.0
chrX	35866122	0.0	RNA_siLuc	Pgrmc1	0.0
chrX	35866123	0.0	RNA_siLuc	Pgrmc1	0.0
chrX	35866124	0.0	RNA_siLuc	Pgrmc1	0.0
chrX	35866125	0.0	RNA_siLuc	Pgrmc1	0.0
chrX	35866126	0.0	RNA_siLuc	Pgrmc1	0.0
chrX	35866127	0.0	RNA_siLuc	Pgrmc1	0.0
chrX	35866128	0.0	RNA_siLuc	Pgrmc1	0.0
chrX	35866129	0.0	RNA_siLuc	Pgrmc1	0.0
chrX	35866130	0.0	RNA_siLuc	Pgrmc1	0.0
chrX	35866131	0.0	RNA_siLuc	Pgrmc1	0.0
chrX	35866132	0.0	RNA_siLuc	Pgrmc1	0.0
chrX	35866133	0.0	RNA_siLuc	Pgrmc1	0.0
chrX	35866134	0.0	RNA_siLuc	Pgrmc1	0.0
chrX	35866135	0.0	RNA_siLuc	Pgrmc1	0.0
chrX	35866136	0.0	RNA_siLuc	Pgrmc1	0.0
chrX	35866137	0.0	RNA_siLuc	Pgrmc1	0.0
chrX	35866138	0.0	RNA_siLuc	Pgrmc1	0.0
chrX	35866139	0.0	RNA_siLuc	Pgrmc1	0.0
chrX	35866140	0.0	RNA_siLuc	Pgrmc1	0.0
chrX	35866141	0.0	RNA_siLuc	Pgrmc1	0.0
chrX	35866142	0.0	RNA_siLuc	Pgrmc1	0.0
chrX	35866143	0.0	RNA_siLuc	Pgrmc1	0.0
chrX	35866144	0.0	RNA_siLuc	Pgrmc1	0.0
chrX	35866145	0.0	RNA_siLuc	Pgrmc1	0.0
chrX	35866146	0.0	RNA_siLuc	Pgrmc1	0.0
chrX	35866147	0.0	RNA_siLuc	Pgrmc1	0.0
chrX	35866148	0.0	RNA_siLuc	Pgrmc1	0.0
chrX	35866149	0.0	RNA_siLuc	Pgrmc1	0.0
chrX	35866150	0.0	RNA_siLuc	Pgrmc1	0.0
chrX	35866151	0.0	RNA_siLuc	Pgrmc1	0.0
chrX	35866152	0.0	RNA_siLuc	Pgrmc1	0.0
chrX	35866153	0.0	RNA_siLuc	Pgrmc1	0.0
chrX	35866154	0.0	RNA_siLuc	Pgrmc1	0.0
chrX	35866155	0.0	RNA_siLuc	Pgrmc1	0.0
chrX	35866156	0.0	RNA_siLuc	Pgrmc1	0.0
chrX	35866157	0.0	RNA_siLuc	Pgrmc1	0.0
chrX	35866158	0.0	RNA_siLuc	Pgrmc1	0.0
chrX	35866159	0.0	RNA_siLuc	Pgrmc1	0.0
chrX	35866160	0.0	RNA_siLuc	Pgrmc1	0.0
chrX	35866161	0.0	RNA_siLuc	Pgrmc1	0.0
chrX	35866162	0.0	RNA_siLuc	Pgrmc1	0.0
chrX	35866163	0.0	RNA_siLuc	Pgrmc1	0.0
chrX	35866164	0.0	RNA_siLuc	Pgrmc1	0.0
chrX	35866165	0.0	RNA_siLuc	Pgrmc1	0.0
chrX	35866166	0.0	RNA_siLuc	Pgrmc1	0.0
chrX	35866167	0.0	RNA_siLuc	Pgrmc1	0.0
chrX	35866168	0.0	RNA_siLuc	Pgrmc1	0.0
chrX	35866169	0.0	RNA_siLuc	Pgrmc1	0.0
chrX	35866170	0.0	RNA_siLuc	Pgrmc1	0.0
chrX	35866171	0.0	RNA_siLuc	Pgrmc1	0.0
chrX	35866172	0.0	RNA_siLuc	Pgrmc1	0.0
chrX	35866173	0.0	RNA_siLuc	Pgrmc1	0.0
chrX	35866174	0.0	RNA_siLuc	Pgrmc1	0.0
chrX	35866175	0.0	RNA_siLuc	Pgrmc1	0.0
chrX	35866176	0.0	RNA_siLuc	Pgrmc1	0.0
chrX	35866177	0.0	RNA_siLuc	Pgrmc1	0.0
chrX	35866178	0.0	RNA_siLuc	Pgrmc1	0.0
chrX	35866179	0.0	RNA_siLuc	Pgrmc1	0.0
chrX	35866180	0.0	RNA_siLuc	Pgrmc1	0.0
chrX	35866181	0.0	RNA_siLuc	Pgrmc1	0.0
chrX	35866182	0.0	RNA_siLuc	Pgrmc1	0.0
chrX	35866183	0.0	RNA_siLuc	Pgrmc1	0.0
chrX	35866184	0.0	RNA_siLuc	Pgrmc1	0.0
chrX	35866185	0.0	RNA_siLuc	Pgrmc1	0.0
chrX	35866186	0.0	RNA_siLuc	Pgrmc1	0.0
chrX	35866187	0.0	RNA_siLuc	Pgrmc1	0.0
chrX	35866188	0.0	RNA_siLuc	Pgrmc1	0.0
chrX	35866189	0.0	RNA_siLuc	Pgrmc1	0.0
chrX	35866190	0.0	RNA_siLuc	Pgrmc1	0.0
chrX	35866191	0.0	RNA_siLuc	Pgrmc1	0.0
chrX	35866192	0.0	RNA_siLuc	Pgrmc1	0.0
chrX	35866193	0.0	RNA_siLuc	Pgrmc1	0.0
chrX	35866194	0.0	RNA_siLuc	Pgrmc1	0.0
chrX	35866195	0.0	RNA_siLuc	Pgrmc1	0.0
chrX	35866196	0.0	RNA_siLuc	Pgrmc1	0.0
chrX	35866197	0.0	RNA_siLuc	Pgrmc1	0.0
chrX	35866198	0.0	RNA_siLuc	Pgrmc1	0.0
chrX	35866199	0.0	RNA_siLuc	Pgrmc1	0.0
chrX	35866200	0.0	RNA_siLuc	Pgrmc1	0.0
chrX	35866201	0.0	RNA_siLuc	Pgrmc1	0.0
chrX	35866202	0.0	RNA_siLuc	Pgrmc1	0.0
chrX	35866203	0.0	RNA_siLuc	Pgrmc1	0.0
chrX	35866204	0.0	RNA_siLuc	Pgrmc1	0.0
chrX	35866205	0.0	RNA_siLuc	Pgrmc1	0.0
chrX	35866206	0.0	RNA_siLuc	Pgrmc1	0.0
chrX	35866207	0.0	RNA_siLuc	Pgrmc1	0.0
chrX	35866208	0.0	RNA_siLuc	Pgrmc1	0.0
chrX	35866209	0.0	RNA_siLuc	Pgrmc1	0.0
chrX	35866210	0.0	RNA_siLuc	Pgrmc1	0.0
chrX	35866211	0.0	RNA_siLuc	Pgrmc1	0.0
chrX	35866212	0.0	RNA_siLuc	Pgrmc1	0.0
chrX	35866213	0.0	RNA_siLuc	Pgrmc1	0.0
chrX	35866214	0.0	RNA_siLuc	Pgrmc1	0.0
chrX	35866215	0.0	RNA_siLuc	Pgrmc1	0.0
chrX	35866216	0.0	RNA_siLuc	Pgrmc1	0.0
chrX	35866217	0.0	RNA_siLuc	Pgrmc1	0.0
chrX	35866218	0.0	RNA_siLuc	Pgrmc1	0.0
chrX	35866219	0.0	RNA_siLuc	Pgrmc1	0.0
chrX	35866220	0.0	RNA_siLuc	Pgrmc1	0.0
chrX	35866221	0.0	RNA_siLuc	Pgrmc1	0.0
chrX	35866222	0.0	RNA_siLuc	Pgrmc1	0.0
chrX	35866223	0.0	RNA_siLuc	Pgrmc1	0.0
chrX	35866224	0.0	RNA_siLuc	Pgrmc1	0.0
chrX	35866225	0.0	RNA_siLuc	Pgrmc1	0.0
chrX	35866226	0.0	RNA_siLuc	Pgrmc1	0.0
chrX	35866227	0.0	RNA_siLuc	Pgrmc1	0.0
chrX	35866228	0.0	RNA_siLuc	Pgrmc1	0.0
chrX	35866229	0.0	RNA_siLuc	Pgrmc1	0.0
chrX	35866230	0.0	RNA_siLuc	Pgrmc1	0.0
chrX	35866231	0.0	RNA_siLuc	Pgrmc1	0.0
chrX	35866232	0.0	RNA_siLuc	Pgrmc1	0.0
chrX	35866233	0.0	RNA_siLuc	Pgrmc1	0.0
chrX	35866234	0.0	RNA_siLuc	Pgrmc1	0.0
chrX	35866235	0.0	RNA_siLuc	Pgrmc1	0.0
chrX	35866236	0.0	RNA_siLuc	Pgrmc1	0.0
chrX	35866237	0.0	RNA_siLuc	Pgrmc1	0.0
chrX	35866238	0.0	RNA_siLuc	Pgrmc1	0.0
chrX	35866239	0.0	RNA_siLuc	Pgrmc1	0.0
chrX	35866240	0.0	RNA_siLuc	Pgrmc1	0.0
chrX	35866241	0.0	RNA_siLuc	Pgrmc1	0.0
chrX	35866242	0.0	RNA_siLuc	Pgrmc1	0.0
chrX	35866243	0.0	RNA_siLuc	Pgrmc1	0.0
chrX	35866244	0.0	RNA_siLuc	Pgrmc1	0.0
chrX	35866245	0.0	RNA_siLuc	Pgrmc1	0.0
chrX	35866246	0.0	RNA_siLuc	Pgrmc1	0.0
chrX	35866247	0.0	RNA_siLuc	Pgrmc1	0.0
chrX	35866248	0.0	RNA_siLuc	Pgrmc1	0.0
chrX	35866249	0.0	RNA_siLuc	Pgrmc1	0.0
chrX	35866250	0.0	RNA_siLuc	Pgrmc1	0.0
chrX	35866251	0.0	RNA_siLuc	Pgrmc1	0.0
chrX	35866252	0.0	RNA_siLuc	Pgrmc1	0.0
chrX	35866253	0.0	RNA_siLuc	Pgrmc1	0.0
chrX	35866254	0.0	RNA_siLuc	Pgrmc1	0.0
chrX	35866255	0.0	RNA_siLuc	Pgrmc1	0.0
chrX	35866256	0.0	RNA_siLuc	Pgrmc1	0.0
chrX	35866257	0.0	RNA_siLuc	Pgrmc1	0.0
chrX	35866258	0.0	RNA_siLuc	Pgrmc1	0.0
chrX	35866259	0.0	RNA_siLuc	Pgrmc1	0.0
chrX	35866260	0.0	RNA_siLuc	Pgrmc1	0.0
chrX	35866261	0.0	RNA_siLuc	Pgrmc1	0.0
chrX	35866262	0.0	RNA_siLuc	Pgrmc1	0.0
chrX	35866263	0.0	RNA_siLuc	Pgrmc1	0.0
chrX	35866264	0.0	RNA_siLuc	Pgrmc1	0.0
chrX	35866265	0.0	RNA_siLuc	Pgrmc1	0.0
chrX	35866266	0.0	RNA_siLuc	Pgrmc1	0.0
chrX	35866267	0.0	RNA_siLuc	Pgrmc1	0.0
chrX	35866268	0.0	RNA_siLuc	Pgrmc1	0.0
chrX	35866269	0.0	RNA_siLuc	Pgrmc1	0.0
chrX	35866270	0.0	RNA_siLuc	Pgrmc1	0.0
chrX	35866271	0.0	RNA_siLuc	Pgrmc1	0.0
chrX	35866272	0.0	RNA_siLuc	Pgrmc1	0.0
chrX	35866273	0.0	RNA_siLuc	Pgrmc1	0.0
chrX	35866274	0.0	RNA_siLuc	Pgrmc1	0.0
chrX	35866275	0.0	RNA_siLuc	Pgrmc1	0.0
chrX	35866276	0.0	RNA_siLuc	Pgrmc1	0.0
chrX	35866277	0.0	RNA_siLuc	Pgrmc1	0.0
chrX	35866278	0.0	RNA_siLuc	Pgrmc1	0.0
chrX	35866279	0.0	RNA_siLuc	Pgrmc1	0.0
chrX	35866280	0.0	RNA_siLuc	Pgrmc1	0.0
chrX	35866281	0.0	RNA_siLuc	Pgrmc1	0.0
chrX	35866282	0.0	RNA_siLuc	Pgrmc1	0.0
chrX	35866283	0.0	RNA_siLuc	Pgrmc1	0.0
chrX	35866284	0.0	RNA_siLuc	Pgrmc1	0.0
chrX	35866285	0.0	RNA_siLuc	Pgrmc1	0.0
chrX	35866286	0.0	RNA_siLuc	Pgrmc1	0.0
chrX	35866287	0.0	RNA_siLuc	Pgrmc1	0.0
chrX	35866288	0.0	RNA_siLuc	Pgrmc1	0.0
chrX	35866289	0.0	RNA_siLuc	Pgrmc1	0.0
chrX	35866290	0.0	RNA_siLuc	Pgrmc1	0.0
chrX	35866291	0.0	RNA_siLuc	Pgrmc1	0.0
chrX	35866292	0.0	RNA_siLuc	Pgrmc1	0.0
chrX	35866293	0.0	RNA_siLuc	Pgrmc1	0.0
chrX	35866294	0.0	RNA_siLuc	Pgrmc1	0.0
chrX	35866295	0.0	RNA_siLuc	Pgrmc1	0.0
chrX	35866296	0.0	RNA_siLuc	Pgrmc1	0.0
chrX	35866297	0.0	RNA_siLuc	Pgrmc1	0.0
chrX	35866298	0.0	RNA_siLuc	Pgrmc1	0.0
chrX	35866299	0.0	RNA_siLuc	Pgrmc1	0.0
chrX	35866300	0.0	RNA_siLuc	Pgrmc1	0.0
chrX	35866301	0.0	RNA_siLuc	Pgrmc1	0.0
chrX	35866302	0.0	RNA_siLuc	Pgrmc1	0.0
chrX	35866303	0.0	RNA_siLuc	Pgrmc1	0.0
chrX	35866304	0.0	RNA_siLuc	Pgrmc1	0.0
chrX	35866305	0.0	RNA_siLuc	Pgrmc1	0.0
chrX	35866306	0.0	RNA_siLuc	Pgrmc1	0.0
chrX	35866307	0.0	RNA_siLuc	Pgrmc1	0.0
chrX	35866308	0.0	RNA_siLuc	Pgrmc1	0.0
chrX	35866309	0.0	RNA_siLuc	Pgrmc1	0.0
chrX	35866310	0.0	RNA_siLuc	Pgrmc1	0.0
chrX	35866311	0.0	RNA_siLuc	Pgrmc1	0.0
chrX	35866312	0.0	RNA_siLuc	Pgrmc1	0.0
chrX	35866313	0.0	RNA_siLuc	Pgrmc1	0.0
chrX	35866314	0.0	RNA_siLuc	Pgrmc1	0.0
chrX	35866315	0.0	RNA_siLuc	Pgrmc1	0.0
chrX	35866316	0.0	RNA_siLuc	Pgrmc1	0.0
chrX	35866317	0.0	RNA_siLuc	Pgrmc1	0.0
chrX	35866318	0.0	RNA_siLuc	Pgrmc1	0.0
chrX	35866319	0.0	RNA_siLuc	Pgrmc1	0.0
chrX	35866320	0.0	RNA_siLuc	Pgrmc1	0.0
chrX	35866321	0.0	RNA_siLuc	Pgrmc1	0.0
chrX	35866322	0.0	RNA_siLuc	Pgrmc1	0.0
chrX	35866323	0.0	RNA_siLuc	Pgrmc1	0.0
chrX	35866324	0.0	RNA_siLuc	Pgrmc1	0.0
chrX	35866325	0.0	RNA_siLuc	Pgrmc1	0.0
chrX	35866326	0.0	RNA_siLuc	Pgrmc1	0.0
chrX	35866327	0.0	RNA_siLuc	Pgrmc1	0.0
chrX	35866328	0.0	RNA_siLuc	Pgrmc1	0.0
chrX	35866329	0.0	RNA_siLuc	Pgrmc1	0.0
chrX	35866330	0.0	RNA_siLuc	Pgrmc1	0.0
chrX	35866331	0.0	RNA_siLuc	Pgrmc1	0.0
chrX	35866332	0.0	RNA_siLuc	Pgrmc1	0.0
chrX	35866333	0.0	RNA_siLuc	Pgrmc1	0.0
chrX	35866334	0.0	RNA_siLuc	Pgrmc1	0.0
chrX	35866335	0.0	RNA_siLuc	Pgrmc1	0.0
chrX	35866336	0.0	RNA_siLuc	Pgrmc1	0.0
chrX	35866337	0.0	RNA_siLuc	Pgrmc1	0.0
chrX	35866338	0.0	RNA_siLuc	Pgrmc1	0.0
chrX	35866339	0.0	RNA_siLuc	Pgrmc1	0.0
chrX	35866340	0.0	RNA_siLuc	Pgrmc1	0.0
chrX	35866341	0.0	RNA_siLuc	Pgrmc1	0.0
chrX	35866342	0.0	RNA_siLuc	Pgrmc1	0.0
chrX	35866343	0.0	RNA_siLuc	Pgrmc1	0.0
chrX	35866344	0.0	RNA_siLuc	Pgrmc1	0.0
chrX	35866345	0.0	RNA_siLuc	Pgrmc1	0.0
chrX	35866346	0.0	RNA_siLuc	Pgrmc1	0.0
chrX	35866347	0.0	RNA_siLuc	Pgrmc1	0.0
chrX	35866348	0.0	RNA_siLuc	Pgrmc1	0.0
chrX	35866349	0.0	RNA_siLuc	Pgrmc1	0.0
chrX	35866350	0.0	RNA_siLuc	Pgrmc1	0.0
chrX	35866351	0.0	RNA_siLuc	Pgrmc1	0.0
chrX	35866352	0.0	RNA_siLuc	Pgrmc1	0.0
chrX	35866353	0.0	RNA_siLuc	Pgrmc1	0.0
chrX	35866354	0.0	RNA_siLuc	Pgrmc1	0.0
chrX	35866355	0.0	RNA_siLuc	Pgrmc1	0.0
chrX	35866356	0.0	RNA_siLuc	Pgrmc1	0.0
chrX	35866357	0.0	RNA_siLuc	Pgrmc1	0.0
chrX	35866358	0.0	RNA_siLuc	Pgrmc1	0.0
chrX	35866359	0.0	RNA_siLuc	Pgrmc1	0.0
chrX	35866360	0.0	RNA_siLuc	Pgrmc1	0.0
chrX	35866361	0.0	RNA_siLuc	Pgrmc1	0.0
chrX	35866362	0.0	RNA_siLuc	Pgrmc1	0.0
chrX	35866363	0.0	RNA_siLuc	Pgrmc1	0.0
chrX	35866364	0.0	RNA_siLuc	Pgrmc1	0.0
chrX	35866365	0.0	RNA_siLuc	Pgrmc1	0.0
chrX	35866366	0.0	RNA_siLuc	Pgrmc1	0.0
chrX	35866367	0.0	RNA_siLuc	Pgrmc1	0.0
chrX	35866368	0.0	RNA_siLuc	Pgrmc1	0.0
chrX	35866369	0.0	RNA_siLuc	Pgrmc1	0.0
chrX	35866370	0.0	RNA_siLuc	Pgrmc1	0.0
chrX	35866371	0.0	RNA_siLuc	Pgrmc1	0.0
chrX	35866372	0.0	RNA_siLuc	Pgrmc1	0.0
chrX	35866373	0.0	RNA_siLuc	Pgrmc1	0.0
chrX	35866374	0.0	RNA_siLuc	Pgrmc1	0.0
chrX	35866375	0.0	RNA_siLuc	Pgrmc1	0.0
chrX	35866376	0.0	RNA_siLuc	Pgrmc1	0.0
chrX	35866377	0.0	RNA_siLuc	Pgrmc1	0.0
chrX	35866378	0.0	RNA_siLuc	Pgrmc1	0.0
chrX	35866379	0.0	RNA_siLuc	Pgrmc1	0.0
chrX	35866380	0.0	RNA_siLuc	Pgrmc1	0.0
chrX	35866381	0.0	RNA_siLuc	Pgrmc1	0.0
chrX	35866382	0.0	RNA_siLuc	Pgrmc1	0.0
chrX	35866383	0.0	RNA_siLuc	Pgrmc1	0.0
chrX	35866384	0.0	RNA_siLuc	Pgrmc1	0.0
chrX	35866385	0.0	RNA_siLuc	Pgrmc1	0.0
chrX	35866386	0.0	RNA_siLuc	Pgrmc1	0.0
chrX	35866387	0.0	RNA_siLuc	Pgrmc1	0.0
chrX	35866388	0.0	RNA_siLuc	Pgrmc1	0.0
chrX	35866389	0.0	RNA_siLuc	Pgrmc1	0.0
chrX	35866390	0.0	RNA_siLuc	Pgrmc1	0.0
chrX	35866391	0.0	RNA_siLuc	Pgrmc1	0.0
chrX	35866392	0.0	RNA_siLuc	Pgrmc1	0.0
chrX	35866393	0.0	RNA_siLuc	Pgrmc1	0.0
chrX	35866394	0.0	RNA_siLuc	Pgrmc1	0.0
chrX	35866395	0.0	RNA_siLuc	Pgrmc1	0.0
chrX	35866396	0.0	RNA_siLuc	Pgrmc1	0.0
chrX	35866397	0.0	RNA_siLuc	Pgrmc1	0.0
chrX	35866398	0.0	RNA_siLuc	Pgrmc1	0.0
chrX	35866399	0.0	RNA_siLuc	Pgrmc1	0.0
chrX	35866400	0.0	RNA_siLuc	Pgrmc1	0.0
chrX	35866401	0.0	RNA_siLuc	Pgrmc1	0.0
chrX	35866402	0.0	RNA_siLuc	Pgrmc1	0.0
chrX	35866403	0.0	RNA_siLuc	Pgrmc1	0.0
chrX	35866404	0.0	RNA_siLuc	Pgrmc1	0.0
chrX	35866405	0.0	RNA_siLuc	Pgrmc1	0.0
chrX	35866406	0.0	RNA_siLuc	Pgrmc1	0.0
chrX	35866407	0.0	RNA_siLuc	Pgrmc1	0.0
chrX	35866408	0.0	RNA_siLuc	Pgrmc1	0.0
chrX	35866409	0.0	RNA_siLuc	Pgrmc1	0.0
chrX	35866410	0.0	RNA_siLuc	Pgrmc1	0.0
chrX	35866411	0.0	RNA_siLuc	Pgrmc1	0.0
chrX	35866412	0.0	RNA_siLuc	Pgrmc1	0.0
chrX	35866413	0.0	RNA_siLuc	Pgrmc1	0.0
chrX	35866414	0.0	RNA_siLuc	Pgrmc1	0.0
chrX	35866415	0.0	RNA_siLuc	Pgrmc1	0.0
chrX	35866416	0.0	RNA_siLuc	Pgrmc1	0.0
chrX	35866417	0.0	RNA_siLuc	Pgrmc1	0.0
chrX	35866418	0.0	RNA_siLuc	Pgrmc1	0.0
chrX	35866419	0.0	RNA_siLuc	Pgrmc1	0.0
chrX	35866420	0.0	RNA_siLuc	Pgrmc1	0.0
chrX	35866421	0.0	RNA_siLuc	Pgrmc1	0.0
chrX	35866422	0.0	RNA_siLuc	Pgrmc1	0.0
chrX	35866423	0.0	RNA_siLuc	Pgrmc1	0.0
chrX	35866424	0.0	RNA_siLuc	Pgrmc1	0.0
chrX	35866425	0.0	RNA_siLuc	Pgrmc1	0.0
chrX	35866426	0.0	RNA_siLuc	Pgrmc1	0.0
chrX	35866427	0.0	RNA_siLuc	Pgrmc1	0.0
chrX	35866428	0.0	RNA_siLuc	Pgrmc1	0.0
chrX	35866429	0.0	RNA_siLuc	Pgrmc1	0.0
chrX	35866430	0.0	RNA_siLuc	Pgrmc1	0.0
chrX	35866431	0.0	RNA_siLuc	Pgrmc1	0.0
chrX	35866432	0.0	RNA_siLuc	Pgrmc1	0.0
chrX	35866433	0.0	RNA_siLuc	Pgrmc1	0.0
chrX	35866434	0.0	RNA_siLuc	Pgrmc1	0.0
chrX	35866435	0.0	RNA_siLuc	Pgrmc1	0.0
chrX	35866436	0.0	RNA_siLuc	Pgrmc1	0.0
chrX	35866437	0.0	RNA_siLuc	Pgrmc1	0.0
chrX	35866438	0.0	RNA_siLuc	Pgrmc1	0.0
chrX	35866439	0.0	RNA_siLuc	Pgrmc1	0.0
chrX	35866440	0.0	RNA_siLuc	Pgrmc1	0.0
chrX	35866441	0.0	RNA_siLuc	Pgrmc1	0.0
chrX	35866442	0.0	RNA_siLuc	Pgrmc1	0.0
chrX	35866443	0.0	RNA_siLuc	Pgrmc1	0.0
chrX	35866444	0.0	RNA_siLuc	Pgrmc1	0.0
chrX	35866445	0.0	RNA_siLuc	Pgrmc1	0.0
chrX	35866446	0.0	RNA_siLuc	Pgrmc1	0.0
chrX	35866447	0.0	RNA_siLuc	Pgrmc1	0.0
chrX	35866448	0.0	RNA_siLuc	Pgrmc1	0.0
chrX	35866449	0.0	RNA_siLuc	Pgrmc1	0.0
chrX	35866450	0.0	RNA_siLuc	Pgrmc1	0.0
chrX	35866451	0.0	RNA_siLuc	Pgrmc1	0.0
chrX	35866452	0.0	RNA_siLuc	Pgrmc1	0.0
chrX	35866453	0.0	RNA_siLuc	Pgrmc1	0.0
chrX	35866454	0.0	RNA_siLuc	Pgrmc1	0.0
chrX	35866455	0.0	RNA_siLuc	Pgrmc1	0.0
chrX	35866456	0.0	RNA_siLuc	Pgrmc1	0.0
chrX	35866457	0.0	RNA_siLuc	Pgrmc1	0.0
chrX	35866458	0.0	RNA_siLuc	Pgrmc1	0.0
chrX	35866459	0.0	RNA_siLuc	Pgrmc1	0.0
chrX	35866460	0.0	RNA_siLuc	Pgrmc1	0.0
chrX	35866461	0.0	RNA_siLuc	Pgrmc1	0.0
chrX	35866462	0.0	RNA_siLuc	Pgrmc1	0.0
chrX	35866463	0.0	RNA_siLuc	Pgrmc1	0.0
chrX	35866464	0.0	RNA_siLuc	Pgrmc1	0.0
chrX	35866465	0.0	RNA_siLuc	Pgrmc1	0.0
chrX	35866466	0.0	RNA_siLuc	Pgrmc1	0.0
chrX	35866467	0.0	RNA_siLuc	Pgrmc1	0.0
chrX	35866468	0.0	RNA_siLuc	Pgrmc1	0.0
chrX	35866469	0.0	RNA_siLuc	Pgrmc1	0.0
chrX	35866470	0.0	RNA_siLuc	Pgrmc1	0.0
chrX	35866471	0.0	RNA_siLuc	Pgrmc1	0.0
chrX	35866472	0.0	RNA_siLuc	Pgrmc1	0.0
chrX	35866473	0.0	RNA_siLuc	Pgrmc1	0.0
chrX	35866474	0.0	RNA_siLuc	Pgrmc1	0.0
chrX	35866475	0.0	RNA_siLuc	Pgrmc1	0.0
chrX	35866476	0.0	RNA_siLuc	Pgrmc1	0.0
chrX	35866477	0.0	RNA_siLuc	Pgrmc1	0.0
chrX	35866478	0.0	RNA_siLuc	Pgrmc1	0.0
chrX	35866479	0.0	RNA_siLuc	Pgrmc1	0.0
chrX	35866480	0.0	RNA_siLuc	Pgrmc1	0.0
chrX	35866481	0.0	RNA_siLuc	Pgrmc1	0.0
chrX	35866482	0.0	RNA_siLuc	Pgrmc1	0.0
chrX	35866483	0.0	RNA_siLuc	Pgrmc1	0.0
chrX	35866484	0.0	RNA_siLuc	Pgrmc1	0.0
chrX	35866485	0.0	RNA_siLuc	Pgrmc1	0.0
chrX	35866486	0.0	RNA_siLuc	Pgrmc1	0.0
chrX	35866487	0.0	RNA_siLuc	Pgrmc1	0.0
chrX	35866488	0.0	RNA_siLuc	Pgrmc1	0.0
chrX	35866489	0.0	RNA_siLuc	Pgrmc1	0.0
chrX	35866490	0.0	RNA_siLuc	Pgrmc1	0.0
chrX	35866491	0.0	RNA_siLuc	Pgrmc1	0.0
chrX	35866492	0.0	RNA_siLuc	Pgrmc1	0.0
chrX	35866493	0.0	RNA_siLuc	Pgrmc1	0.0
chrX	35866494	0.0	RNA_siLuc	Pgrmc1	0.0
chrX	35866495	0.0	RNA_siLuc	Pgrmc1	0.0
chrX	35866496	0.0	RNA_siLuc	Pgrmc1	0.0
chrX	35866497	0.0	RNA_siLuc	Pgrmc1	0.0
chrX	35866498	0.0	RNA_siLuc	Pgrmc1	0.0
chrX	35866499	0.0	RNA_siLuc	Pgrmc1	0.0
chrX	35866500	0.0	RNA_siLuc	Pgrmc1	0.0
chrX	35866501	0.0	RNA_siLuc	Pgrmc1	0.0
chrX	35866502	0.0	RNA_siLuc	Pgrmc1	0.0
chrX	35866503	0.0	RNA_siLuc	Pgrmc1	0.0
chrX	35866504	0.0	RNA_siLuc	Pgrmc1	0.0
chrX	35866505	0.0	RNA_siLuc	Pgrmc1	0.0
chrX	35866506	0.0	RNA_siLuc	Pgrmc1	0.0
chrX	35866507	0.0	RNA_siLuc	Pgrmc1	0.0
chrX	35866508	0.0	RNA_siLuc	Pgrmc1	0.0
chrX	35866509	0.0	RNA_siLuc	Pgrmc1	0.0
chrX	35866510	0.0	RNA_siLuc	Pgrmc1	0.0
chrX	35866511	0.0	RNA_siLuc	Pgrmc1	0.0
chrX	35866512	0.0	RNA_siLuc	Pgrmc1	0.0
chrX	35866513	0.0	RNA_siLuc	Pgrmc1	0.0
chrX	35866514	0.0	RNA_siLuc	Pgrmc1	0.0
chrX	35866515	0.0	RNA_siLuc	Pgrmc1	0.0
chrX	35866516	0.0	RNA_siLuc	Pgrmc1	0.0
chrX	35866517	0.0	RNA_siLuc	Pgrmc1	0.0
chrX	35866518	0.0	RNA_siLuc	Pgrmc1	0.0
chrX	35866519	0.0	RNA_siLuc	Pgrmc1	0.0
chrX	35866520	0.0	RNA_siLuc	Pgrmc1	0.0
chrX	35866521	0.0	RNA_siLuc	Pgrmc1	0.0
chrX	35866522	0.0	RNA_siLuc	Pgrmc1	0.0
chrX	35866523	0.0	RNA_siLuc	Pgrmc1	0.0
chrX	35866524	0.0	RNA_siLuc	Pgrmc1	0.0
chrX	35866525	0.0	RNA_siLuc	Pgrmc1	0.0
chrX	35866526	0.0	RNA_siLuc	Pgrmc1	0.0
chrX	35866527	0.0	RNA_siLuc	Pgrmc1	0.0
chrX	35866528	0.0	RNA_siLuc	Pgrmc1	0.0
chrX	35866529	0.0	RNA_siLuc	Pgrmc1	0.0
chrX	35866530	0.0	RNA_siLuc	Pgrmc1	0.0
chrX	35866531	0.0	RNA_siLuc	Pgrmc1	0.0
chrX	35866532	0.0	RNA_siLuc	Pgrmc1	0.0
chrX	35866533	0.0	RNA_siLuc	Pgrmc1	0.0
chrX	35866534	0.0	RNA_siLuc	Pgrmc1	0.0
chrX	35866535	0.0	RNA_siLuc	Pgrmc1	0.0
chrX	35866536	0.0	RNA_siLuc	Pgrmc1	0.0
chrX	35866537	0.0	RNA_siLuc	Pgrmc1	0.0
chrX	35866538	0.0	RNA_siLuc	Pgrmc1	0.0
chrX	35866539	0.0	RNA_siLuc	Pgrmc1	0.0
chrX	35866540	0.0	RNA_siLuc	Pgrmc1	0.0
chrX	35866541	0.0	RNA_siLuc	Pgrmc1	0.0
chrX	35866542	0.0	RNA_siLuc	Pgrmc1	0.0
chrX	35866543	0.0	RNA_siLuc	Pgrmc1	0.0
chrX	35866544	0.0	RNA_siLuc	Pgrmc1	0.0
chrX	35866545	0.0	RNA_siLuc	Pgrmc1	0.0
chrX	35866546	0.0	RNA_siLuc	Pgrmc1	0.0
chrX	35866547	0.0	RNA_siLuc	Pgrmc1	0.0
chrX	35866548	0.0	RNA_siLuc	Pgrmc1	0.0
chrX	35866549	0.0	RNA_siLuc	Pgrmc1	0.0
chrX	35866550	0.0	RNA_siLuc	Pgrmc1	0.0
chrX	35866551	0.0	RNA_siLuc	Pgrmc1	0.0
chrX	35866552	0.0	RNA_siLuc	Pgrmc1	0.0
chrX	35866553	0.0	RNA_siLuc	Pgrmc1	0.0
chrX	35866554	0.0	RNA_siLuc	Pgrmc1	0.0
chrX	35866555	0.0	RNA_siLuc	Pgrmc1	0.0
chrX	35866556	0.0	RNA_siLuc	Pgrmc1	0.0
chrX	35866557	0.0	RNA_siLuc	Pgrmc1	0.0
chrX	35866558	0.0	RNA_siLuc	Pgrmc1	0.0
chrX	35866559	0.0	RNA_siLuc	Pgrmc1	0.0
chrX	35866560	0.0	RNA_siLuc	Pgrmc1	0.0
chrX	35866561	0.0	RNA_siLuc	Pgrmc1	0.0
chrX	35866562	0.0	RNA_siLuc	Pgrmc1	0.0
chrX	35866563	0.0	RNA_siLuc	Pgrmc1	0.0
chrX	35866564	0.0	RNA_siLuc	Pgrmc1	0.0
chrX	35866565	0.0	RNA_siLuc	Pgrmc1	0.0
chrX	35866566	0.0	RNA_siLuc	Pgrmc1	0.0
chrX	35866567	0.0	RNA_siLuc	Pgrmc1	0.0
chrX	35866568	0.0	RNA_siLuc	Pgrmc1	0.0
chrX	35866569	0.0	RNA_siLuc	Pgrmc1	0.0
chrX	35866570	0.0	RNA_siLuc	Pgrmc1	0.0
chrX	35866571	0.0	RNA_siLuc	Pgrmc1	0.0
chrX	35866572	0.0	RNA_siLuc	Pgrmc1	0.0
chrX	35866573	0.0	RNA_siLuc	Pgrmc1	0.0
chrX	35866574	0.0	RNA_siLuc	Pgrmc1	0.0
chrX	35866575	0.0	RNA_siLuc	Pgrmc1	0.0
chrX	35866576	0.0	RNA_siLuc	Pgrmc1	0.0
chrX	35866577	0.0	RNA_siLuc	Pgrmc1	0.0
chrX	35866578	0.0	RNA_siLuc	Pgrmc1	0.0
chrX	35866579	0.0	RNA_siLuc	Pgrmc1	0.0
chrX	35866580	0.0	RNA_siLuc	Pgrmc1	0.0
chrX	35866581	0.0	RNA_siLuc	Pgrmc1	0.0
chrX	35866582	0.0	RNA_siLuc	Pgrmc1	0.0
chrX	35866583	0.0	RNA_siLuc	Pgrmc1	0.0
chrX	35866584	0.0	RNA_siLuc	Pgrmc1	0.0
chrX	35866585	0.0	RNA_siLuc	Pgrmc1	0.0
chrX	35866586	0.0	RNA_siLuc	Pgrmc1	0.0
chrX	35866587	0.0	RNA_siLuc	Pgrmc1	0.0
chrX	35866588	0.0	RNA_siLuc	Pgrmc1	0.0
chrX	35866589	0.0	RNA_siLuc	Pgrmc1	0.0
chrX	35866590	0.0	RNA_siLuc	Pgrmc1	0.0
chrX	35866591	0.0	RNA_siLuc	Pgrmc1	0.0
chrX	35866592	0.0	RNA_siLuc	Pgrmc1	0.0
chrX	35866593	0.0	RNA_siLuc	Pgrmc1	0.0
chrX	35866594	0.0	RNA_siLuc	Pgrmc1	0.0
chrX	35866595	0.0	RNA_siLuc	Pgrmc1	0.0
chrX	35866596	0.0	RNA_siLuc	Pgrmc1	0.0
chrX	35866597	0.0	RNA_siLuc	Pgrmc1	0.0
chrX	35866598	0.0	RNA_siLuc	Pgrmc1	0.0
chrX	35866599	0.0	RNA_siLuc	Pgrmc1	0.0
chrX	35866600	0.0	RNA_siLuc	Pgrmc1	0.0
chrX	35866601	0.0	RNA_siLuc	Pgrmc1	0.0
chrX	35866602	0.0	RNA_siLuc	Pgrmc1	0.0
chrX	35866603	0.0	RNA_siLuc	Pgrmc1	0.0
chrX	35866604	0.0	RNA_siLuc	Pgrmc1	0.0
chrX	35866605	0.0	RNA_siLuc	Pgrmc1	0.0
chrX	35866606	0.0	RNA_siLuc	Pgrmc1	0.0
chrX	35866607	0.0	RNA_siLuc	Pgrmc1	0.0
chrX	35866608	0.0	RNA_siLuc	Pgrmc1	0.0
chrX	35866609	0.0	RNA_siLuc	Pgrmc1	0.0
chrX	35866610	0.0	RNA_siLuc	Pgrmc1	0.0
chrX	35866611	0.0	RNA_siLuc	Pgrmc1	0.0
chrX	35866612	0.0	RNA_siLuc	Pgrmc1	0.0
chrX	35866613	0.0	RNA_siLuc	Pgrmc1	0.0
chrX	35866614	0.0	RNA_siLuc	Pgrmc1	0.0
chrX	35866615	0.0	RNA_siLuc	Pgrmc1	0.0
chrX	35866616	0.0	RNA_siLuc	Pgrmc1	0.0
chrX	35866617	0.0	RNA_siLuc	Pgrmc1	0.0
chrX	35866618	0.0	RNA_siLuc	Pgrmc1	0.0
chrX	35866619	0.0	RNA_siLuc	Pgrmc1	0.0
chrX	35866620	0.0	RNA_siLuc	Pgrmc1	0.0
chrX	35866621	0.0	RNA_siLuc	Pgrmc1	0.0
chrX	35866622	0.0	RNA_siLuc	Pgrmc1	0.0
chrX	35866623	0.0	RNA_siLuc	Pgrmc1	0.0
chrX	35866624	0.0	RNA_siLuc	Pgrmc1	0.0
chrX	35866625	0.0	RNA_siLuc	Pgrmc1	0.0
chrX	35866626	0.0	RNA_siLuc	Pgrmc1	0.0
chrX	35866627	0.0	RNA_siLuc	Pgrmc1	0.0
chrX	35866628	0.0	RNA_siLuc	Pgrmc1	0.0
chrX	35866629	0.0	RNA_siLuc	Pgrmc1	0.0
chrX	35866630	0.0	RNA_siLuc	Pgrmc1	0.0
chrX	35866631	0.0	RNA_siLuc	Pgrmc1	0.0
chrX	35866632	0.0	RNA_siLuc	Pgrmc1	0.0
chrX	35866633	0.0	RNA_siLuc	Pgrmc1	0.0
chrX	35866634	0.0	RNA_siLuc	Pgrmc1	0.0
chrX	35866635	0.0	RNA_siLuc	Pgrmc1	0.0
chrX	35866636	0.0	RNA_siLuc	Pgrmc1	0.0
chrX	35866637	0.0	RNA_siLuc	Pgrmc1	0.0
chrX	35866638	0.0	RNA_siLuc	Pgrmc1	0.0
chrX	35866639	0.0	RNA_siLuc	Pgrmc1	0.0
chrX	35866640	0.0	RNA_siLuc	Pgrmc1	0.0
chrX	35866641	0.0	RNA_siLuc	Pgrmc1	0.0
chrX	35866642	0.0	RNA_siLuc	Pgrmc1	0.0
chrX	35866643	0.0	RNA_siLuc	Pgrmc1	0.0
chrX	35866644	0.0	RNA_siLuc	Pgrmc1	0.0
chrX	35866645	0.0	RNA_siLuc	Pgrmc1	0.0
chrX	35866646	0.0	RNA_siLuc	Pgrmc1	0.0
chrX	35866647	0.0	RNA_siLuc	Pgrmc1	0.0
chrX	35866648	0.0	RNA_siLuc	Pgrmc1	0.0
chrX	35866649	0.0	RNA_siLuc	Pgrmc1	0.0
chrX	35866650	0.0	RNA_siLuc	Pgrmc1	0.0
chrX	35866651	0.0	RNA_siLuc	Pgrmc1	0.0
chrX	35866652	0.0	RNA_siLuc	Pgrmc1	0.0
chrX	35866653	0.0	RNA_siLuc	Pgrmc1	0.0
chrX	35866654	0.0	RNA_siLuc	Pgrmc1	0.0
chrX	35866655	0.0	RNA_siLuc	Pgrmc1	0.0
chrX	35866656	0.0	RNA_siLuc	Pgrmc1	0.0
chrX	35866657	0.0	RNA_siLuc	Pgrmc1	0.0
chrX	35866658	0.0	RNA_siLuc	Pgrmc1	0.0
chrX	35866659	0.0	RNA_siLuc	Pgrmc1	0.0
chrX	35866660	0.0	RNA_siLuc	Pgrmc1	0.0
chrX	35866661	0.0	RNA_siLuc	Pgrmc1	0.0
chrX	35866662	0.0	RNA_siLuc	Pgrmc1	0.0
chrX	35866663	0.0	RNA_siLuc	Pgrmc1	0.0
chrX	35866664	0.0	RNA_siLuc	Pgrmc1	0.0
chrX	35866665	0.0	RNA_siLuc	Pgrmc1	0.0
chrX	35866666	0.0	RNA_siLuc	Pgrmc1	0.0
chrX	35866667	0.0	RNA_siLuc	Pgrmc1	0.0
chrX	35866668	0.0	RNA_siLuc	Pgrmc1	0.0
chrX	35866669	0.0	RNA_siLuc	Pgrmc1	0.0
chrX	35866670	0.0	RNA_siLuc	Pgrmc1	0.0
chrX	35866671	0.0	RNA_siLuc	Pgrmc1	0.0
chrX	35866672	0.0	RNA_siLuc	Pgrmc1	0.0
chrX	35866673	0.0	RNA_siLuc	Pgrmc1	0.0
chrX	35866674	0.0	RNA_siLuc	Pgrmc1	0.0
chrX	35866675	0.0	RNA_siLuc	Pgrmc1	0.0
chrX	35866676	0.0	RNA_siLuc	Pgrmc1	0.0
chrX	35866677	0.0	RNA_siLuc	Pgrmc1	0.0
chrX	35866678	0.0	RNA_siLuc	Pgrmc1	0.0
chrX	35866679	0.0	RNA_siLuc	Pgrmc1	0.0
chrX	35866680	0.0	RNA_siLuc	Pgrmc1	0.0
chrX	35866681	0.0	RNA_siLuc	Pgrmc1	0.0
chrX	35866682	0.0	RNA_siLuc	Pgrmc1	0.0
chrX	35866683	0.0	RNA_siLuc	Pgrmc1	0.0
chrX	35866684	0.0	RNA_siLuc	Pgrmc1	0.0
chrX	35866685	0.0	RNA_siLuc	Pgrmc1	0.0
chrX	35866686	0.0	RNA_siLuc	Pgrmc1	0.0
chrX	35866687	0.0	RNA_siLuc	Pgrmc1	0.0
chrX	35866688	0.0	RNA_siLuc	Pgrmc1	0.0
chrX	35866689	0.0	RNA_siLuc	Pgrmc1	0.0
chrX	35866690	0.0	RNA_siLuc	Pgrmc1	0.0
chrX	35866691	0.0	RNA_siLuc	Pgrmc1	0.0
chrX	35866692	0.0	RNA_siLuc	Pgrmc1	0.0
chrX	35866693	0.0	RNA_siLuc	Pgrmc1	0.0
chrX	35866694	0.0	RNA_siLuc	Pgrmc1	0.0
chrX	35866695	0.0	RNA_siLuc	Pgrmc1	0.0
chrX	35866696	0.0	RNA_siLuc	Pgrmc1	0.0
chrX	35866697	0.0	RNA_siLuc	Pgrmc1	0.0
chrX	35866698	0.0	RNA_siLuc	Pgrmc1	0.0
chrX	35866699	0.0	RNA_siLuc	Pgrmc1	0.0
chrX	35866700	0.0	RNA_siLuc	Pgrmc1	0.0
chrX	35866701	0.0	RNA_siLuc	Pgrmc1	0.0
chrX	35866702	0.0	RNA_siLuc	Pgrmc1	0.0
chrX	35866703	0.0	RNA_siLuc	Pgrmc1	0.0
chrX	35866704	0.0	RNA_siLuc	Pgrmc1	0.0
chrX	35866705	0.0	RNA_siLuc	Pgrmc1	0.0
chrX	35866706	0.0	RNA_siLuc	Pgrmc1	0.0
chrX	35866707	0.0	RNA_siLuc	Pgrmc1	0.0
chrX	35866708	0.0	RNA_siLuc	Pgrmc1	0.0
chrX	35866709	0.0	RNA_siLuc	Pgrmc1	0.0
chrX	35866710	0.0	RNA_siLuc	Pgrmc1	0.0
chrX	35866711	0.0	RNA_siLuc	Pgrmc1	0.0
chrX	35866712	0.0	RNA_siLuc	Pgrmc1	0.0
chrX	35866713	0.0	RNA_siLuc	Pgrmc1	0.0
chrX	35866714	0.0	RNA_siLuc	Pgrmc1	0.0
chrX	35866715	0.0	RNA_siLuc	Pgrmc1	0.0
chrX	35866716	0.0	RNA_siLuc	Pgrmc1	0.0
chrX	35866717	0.0	RNA_siLuc	Pgrmc1	0.0
chrX	35866718	0.0	RNA_siLuc	Pgrmc1	0.0
chrX	35866719	0.0	RNA_siLuc	Pgrmc1	0.0
chrX	35866720	0.0	RNA_siLuc	Pgrmc1	0.0
chrX	35866721	0.0	RNA_siLuc	Pgrmc1	0.0
chrX	35866722	0.0	RNA_siLuc	Pgrmc1	0.0
chrX	35866723	0.0	RNA_siLuc	Pgrmc1	0.0
chrX	35866724	0.0	RNA_siLuc	Pgrmc1	0.0
chrX	35866725	0.0	RNA_siLuc	Pgrmc1	0.0
chrX	35866726	0.0	RNA_siLuc	Pgrmc1	0.0
chrX	35866727	0.0	RNA_siLuc	Pgrmc1	0.0
chrX	35866728	0.0	RNA_siLuc	Pgrmc1	0.0
chrX	35866729	0.0	RNA_siLuc	Pgrmc1	0.0
chrX	35866730	0.0	RNA_siLuc	Pgrmc1	0.0
chrX	35866731	0.0	RNA_siLuc	Pgrmc1	0.0
chrX	35866732	0.0	RNA_siLuc	Pgrmc1	0.0
chrX	35866733	0.0	RNA_siLuc	Pgrmc1	0.0
chrX	35866734	0.0	RNA_siLuc	Pgrmc1	0.0
chrX	35866735	0.0	RNA_siLuc	Pgrmc1	0.0
chrX	35866736	0.0	RNA_siLuc	Pgrmc1	0.0
chrX	35866737	0.0	RNA_siLuc	Pgrmc1	0.0
chrX	35866738	0.0	RNA_siLuc	Pgrmc1	0.0
chrX	35866739	0.0	RNA_siLuc	Pgrmc1	0.0
chrX	35866740	0.0	RNA_siLuc	Pgrmc1	0.0
chrX	35866741	0.0	RNA_siLuc	Pgrmc1	0.0
chrX	35866742	0.0	RNA_siLuc	Pgrmc1	0.0
chrX	35866743	0.0	RNA_siLuc	Pgrmc1	0.0
chrX	35866744	0.0	RNA_siLuc	Pgrmc1	0.0
chrX	35866745	0.0	RNA_siLuc	Pgrmc1	0.0
chrX	35866746	0.0	RNA_siLuc	Pgrmc1	0.0
chrX	35866747	0.0	RNA_siLuc	Pgrmc1	0.0
chrX	35866748	0.0	RNA_siLuc	Pgrmc1	0.0
chrX	35866749	0.0	RNA_siLuc	Pgrmc1	0.0
chrX	35866750	0.0	RNA_siLuc	Pgrmc1	0.0
chrX	35866751	0.0	RNA_siLuc	Pgrmc1	0.0
chrX	35866752	0.0	RNA_siLuc	Pgrmc1	0.0
chrX	35866753	0.0	RNA_siLuc	Pgrmc1	0.0
chrX	35866754	0.0	RNA_siLuc	Pgrmc1	0.0
chrX	35866755	0.0	RNA_siLuc	Pgrmc1	0.0
chrX	35866756	0.0	RNA_siLuc	Pgrmc1	0.0
chrX	35866757	0.0	RNA_siLuc	Pgrmc1	0.0
chrX	35866758	0.0	RNA_siLuc	Pgrmc1	0.0
chrX	35866759	0.0	RNA_siLuc	Pgrmc1	0.0
chrX	35866760	0.0	RNA_siLuc	Pgrmc1	0.0
chrX	35866761	0.0	RNA_siLuc	Pgrmc1	0.0
chrX	35866762	0.0	RNA_siLuc	Pgrmc1	0.0
chrX	35866763	0.0	RNA_siLuc	Pgrmc1	0.0
chrX	35866764	0.0	RNA_siLuc	Pgrmc1	0.0
chrX	35866765	0.0	RNA_siLuc	Pgrmc1	0.0
chrX	35866766	0.0	RNA_siLuc	Pgrmc1	0.0
chrX	35866767	0.0	RNA_siLuc	Pgrmc1	0.0
chrX	35866768	0.0	RNA_siLuc	Pgrmc1	0.0
chrX	35866769	0.0	RNA_siLuc	Pgrmc1	0.0
chrX	35866770	0.0	RNA_siLuc	Pgrmc1	0.0
chrX	35866771	0.0	RNA_siLuc	Pgrmc1	0.0
chrX	35866772	0.0	RNA_siLuc	Pgrmc1	0.0
chrX	35866773	0.0	RNA_siLuc	Pgrmc1	0.0
chrX	35866774	0.0	RNA_siLuc	Pgrmc1	0.0
chrX	35866775	0.0	RNA_siLuc	Pgrmc1	0.0
chrX	35866776	0.0	RNA_siLuc	Pgrmc1	0.0
chrX	35866777	0.0	RNA_siLuc	Pgrmc1	0.0
chrX	35866778	0.0	RNA_siLuc	Pgrmc1	0.0
chrX	35866779	0.0	RNA_siLuc	Pgrmc1	0.0
chrX	35866780	0.0	RNA_siLuc	Pgrmc1	0.0
chrX	35866781	0.0	RNA_siLuc	Pgrmc1	0.0
chrX	35866782	0.0	RNA_siLuc	Pgrmc1	0.0
chrX	35866783	0.0	RNA_siLuc	Pgrmc1	0.0
chrX	35866784	0.0	RNA_siLuc	Pgrmc1	0.0
chrX	35866785	0.0	RNA_siLuc	Pgrmc1	0.0
chrX	35866786	0.0	RNA_siLuc	Pgrmc1	0.0
chrX	35866787	0.0	RNA_siLuc	Pgrmc1	0.0
chrX	35866788	0.0	RNA_siLuc	Pgrmc1	0.0
chrX	35866789	0.0	RNA_siLuc	Pgrmc1	0.0
chrX	35866790	0.0	RNA_siLuc	Pgrmc1	0.0
chrX	35866791	0.0	RNA_siLuc	Pgrmc1	0.0
chrX	35866792	0.0	RNA_siLuc	Pgrmc1	0.0
chrX	35866793	0.0	RNA_siLuc	Pgrmc1	0.0
chrX	35866794	0.0	RNA_siLuc	Pgrmc1	0.0
chrX	35866795	0.0	RNA_siLuc	Pgrmc1	0.0
chrX	35866796	0.0	RNA_siLuc	Pgrmc1	0.0
chrX	35866797	0.0	RNA_siLuc	Pgrmc1	0.0
chrX	35866798	0.0	RNA_siLuc	Pgrmc1	0.0
chrX	35866799	0.0	RNA_siLuc	Pgrmc1	0.0
chrX	35866800	0.0	RNA_siLuc	Pgrmc1	0.0
chrX	35866801	0.0	RNA_siLuc	Pgrmc1	0.0
chrX	35866802	0.0	RNA_siLuc	Pgrmc1	0.0
chrX	35866803	0.0	RNA_siLuc	Pgrmc1	0.0
chrX	35866804	0.0	RNA_siLuc	Pgrmc1	0.0
chrX	35866805	0.0	RNA_siLuc	Pgrmc1	0.0
chrX	35866806	0.0	RNA_siLuc	Pgrmc1	0.0
chrX	35866807	0.0	RNA_siLuc	Pgrmc1	0.0
chrX	35866808	0.0	RNA_siLuc	Pgrmc1	0.0
chrX	35866809	0.0	RNA_siLuc	Pgrmc1	0.0
chrX	35866810	0.0	RNA_siLuc	Pgrmc1	0.0
chrX	35866811	0.0	RNA_siLuc	Pgrmc1	0.0
chrX	35866812	0.0	RNA_siLuc	Pgrmc1	0.0
chrX	35866813	0.0	RNA_siLuc	Pgrmc1	0.0
chrX	35866814	0.0	RNA_siLuc	Pgrmc1	0.0
chrX	35866815	0.0	RNA_siLuc	Pgrmc1	0.0
chrX	35866816	0.0	RNA_siLuc	Pgrmc1	0.0
chrX	35866817	0.0	RNA_siLuc	Pgrmc1	0.0
chrX	35866818	0.0	RNA_siLuc	Pgrmc1	0.0
chrX	35866819	0.0	RNA_siLuc	Pgrmc1	0.0
chrX	35866820	0.0	RNA_siLuc	Pgrmc1	0.0
chrX	35866821	0.0	RNA_siLuc	Pgrmc1	0.0
chrX	35866822	0.0	RNA_siLuc	Pgrmc1	0.0
chrX	35866823	0.0	RNA_siLuc	Pgrmc1	0.0
chrX	35866824	0.0	RNA_siLuc	Pgrmc1	0.0
chrX	35866825	0.0	RNA_siLuc	Pgrmc1	0.0
chrX	35866826	0.0	RNA_siLuc	Pgrmc1	0.0
chrX	35866827	0.0	RNA_siLuc	Pgrmc1	0.0
chrX	35866828	0.0	RNA_siLuc	Pgrmc1	0.0
chrX	35866829	0.0	RNA_siLuc	Pgrmc1	0.0
chrX	35866830	0.0	RNA_siLuc	Pgrmc1	0.0
chrX	35866831	0.0	RNA_siLuc	Pgrmc1	0.0
chrX	35866832	0.0	RNA_siLuc	Pgrmc1	0.0
chrX	35866833	0.0	RNA_siLuc	Pgrmc1	0.0
chrX	35866834	0.0	RNA_siLuc	Pgrmc1	0.0
chrX	35866835	0.0	RNA_siLuc	Pgrmc1	0.0
chrX	35866836	0.0	RNA_siLuc	Pgrmc1	0.0
chrX	35866837	0.0	RNA_siLuc	Pgrmc1	0.0
chrX	35866838	0.0	RNA_siLuc	Pgrmc1	0.0
chrX	35866839	0.0	RNA_siLuc	Pgrmc1	0.0
chrX	35866840	0.0	RNA_siLuc	Pgrmc1	0.0
chrX	35866841	0.0	RNA_siLuc	Pgrmc1	0.0
chrX	35866842	0.0	RNA_siLuc	Pgrmc1	0.0
chrX	35866843	0.0	RNA_siLuc	Pgrmc1	0.0
chrX	35866844	0.0	RNA_siLuc	Pgrmc1	0.0
chrX	35866845	0.0	RNA_siLuc	Pgrmc1	0.0
chrX	35866846	0.0	RNA_siLuc	Pgrmc1	0.0
chrX	35866847	0.0	RNA_siLuc	Pgrmc1	0.0
chrX	35866848	0.0	RNA_siLuc	Pgrmc1	0.0
chrX	35866849	0.0	RNA_siLuc	Pgrmc1	0.0
chrX	35866850	0.0	RNA_siLuc	Pgrmc1	0.0
chrX	35866851	0.0	RNA_siLuc	Pgrmc1	0.0
chrX	35866852	0.0	RNA_siLuc	Pgrmc1	0.0
chrX	35866853	0.0	RNA_siLuc	Pgrmc1	0.0
chrX	35866854	0.0	RNA_siLuc	Pgrmc1	0.0
chrX	35866855	0.0	RNA_siLuc	Pgrmc1	0.0
chrX	35866856	0.0	RNA_siLuc	Pgrmc1	0.0
chrX	35866857	0.0	RNA_siLuc	Pgrmc1	0.0
chrX	35866858	0.0	RNA_siLuc	Pgrmc1	0.0
chrX	35866859	0.0	RNA_siLuc	Pgrmc1	0.0
chrX	35866860	0.0	RNA_siLuc	Pgrmc1	0.0
chrX	35866861	0.0	RNA_siLuc	Pgrmc1	0.0
chrX	35866862	0.0	RNA_siLuc	Pgrmc1	0.0
chrX	35866863	0.0	RNA_siLuc	Pgrmc1	0.0
chrX	35866864	0.0	RNA_siLuc	Pgrmc1	0.0
chrX	35866865	0.0	RNA_siLuc	Pgrmc1	0.0
chrX	35866866	0.0	RNA_siLuc	Pgrmc1	0.0
chrX	35866867	0.0	RNA_siLuc	Pgrmc1	0.0
chrX	35866868	0.0	RNA_siLuc	Pgrmc1	0.0
chrX	35866869	0.0	RNA_siLuc	Pgrmc1	0.0
chrX	35866870	0.0	RNA_siLuc	Pgrmc1	0.0
chrX	35866871	0.0	RNA_siLuc	Pgrmc1	0.0
chrX	35866872	0.0	RNA_siLuc	Pgrmc1	0.0
chrX	35866873	0.0	RNA_siLuc	Pgrmc1	0.0
chrX	35866874	0.0	RNA_siLuc	Pgrmc1	0.0
chrX	35866875	0.0	RNA_siLuc	Pgrmc1	0.0
chrX	35866876	0.0	RNA_siLuc	Pgrmc1	0.0
chrX	35866877	0.0	RNA_siLuc	Pgrmc1	0.0
chrX	35866878	0.0	RNA_siLuc	Pgrmc1	0.0
chrX	35866879	0.0	RNA_siLuc	Pgrmc1	0.0
chrX	35866880	0.0	RNA_siLuc	Pgrmc1	0.0
chrX	35866881	0.0	RNA_siLuc	Pgrmc1	0.0
chrX	35866882	0.0	RNA_siLuc	Pgrmc1	0.0
chrX	35866883	0.0	RNA_siLuc	Pgrmc1	0.0
chrX	35866884	0.0	RNA_siLuc	Pgrmc1	0.0
chrX	35866885	0.0	RNA_siLuc	Pgrmc1	0.0
chrX	35866886	0.0	RNA_siLuc	Pgrmc1	0.0
chrX	35866887	0.0	RNA_siLuc	Pgrmc1	0.0
chrX	35866888	0.0	RNA_siLuc	Pgrmc1	0.0
chrX	35866889	0.0	RNA_siLuc	Pgrmc1	0.0
chrX	35866890	0.0	RNA_siLuc	Pgrmc1	0.0
chrX	35866891	0.0	RNA_siLuc	Pgrmc1	0.0
chrX	35866892	0.0	RNA_siLuc	Pgrmc1	0.0
chrX	35866893	0.0	RNA_siLuc	Pgrmc1	0.0
chrX	35866894	0.0	RNA_siLuc	Pgrmc1	0.0
chrX	35866895	0.0	RNA_siLuc	Pgrmc1	0.0
chrX	35866896	0.0	RNA_siLuc	Pgrmc1	0.0
chrX	35866897	0.0	RNA_siLuc	Pgrmc1	0.0
chrX	35866898	0.0	RNA_siLuc	Pgrmc1	0.0
chrX	35866899	0.0	RNA_siLuc	Pgrmc1	0.0
chrX	35866900	0.0	RNA_siLuc	Pgrmc1	0.0
chrX	35866901	0.0	RNA_siLuc	Pgrmc1	0.0
chrX	35866902	0.0	RNA_siLuc	Pgrmc1	0.0
chrX	35866903	0.0	RNA_siLuc	Pgrmc1	0.0
chrX	35866904	0.0	RNA_siLuc	Pgrmc1	0.0
chrX	35866905	0.0	RNA_siLuc	Pgrmc1	0.0
chrX	35866906	0.0	RNA_siLuc	Pgrmc1	0.0
chrX	35866907	0.0	RNA_siLuc	Pgrmc1	0.0
chrX	35866908	0.0	RNA_siLuc	Pgrmc1	0.0
chrX	35866909	0.0	RNA_siLuc	Pgrmc1	0.0
chrX	35866910	0.0	RNA_siLuc	Pgrmc1	0.0
chrX	35866911	0.0	RNA_siLuc	Pgrmc1	0.0
chrX	35866912	0.0	RNA_siLuc	Pgrmc1	0.0
chrX	35866913	0.0	RNA_siLuc	Pgrmc1	0.0
chrX	35866914	0.0	RNA_siLuc	Pgrmc1	0.0
chrX	35866915	0.0	RNA_siLuc	Pgrmc1	0.0
chrX	35866916	0.0	RNA_siLuc	Pgrmc1	0.0
chrX	35866917	0.0	RNA_siLuc	Pgrmc1	0.0
chrX	35866918	0.0	RNA_siLuc	Pgrmc1	0.0
chrX	35866919	0.0	RNA_siLuc	Pgrmc1	0.0
chrX	35866920	0.0	RNA_siLuc	Pgrmc1	0.0
chrX	35866921	0.0	RNA_siLuc	Pgrmc1	0.0
chrX	35866922	0.0	RNA_siLuc	Pgrmc1	0.0
chrX	35866923	0.0	RNA_siLuc	Pgrmc1	0.0
chrX	35866924	0.0	RNA_siLuc	Pgrmc1	0.0
chrX	35866925	0.0	RNA_siLuc	Pgrmc1	0.0
chrX	35866926	0.0	RNA_siLuc	Pgrmc1	0.0
chrX	35866927	0.0	RNA_siLuc	Pgrmc1	0.0
chrX	35866928	0.0	RNA_siLuc	Pgrmc1	0.0
chrX	35866929	0.0	RNA_siLuc	Pgrmc1	0.0
chrX	35866930	0.0	RNA_siLuc	Pgrmc1	0.0
chrX	35866931	0.0	RNA_siLuc	Pgrmc1	0.0
chrX	35866932	0.0	RNA_siLuc	Pgrmc1	0.0
chrX	35866933	0.0	RNA_siLuc	Pgrmc1	0.0
chrX	35866934	0.0	RNA_siLuc	Pgrmc1	0.0
chrX	35866935	0.0	RNA_siLuc	Pgrmc1	0.0
chrX	35866936	0.0	RNA_siLuc	Pgrmc1	0.0
chrX	35866937	0.0	RNA_siLuc	Pgrmc1	0.0
chrX	35866938	0.0	RNA_siLuc	Pgrmc1	0.0
chrX	35866939	0.0	RNA_siLuc	Pgrmc1	0.0
chrX	35866940	0.0	RNA_siLuc	Pgrmc1	0.0
chrX	35866941	0.0	RNA_siLuc	Pgrmc1	0.0
chrX	35866942	0.0	RNA_siLuc	Pgrmc1	0.0
chrX	35866943	0.0	RNA_siLuc	Pgrmc1	0.0
chrX	35866944	0.0	RNA_siLuc	Pgrmc1	0.0
chrX	35866945	0.0	RNA_siLuc	Pgrmc1	0.0
chrX	35866946	0.0	RNA_siLuc	Pgrmc1	0.0
chrX	35866947	0.0	RNA_siLuc	Pgrmc1	0.0
chrX	35866948	0.0	RNA_siLuc	Pgrmc1	0.0
chrX	35866949	0.0	RNA_siLuc	Pgrmc1	0.0
chrX	35866950	0.0	RNA_siLuc	Pgrmc1	0.0
chrX	35866951	0.0	RNA_siLuc	Pgrmc1	0.0
chrX	35866952	0.0	RNA_siLuc	Pgrmc1	0.0
chrX	35866953	0.0	RNA_siLuc	Pgrmc1	0.0
chrX	35866954	0.0	RNA_siLuc	Pgrmc1	0.0
chrX	35866955	0.0	RNA_siLuc	Pgrmc1	0.0
chrX	35866956	0.0	RNA_siLuc	Pgrmc1	0.0
chrX	35866957	0.0	RNA_siLuc	Pgrmc1	0.0
chrX	35866958	0.0	RNA_siLuc	Pgrmc1	0.0
chrX	35866959	0.0	RNA_siLuc	Pgrmc1	0.0
chrX	35866960	0.0	RNA_siLuc	Pgrmc1	0.0
chrX	35866961	0.0	RNA_siLuc	Pgrmc1	0.0
chrX	35866962	0.0	RNA_siLuc	Pgrmc1	0.0
chrX	35866963	0.0	RNA_siLuc	Pgrmc1	0.0
chrX	35866964	0.0	RNA_siLuc	Pgrmc1	0.0
chrX	35866965	0.0	RNA_siLuc	Pgrmc1	0.0
chrX	35866966	0.0	RNA_siLuc	Pgrmc1	0.0
chrX	35866967	0.0	RNA_siLuc	Pgrmc1	0.0
chrX	35866968	0.0	RNA_siLuc	Pgrmc1	0.0
chrX	35866969	0.0	RNA_siLuc	Pgrmc1	0.0
chrX	35866970	0.0	RNA_siLuc	Pgrmc1	0.0
chrX	35866971	0.0	RNA_siLuc	Pgrmc1	0.0
chrX	35866972	0.0	RNA_siLuc	Pgrmc1	0.0
chrX	35866973	0.0	RNA_siLuc	Pgrmc1	0.0
chrX	35866974	0.0	RNA_siLuc	Pgrmc1	0.0
chrX	35866975	0.0	RNA_siLuc	Pgrmc1	0.0
chrX	35866976	0.0	RNA_siLuc	Pgrmc1	0.0
chrX	35866977	0.0	RNA_siLuc	Pgrmc1	0.0
chrX	35866978	0.0	RNA_siLuc	Pgrmc1	0.0
chrX	35866979	0.0	RNA_siLuc	Pgrmc1	0.0
chrX	35866980	0.0	RNA_siLuc	Pgrmc1	0.0
chrX	35866981	0.0	RNA_siLuc	Pgrmc1	0.0
chrX	35866982	0.0	RNA_siLuc	Pgrmc1	0.0
chrX	35866983	0.0	RNA_siLuc	Pgrmc1	0.0
chrX	35866984	0.0	RNA_siLuc	Pgrmc1	0.0
chrX	35866985	0.0	RNA_siLuc	Pgrmc1	0.0
chrX	35866986	0.0	RNA_siLuc	Pgrmc1	0.0
chrX	35866987	0.0	RNA_siLuc	Pgrmc1	0.0
chrX	35866988	0.0	RNA_siLuc	Pgrmc1	0.0
chrX	35866989	0.0	RNA_siLuc	Pgrmc1	0.0
chrX	35866990	0.0	RNA_siLuc	Pgrmc1	0.0
chrX	35866991	0.0	RNA_siLuc	Pgrmc1	0.0
chrX	35866992	0.0	RNA_siLuc	Pgrmc1	0.0
chrX	35866993	0.0	RNA_siLuc	Pgrmc1	0.0
chrX	35866994	0.0	RNA_siLuc	Pgrmc1	0.0
chrX	35866995	0.0	RNA_siLuc	Pgrmc1	0.0
chrX	35866996	0.0	RNA_siLuc	Pgrmc1	0.0
chrX	35866997	0.0	RNA_siLuc	Pgrmc1	0.0
chrX	35866998	0.0	RNA_siLuc	Pgrmc1	0.0
chrX	35866999	0.0	RNA_siLuc	Pgrmc1	0.0
chrX	35867000	0.0	RNA_siLuc	Pgrmc1	0.0
chrX	35867001	0.0	RNA_siLuc	Pgrmc1	0.0
chrX	35867002	0.0	RNA_siLuc	Pgrmc1	0.0
chrX	35867003	0.0	RNA_siLuc	Pgrmc1	0.0
chrX	35867004	0.0	RNA_siLuc	Pgrmc1	0.0
chrX	35867005	0.0	RNA_siLuc	Pgrmc1	0.0
chrX	35867006	0.0	RNA_siLuc	Pgrmc1	0.0
chrX	35867007	0.0	RNA_siLuc	Pgrmc1	0.0
chrX	35867008	0.0	RNA_siLuc	Pgrmc1	0.0
chrX	35867009	0.0	RNA_siLuc	Pgrmc1	0.0
chrX	35867010	0.0	RNA_siLuc	Pgrmc1	0.0
chrX	35867011	0.0	RNA_siLuc	Pgrmc1	0.0
chrX	35867012	0.0	RNA_siLuc	Pgrmc1	0.0
chrX	35867013	0.0	RNA_siLuc	Pgrmc1	0.0
chrX	35867014	0.0	RNA_siLuc	Pgrmc1	0.0
chrX	35867015	0.0	RNA_siLuc	Pgrmc1	0.0
chrX	35867016	0.0	RNA_siLuc	Pgrmc1	0.0
chrX	35867017	0.0	RNA_siLuc	Pgrmc1	0.0
chrX	35867018	0.0	RNA_siLuc	Pgrmc1	0.0
chrX	35867019	0.0	RNA_siLuc	Pgrmc1	0.0
chrX	35867020	0.0	RNA_siLuc	Pgrmc1	0.0
chrX	35867021	0.0	RNA_siLuc	Pgrmc1	0.0
chrX	35867022	0.0	RNA_siLuc	Pgrmc1	0.0
chrX	35867023	0.0	RNA_siLuc	Pgrmc1	0.0
chrX	35867024	0.0	RNA_siLuc	Pgrmc1	0.0
chrX	35867025	0.0	RNA_siLuc	Pgrmc1	0.0
chrX	35867026	0.0	RNA_siLuc	Pgrmc1	0.0
chrX	35867027	0.0	RNA_siLuc	Pgrmc1	0.0
chrX	35867028	0.0	RNA_siLuc	Pgrmc1	0.0
chrX	35867029	0.0	RNA_siLuc	Pgrmc1	0.0
chrX	35867030	0.0	RNA_siLuc	Pgrmc1	0.0
chrX	35867031	0.0	RNA_siLuc	Pgrmc1	0.0
chrX	35867032	0.0	RNA_siLuc	Pgrmc1	0.0
chrX	35867033	0.0	RNA_siLuc	Pgrmc1	0.0
chrX	35867034	0.0	RNA_siLuc	Pgrmc1	0.0
chrX	35867035	0.0	RNA_siLuc	Pgrmc1	0.0
chrX	35867036	0.0	RNA_siLuc	Pgrmc1	0.0
chrX	35867037	0.0	RNA_siLuc	Pgrmc1	0.0
chrX	35867038	0.0	RNA_siLuc	Pgrmc1	0.0
chrX	35867039	0.0	RNA_siLuc	Pgrmc1	0.0
chrX	35867040	0.0	RNA_siLuc	Pgrmc1	0.0
chrX	35867041	0.0	RNA_siLuc	Pgrmc1	0.0
chrX	35867042	0.0	RNA_siLuc	Pgrmc1	0.0
chrX	35867043	0.0	RNA_siLuc	Pgrmc1	0.0
chrX	35867044	0.0	RNA_siLuc	Pgrmc1	0.0
chrX	35867045	0.0	RNA_siLuc	Pgrmc1	0.0
chrX	35867046	0.0	RNA_siLuc	Pgrmc1	0.0
chrX	35867047	0.0	RNA_siLuc	Pgrmc1	0.0
chrX	35867048	0.0	RNA_siLuc	Pgrmc1	0.0
chrX	35867049	0.0	RNA_siLuc	Pgrmc1	0.0
chrX	35867050	0.0	RNA_siLuc	Pgrmc1	0.0
chrX	35867051	0.0	RNA_siLuc	Pgrmc1	0.0
chrX	35867052	0.0	RNA_siLuc	Pgrmc1	0.0
chrX	35867053	0.0	RNA_siLuc	Pgrmc1	0.0
chrX	35867054	0.0	RNA_siLuc	Pgrmc1	0.0
chrX	35867055	0.0	RNA_siLuc	Pgrmc1	0.0
chrX	35867056	0.0	RNA_siLuc	Pgrmc1	0.0
chrX	35867057	0.0	RNA_siLuc	Pgrmc1	0.0
chrX	35867058	0.0	RNA_siLuc	Pgrmc1	0.0
chrX	35867059	0.0	RNA_siLuc	Pgrmc1	0.0
chrX	35867060	0.0	RNA_siLuc	Pgrmc1	0.0
chrX	35867061	0.0	RNA_siLuc	Pgrmc1	0.0
chrX	35867062	0.0	RNA_siLuc	Pgrmc1	0.0
chrX	35867063	0.0	RNA_siLuc	Pgrmc1	0.0
chrX	35867064	0.0	RNA_siLuc	Pgrmc1	0.0
chrX	35867065	0.0	RNA_siLuc	Pgrmc1	0.0
chrX	35867066	0.0	RNA_siLuc	Pgrmc1	0.0
chrX	35867067	0.0	RNA_siLuc	Pgrmc1	0.0
chrX	35867068	0.0	RNA_siLuc	Pgrmc1	0.0
chrX	35867069	0.0	RNA_siLuc	Pgrmc1	0.0
chrX	35867070	0.0	RNA_siLuc	Pgrmc1	0.0
chrX	35867071	0.0	RNA_siLuc	Pgrmc1	0.0
chrX	35867072	0.0	RNA_siLuc	Pgrmc1	0.0
chrX	35867073	0.0	RNA_siLuc	Pgrmc1	0.0
chrX	35867074	0.0	RNA_siLuc	Pgrmc1	0.0
chrX	35867075	0.0	RNA_siLuc	Pgrmc1	0.0
chrX	35867076	0.0	RNA_siLuc	Pgrmc1	0.0
chrX	35867077	0.0	RNA_siLuc	Pgrmc1	0.0
chrX	35867078	0.0	RNA_siLuc	Pgrmc1	0.0
chrX	35867079	0.0	RNA_siLuc	Pgrmc1	0.0
chrX	35867080	0.0	RNA_siLuc	Pgrmc1	0.0
chrX	35867081	0.0	RNA_siLuc	Pgrmc1	0.0
chrX	35867082	0.0	RNA_siLuc	Pgrmc1	0.0
chrX	35867083	0.0	RNA_siLuc	Pgrmc1	0.0
chrX	35867084	0.0	RNA_siLuc	Pgrmc1	0.0
chrX	35867085	0.0	RNA_siLuc	Pgrmc1	0.0
chrX	35867086	0.0	RNA_siLuc	Pgrmc1	0.0
chrX	35867087	0.0	RNA_siLuc	Pgrmc1	0.0
chrX	35867088	0.0	RNA_siLuc	Pgrmc1	0.0
chrX	35867089	0.0	RNA_siLuc	Pgrmc1	0.0
chrX	35867090	0.0	RNA_siLuc	Pgrmc1	0.0
chrX	35867091	0.0	RNA_siLuc	Pgrmc1	0.0
chrX	35867092	0.0	RNA_siLuc	Pgrmc1	0.0
chrX	35867093	0.0	RNA_siLuc	Pgrmc1	0.0
chrX	35867094	0.0	RNA_siLuc	Pgrmc1	0.0
chrX	35867095	0.0	RNA_siLuc	Pgrmc1	0.0
chrX	35867096	0.0	RNA_siLuc	Pgrmc1	0.0
chrX	35867097	0.0	RNA_siLuc	Pgrmc1	0.0
chrX	35867098	0.0	RNA_siLuc	Pgrmc1	0.0
chrX	35867099	0.0	RNA_siLuc	Pgrmc1	0.0
chrX	35867100	0.0	RNA_siLuc	Pgrmc1	0.0
chrX	35867101	0.0	RNA_siLuc	Pgrmc1	0.0
chrX	35867102	0.0	RNA_siLuc	Pgrmc1	0.0
chrX	35867103	0.0	RNA_siLuc	Pgrmc1	0.0
chrX	35867104	0.0	RNA_siLuc	Pgrmc1	0.0
chrX	35867105	0.0	RNA_siLuc	Pgrmc1	0.0
chrX	35867106	0.0	RNA_siLuc	Pgrmc1	0.0
chrX	35867107	0.0	RNA_siLuc	Pgrmc1	0.0
chrX	35867108	0.0	RNA_siLuc	Pgrmc1	0.0
chrX	35867109	0.0	RNA_siLuc	Pgrmc1	0.0
chrX	35867110	0.0	RNA_siLuc	Pgrmc1	0.0
chrX	35867111	0.0	RNA_siLuc	Pgrmc1	0.0
chrX	35867112	0.0	RNA_siLuc	Pgrmc1	0.0
chrX	35867113	0.0	RNA_siLuc	Pgrmc1	0.0
chrX	35867114	0.0	RNA_siLuc	Pgrmc1	0.0
chrX	35867115	0.0	RNA_siLuc	Pgrmc1	0.0
chrX	35867116	0.0	RNA_siLuc	Pgrmc1	0.0
chrX	35867117	0.0	RNA_siLuc	Pgrmc1	0.0
chrX	35867118	0.0	RNA_siLuc	Pgrmc1	0.0
chrX	35867119	0.0	RNA_siLuc	Pgrmc1	0.0
chrX	35867120	0.0	RNA_siLuc	Pgrmc1	0.0
chrX	35867121	0.0	RNA_siLuc	Pgrmc1	0.0
chrX	35867122	0.0	RNA_siLuc	Pgrmc1	0.0
chrX	35867123	0.0	RNA_siLuc	Pgrmc1	0.0
chrX	35867124	0.0	RNA_siLuc	Pgrmc1	0.0
chrX	35867125	0.0	RNA_siLuc	Pgrmc1	0.0
chrX	35867126	0.0	RNA_siLuc	Pgrmc1	0.0
chrX	35867127	0.0	RNA_siLuc	Pgrmc1	0.0
chrX	35867128	0.0	RNA_siLuc	Pgrmc1	0.0
chrX	35867129	0.0	RNA_siLuc	Pgrmc1	0.0
chrX	35867130	0.0	RNA_siLuc	Pgrmc1	0.0
chrX	35867131	0.0	RNA_siLuc	Pgrmc1	0.0
chrX	35867132	0.0	RNA_siLuc	Pgrmc1	0.0
chrX	35867133	0.0	RNA_siLuc	Pgrmc1	0.0
chrX	35867134	0.0	RNA_siLuc	Pgrmc1	0.0
chrX	35867135	0.0	RNA_siLuc	Pgrmc1	0.0
chrX	35867136	0.0	RNA_siLuc	Pgrmc1	0.0
chrX	35867137	0.0	RNA_siLuc	Pgrmc1	0.0
chrX	35867138	0.0	RNA_siLuc	Pgrmc1	0.0
chrX	35867139	0.0	RNA_siLuc	Pgrmc1	0.0
chrX	35867140	0.0	RNA_siLuc	Pgrmc1	0.0
chrX	35867141	0.0	RNA_siLuc	Pgrmc1	0.0
chrX	35867142	0.0	RNA_siLuc	Pgrmc1	0.0
chrX	35867143	0.0	RNA_siLuc	Pgrmc1	0.0
chrX	35867144	0.0	RNA_siLuc	Pgrmc1	0.0
chrX	35867145	0.0	RNA_siLuc	Pgrmc1	0.0
chrX	35867146	0.0	RNA_siLuc	Pgrmc1	0.0
chrX	35867147	0.0	RNA_siLuc	Pgrmc1	0.0
chrX	35867148	0.0	RNA_siLuc	Pgrmc1	0.0
chrX	35867149	0.0	RNA_siLuc	Pgrmc1	0.0
chrX	35867150	0.0	RNA_siLuc	Pgrmc1	0.0
chrX	35867151	0.0	RNA_siLuc	Pgrmc1	0.0
chrX	35867152	0.0	RNA_siLuc	Pgrmc1	0.0
chrX	35867153	0.0	RNA_siLuc	Pgrmc1	0.0
chrX	35867154	0.0	RNA_siLuc	Pgrmc1	0.0
chrX	35867155	0.0	RNA_siLuc	Pgrmc1	0.0
chrX	35867156	0.0	RNA_siLuc	Pgrmc1	0.0
chrX	35867157	0.0	RNA_siLuc	Pgrmc1	0.0
chrX	35867158	0.0	RNA_siLuc	Pgrmc1	0.0
chrX	35867159	0.0	RNA_siLuc	Pgrmc1	0.0
chrX	35867160	0.0	RNA_siLuc	Pgrmc1	0.0
chrX	35867161	0.0	RNA_siLuc	Pgrmc1	0.0
chrX	35867162	0.0	RNA_siLuc	Pgrmc1	0.0
chrX	35867163	0.0	RNA_siLuc	Pgrmc1	0.0
chrX	35867164	0.0	RNA_siLuc	Pgrmc1	0.0
chrX	35867165	0.0	RNA_siLuc	Pgrmc1	0.0
chrX	35867166	0.0	RNA_siLuc	Pgrmc1	0.0
chrX	35867167	0.0	RNA_siLuc	Pgrmc1	0.0
chrX	35867168	0.0	RNA_siLuc	Pgrmc1	0.0
chrX	35867169	0.0	RNA_siLuc	Pgrmc1	0.0
chrX	35867170	0.0	RNA_siLuc	Pgrmc1	0.0
chrX	35867171	0.0	RNA_siLuc	Pgrmc1	0.0
chrX	35867172	0.0	RNA_siLuc	Pgrmc1	0.0
chrX	35867173	0.0	RNA_siLuc	Pgrmc1	0.0
chrX	35867174	0.0	RNA_siLuc	Pgrmc1	0.0
chrX	35867175	0.0	RNA_siLuc	Pgrmc1	0.0
chrX	35867176	0.0	RNA_siLuc	Pgrmc1	0.0
chrX	35867177	0.0	RNA_siLuc	Pgrmc1	0.0
chrX	35867178	0.0	RNA_siLuc	Pgrmc1	0.0
chrX	35867179	0.0	RNA_siLuc	Pgrmc1	0.0
chrX	35867180	0.0	RNA_siLuc	Pgrmc1	0.0
chrX	35867181	0.0	RNA_siLuc	Pgrmc1	0.0
chrX	35867182	0.0	RNA_siLuc	Pgrmc1	0.0
chrX	35867183	0.0	RNA_siLuc	Pgrmc1	0.0
chrX	35867184	0.0	RNA_siLuc	Pgrmc1	0.0
chrX	35867185	0.0	RNA_siLuc	Pgrmc1	0.0
chrX	35867186	0.0	RNA_siLuc	Pgrmc1	0.0
chrX	35867187	0.0	RNA_siLuc	Pgrmc1	0.0
chrX	35867188	0.0	RNA_siLuc	Pgrmc1	0.0
chrX	35867189	0.0	RNA_siLuc	Pgrmc1	0.0
chrX	35867190	0.0	RNA_siLuc	Pgrmc1	0.0
chrX	35867191	0.0	RNA_siLuc	Pgrmc1	0.0
chrX	35867192	0.0	RNA_siLuc	Pgrmc1	0.0
chrX	35867193	0.0	RNA_siLuc	Pgrmc1	0.0
chrX	35867194	0.0	RNA_siLuc	Pgrmc1	0.0
chrX	35867195	0.0	RNA_siLuc	Pgrmc1	0.0
chrX	35867196	0.0	RNA_siLuc	Pgrmc1	0.0
chrX	35867197	0.0	RNA_siLuc	Pgrmc1	0.0
chrX	35867198	0.0	RNA_siLuc	Pgrmc1	0.0
chrX	35867199	0.0	RNA_siLuc	Pgrmc1	0.0
chrX	35867200	0.0	RNA_siLuc	Pgrmc1	0.0
chrX	35867201	0.0	RNA_siLuc	Pgrmc1	0.0
chrX	35867202	0.0	RNA_siLuc	Pgrmc1	0.0
chrX	35867203	0.0	RNA_siLuc	Pgrmc1	0.0
chrX	35867204	0.0	RNA_siLuc	Pgrmc1	0.0
chrX	35867205	0.0	RNA_siLuc	Pgrmc1	0.0
chrX	35867206	0.0	RNA_siLuc	Pgrmc1	0.0
chrX	35867207	0.0	RNA_siLuc	Pgrmc1	0.0
chrX	35867208	0.0	RNA_siLuc	Pgrmc1	0.0
chrX	35867209	0.0	RNA_siLuc	Pgrmc1	0.0
chrX	35867210	0.0	RNA_siLuc	Pgrmc1	0.0
chrX	35867211	0.0	RNA_siLuc	Pgrmc1	0.0
chrX	35867212	0.0	RNA_siLuc	Pgrmc1	0.0
chrX	35867213	0.0	RNA_siLuc	Pgrmc1	0.0
chrX	35867214	0.0	RNA_siLuc	Pgrmc1	0.0
chrX	35867215	0.0	RNA_siLuc	Pgrmc1	0.0
chrX	35867216	0.0	RNA_siLuc	Pgrmc1	0.0
chrX	35867217	0.0	RNA_siLuc	Pgrmc1	0.0
chrX	35867218	0.0	RNA_siLuc	Pgrmc1	0.0
chrX	35867219	0.0	RNA_siLuc	Pgrmc1	0.0
chrX	35867220	0.0	RNA_siLuc	Pgrmc1	0.0
chrX	35867221	0.0	RNA_siLuc	Pgrmc1	0.0
chrX	35867222	0.0	RNA_siLuc	Pgrmc1	0.0
chrX	35867223	0.0	RNA_siLuc	Pgrmc1	0.0
chrX	35867224	0.0	RNA_siLuc	Pgrmc1	0.0
chrX	35867225	0.0	RNA_siLuc	Pgrmc1	0.0
chrX	35867226	0.0	RNA_siLuc	Pgrmc1	0.0
chrX	35867227	0.0	RNA_siLuc	Pgrmc1	0.0
chrX	35867228	0.0	RNA_siLuc	Pgrmc1	0.0
chrX	35867229	0.0	RNA_siLuc	Pgrmc1	0.0
chrX	35867230	0.0	RNA_siLuc	Pgrmc1	0.0
chrX	35867231	0.0	RNA_siLuc	Pgrmc1	0.0
chrX	35867232	0.0	RNA_siLuc	Pgrmc1	0.0
chrX	35867233	0.0	RNA_siLuc	Pgrmc1	0.0
chrX	35867234	0.0	RNA_siLuc	Pgrmc1	0.0
chrX	35867235	0.0	RNA_siLuc	Pgrmc1	0.0
chrX	35867236	0.0	RNA_siLuc	Pgrmc1	0.0
chrX	35867237	0.0	RNA_siLuc	Pgrmc1	0.0
chrX	35867238	0.0	RNA_siLuc	Pgrmc1	0.0
chrX	35867239	0.0	RNA_siLuc	Pgrmc1	0.0
chrX	35867240	0.0	RNA_siLuc	Pgrmc1	0.0
chrX	35867241	0.0	RNA_siLuc	Pgrmc1	0.0
chrX	35867242	0.0	RNA_siLuc	Pgrmc1	0.0
chrX	35867243	0.0	RNA_siLuc	Pgrmc1	0.0
chrX	35867244	0.0	RNA_siLuc	Pgrmc1	0.0
chrX	35867245	0.0	RNA_siLuc	Pgrmc1	0.0
chrX	35867246	0.0	RNA_siLuc	Pgrmc1	0.0
chrX	35867247	0.0	RNA_siLuc	Pgrmc1	0.0
chrX	35867248	0.0	RNA_siLuc	Pgrmc1	0.0
chrX	35867249	0.0	RNA_siLuc	Pgrmc1	0.0
chrX	35867250	0.0	RNA_siLuc	Pgrmc1	0.0
chrX	35867251	0.0	RNA_siLuc	Pgrmc1	0.0
chrX	35867252	0.0	RNA_siLuc	Pgrmc1	0.0
chrX	35867253	0.0	RNA_siLuc	Pgrmc1	0.0
chrX	35867254	0.0	RNA_siLuc	Pgrmc1	0.0
chrX	35867255	0.0	RNA_siLuc	Pgrmc1	0.0
chrX	35867256	0.0	RNA_siLuc	Pgrmc1	0.0
chrX	35867257	0.0	RNA_siLuc	Pgrmc1	0.0
chrX	35867258	0.0	RNA_siLuc	Pgrmc1	0.0
chrX	35867259	0.0	RNA_siLuc	Pgrmc1	0.0
chrX	35867260	0.0	RNA_siLuc	Pgrmc1	0.0
chrX	35867261	0.0	RNA_siLuc	Pgrmc1	0.0
chrX	35867262	0.0	RNA_siLuc	Pgrmc1	0.0
chrX	35867263	0.0	RNA_siLuc	Pgrmc1	0.0
chrX	35867264	0.0	RNA_siLuc	Pgrmc1	0.0
chrX	35867265	0.0	RNA_siLuc	Pgrmc1	0.0
chrX	35867266	0.0	RNA_siLuc	Pgrmc1	0.0
chrX	35867267	0.0	RNA_siLuc	Pgrmc1	0.0
chrX	35867268	0.0	RNA_siLuc	Pgrmc1	0.0
chrX	35867269	0.0	RNA_siLuc	Pgrmc1	0.0
chrX	35867270	0.0	RNA_siLuc	Pgrmc1	0.0
chrX	35867271	0.0	RNA_siLuc	Pgrmc1	0.0
chrX	35867272	0.0	RNA_siLuc	Pgrmc1	0.0
chrX	35867273	0.0	RNA_siLuc	Pgrmc1	0.0
chrX	35867274	0.0	RNA_siLuc	Pgrmc1	0.0
chrX	35867275	0.0	RNA_siLuc	Pgrmc1	0.0
chrX	35867276	0.0	RNA_siLuc	Pgrmc1	0.0
chrX	35867277	0.0	RNA_siLuc	Pgrmc1	0.0
chrX	35867278	0.0	RNA_siLuc	Pgrmc1	0.0
chrX	35867279	0.0	RNA_siLuc	Pgrmc1	0.0
chrX	35867280	0.0	RNA_siLuc	Pgrmc1	0.0
chrX	35867281	0.0	RNA_siLuc	Pgrmc1	0.0
chrX	35867282	0.0	RNA_siLuc	Pgrmc1	0.0
chrX	35867283	0.0	RNA_siLuc	Pgrmc1	0.0
chrX	35867284	0.0	RNA_siLuc	Pgrmc1	0.0
chrX	35867285	0.0	RNA_siLuc	Pgrmc1	0.0
chrX	35867286	0.0	RNA_siLuc	Pgrmc1	0.0
chrX	35867287	0.0	RNA_siLuc	Pgrmc1	0.0
chrX	35867288	0.0	RNA_siLuc	Pgrmc1	0.0
chrX	35867289	2.0	RNA_siLuc	Pgrmc1	0.07756214725220194
chrX	35867290	2.0	RNA_siLuc	Pgrmc1	0.07756214725220194
chrX	35867291	2.0	RNA_siLuc	Pgrmc1	0.07756214725220194
chrX	35867292	2.0	RNA_siLuc	Pgrmc1	0.07756214725220194
chrX	35867293	2.0	RNA_siLuc	Pgrmc1	0.07756214725220194
chrX	35867294	2.0	RNA_siLuc	Pgrmc1	0.07756214725220194
chrX	35867295	2.0	RNA_siLuc	Pgrmc1	0.07756214725220194
chrX	35867296	2.0	RNA_siLuc	Pgrmc1	0.07756214725220194
chrX	35867297	2.0	RNA_siLuc	Pgrmc1	0.07756214725220194
chrX	35867298	2.0	RNA_siLuc	Pgrmc1	0.07756214725220194
chrX	35867299	2.0	RNA_siLuc	Pgrmc1	0.07756214725220194
chrX	35867300	2.0	RNA_siLuc	Pgrmc1	0.07756214725220194
chrX	35867301	2.0	RNA_siLuc	Pgrmc1	0.07756214725220194
chrX	35867302	2.0	RNA_siLuc	Pgrmc1	0.07756214725220194
chrX	35867303	2.0	RNA_siLuc	Pgrmc1	0.07756214725220194
chrX	35867304	2.0	RNA_siLuc	Pgrmc1	0.07756214725220194
chrX	35867305	2.0	RNA_siLuc	Pgrmc1	0.07756214725220194
chrX	35867306	2.0	RNA_siLuc	Pgrmc1	0.07756214725220194
chrX	35867307	2.0	RNA_siLuc	Pgrmc1	0.07756214725220194
chrX	35867308	2.0	RNA_siLuc	Pgrmc1	0.07756214725220194
chrX	35867309	2.0	RNA_siLuc	Pgrmc1	0.07756214725220194
chrX	35867310	2.0	RNA_siLuc	Pgrmc1	0.07756214725220194
chrX	35867311	2.0	RNA_siLuc	Pgrmc1	0.07756214725220194
chrX	35867312	2.0	RNA_siLuc	Pgrmc1	0.07756214725220194
chrX	35867313	2.0	RNA_siLuc	Pgrmc1	0.07756214725220194
chrX	35867314	2.0	RNA_siLuc	Pgrmc1	0.07756214725220194
chrX	35867315	2.0	RNA_siLuc	Pgrmc1	0.07756214725220194
chrX	35867316	2.0	RNA_siLuc	Pgrmc1	0.07756214725220194
chrX	35867317	2.0	RNA_siLuc	Pgrmc1	0.07756214725220194
chrX	35867318	2.0	RNA_siLuc	Pgrmc1	0.07756214725220194
chrX	35867319	2.0	RNA_siLuc	Pgrmc1	0.07756214725220194
chrX	35867320	2.0	RNA_siLuc	Pgrmc1	0.07756214725220194
chrX	35867321	2.0	RNA_siLuc	Pgrmc1	0.07756214725220194
chrX	35867322	2.0	RNA_siLuc	Pgrmc1	0.07756214725220194
chrX	35867323	2.0	RNA_siLuc	Pgrmc1	0.07756214725220194
chrX	35867324	2.0	RNA_siLuc	Pgrmc1	0.07756214725220194
chrX	35867325	2.0	RNA_siLuc	Pgrmc1	0.07756214725220194
chrX	35867326	2.0	RNA_siLuc	Pgrmc1	0.07756214725220194
chrX	35867327	2.0	RNA_siLuc	Pgrmc1	0.07756214725220194
chrX	35867328	2.0	RNA_siLuc	Pgrmc1	0.07756214725220194
chrX	35867329	2.0	RNA_siLuc	Pgrmc1	0.07756214725220194
chrX	35867330	2.0	RNA_siLuc	Pgrmc1	0.07756214725220194
chrX	35867331	2.0	RNA_siLuc	Pgrmc1	0.07756214725220194
chrX	35867332	2.0	RNA_siLuc	Pgrmc1	0.07756214725220194
chrX	35867333	2.0	RNA_siLuc	Pgrmc1	0.07756214725220194
chrX	35867334	2.0	RNA_siLuc	Pgrmc1	0.07756214725220194
chrX	35867335	2.0	RNA_siLuc	Pgrmc1	0.07756214725220194
chrX	35867336	2.0	RNA_siLuc	Pgrmc1	0.07756214725220194
chrX	35867337	2.0	RNA_siLuc	Pgrmc1	0.07756214725220194
chrX	35867338	2.0	RNA_siLuc	Pgrmc1	0.07756214725220194
chrX	35867339	2.0	RNA_siLuc	Pgrmc1	0.07756214725220194
chrX	35867340	0.0	RNA_siLuc	Pgrmc1	0.0
chrX	35867341	0.0	RNA_siLuc	Pgrmc1	0.0
chrX	35867342	0.0	RNA_siLuc	Pgrmc1	0.0
chrX	35867343	0.0	RNA_siLuc	Pgrmc1	0.0
chrX	35867344	0.0	RNA_siLuc	Pgrmc1	0.0
chrX	35867345	0.0	RNA_siLuc	Pgrmc1	0.0
chrX	35867346	0.0	RNA_siLuc	Pgrmc1	0.0
chrX	35867347	0.0	RNA_siLuc	Pgrmc1	0.0
chrX	35867348	0.0	RNA_siLuc	Pgrmc1	0.0
chrX	35867349	0.0	RNA_siLuc	Pgrmc1	0.0
chrX	35867350	0.0	RNA_siLuc	Pgrmc1	0.0
chrX	35867351	0.0	RNA_siLuc	Pgrmc1	0.0
chrX	35867352	0.0	RNA_siLuc	Pgrmc1	0.0
chrX	35867353	0.0	RNA_siLuc	Pgrmc1	0.0
chrX	35867354	0.0	RNA_siLuc	Pgrmc1	0.0
chrX	35867355	0.0	RNA_siLuc	Pgrmc1	0.0
chrX	35867356	0.0	RNA_siLuc	Pgrmc1	0.0
chrX	35867357	0.0	RNA_siLuc	Pgrmc1	0.0
chrX	35867358	0.0	RNA_siLuc	Pgrmc1	0.0
chrX	35867359	0.0	RNA_siLuc	Pgrmc1	0.0
chrX	35867360	0.0	RNA_siLuc	Pgrmc1	0.0
chrX	35867361	0.0	RNA_siLuc	Pgrmc1	0.0
chrX	35867362	0.0	RNA_siLuc	Pgrmc1	0.0
chrX	35867363	0.0	RNA_siLuc	Pgrmc1	0.0
chrX	35867364	0.0	RNA_siLuc	Pgrmc1	0.0
chrX	35867365	0.0	RNA_siLuc	Pgrmc1	0.0
chrX	35867366	0.0	RNA_siLuc	Pgrmc1	0.0
chrX	35867367	0.0	RNA_siLuc	Pgrmc1	0.0
chrX	35867368	0.0	RNA_siLuc	Pgrmc1	0.0
chrX	35867369	0.0	RNA_siLuc	Pgrmc1	0.0
chrX	35867370	0.0	RNA_siLuc	Pgrmc1	0.0
chrX	35867371	0.0	RNA_siLuc	Pgrmc1	0.0
chrX	35867372	0.0	RNA_siLuc	Pgrmc1	0.0
chrX	35867373	0.0	RNA_siLuc	Pgrmc1	0.0
chrX	35867374	0.0	RNA_siLuc	Pgrmc1	0.0
chrX	35867375	0.0	RNA_siLuc	Pgrmc1	0.0
chrX	35867376	0.0	RNA_siLuc	Pgrmc1	0.0
chrX	35867377	0.0	RNA_siLuc	Pgrmc1	0.0
chrX	35867378	0.0	RNA_siLuc	Pgrmc1	0.0
chrX	35867379	0.0	RNA_siLuc	Pgrmc1	0.0
chrX	35867380	0.0	RNA_siLuc	Pgrmc1	0.0
chrX	35867381	0.0	RNA_siLuc	Pgrmc1	0.0
chrX	35867382	0.0	RNA_siLuc	Pgrmc1	0.0
chrX	35867383	0.0	RNA_siLuc	Pgrmc1	0.0
chrX	35867384	0.0	RNA_siLuc	Pgrmc1	0.0
chrX	35867385	0.0	RNA_siLuc	Pgrmc1	0.0
chrX	35867386	0.0	RNA_siLuc	Pgrmc1	0.0
chrX	35867387	0.0	RNA_siLuc	Pgrmc1	0.0
chrX	35867388	0.0	RNA_siLuc	Pgrmc1	0.0
chrX	35867389	0.0	RNA_siLuc	Pgrmc1	0.0
chrX	35867390	0.0	RNA_siLuc	Pgrmc1	0.0
chrX	35867391	0.0	RNA_siLuc	Pgrmc1	0.0
chrX	35867392	0.0	RNA_siLuc	Pgrmc1	0.0
chrX	35867393	0.0	RNA_siLuc	Pgrmc1	0.0
chrX	35867394	0.0	RNA_siLuc	Pgrmc1	0.0
chrX	35867395	0.0	RNA_siLuc	Pgrmc1	0.0
chrX	35867396	0.0	RNA_siLuc	Pgrmc1	0.0
chrX	35867397	0.0	RNA_siLuc	Pgrmc1	0.0
chrX	35867398	0.0	RNA_siLuc	Pgrmc1	0.0
chrX	35867399	0.0	RNA_siLuc	Pgrmc1	0.0
chrX	35867400	0.0	RNA_siLuc	Pgrmc1	0.0
chrX	35867401	0.0	RNA_siLuc	Pgrmc1	0.0
chrX	35867402	0.0	RNA_siLuc	Pgrmc1	0.0
chrX	35867403	0.0	RNA_siLuc	Pgrmc1	0.0
chrX	35867404	0.0	RNA_siLuc	Pgrmc1	0.0
chrX	35867405	0.0	RNA_siLuc	Pgrmc1	0.0
chrX	35867406	0.0	RNA_siLuc	Pgrmc1	0.0
chrX	35867407	0.0	RNA_siLuc	Pgrmc1	0.0
chrX	35867408	0.0	RNA_siLuc	Pgrmc1	0.0
chrX	35867409	0.0	RNA_siLuc	Pgrmc1	0.0
chrX	35867410	0.0	RNA_siLuc	Pgrmc1	0.0
chrX	35867411	0.0	RNA_siLuc	Pgrmc1	0.0
chrX	35867412	0.0	RNA_siLuc	Pgrmc1	0.0
chrX	35867413	0.0	RNA_siLuc	Pgrmc1	0.0
chrX	35867414	0.0	RNA_siLuc	Pgrmc1	0.0
chrX	35867415	0.0	RNA_siLuc	Pgrmc1	0.0
chrX	35867416	0.0	RNA_siLuc	Pgrmc1	0.0
chrX	35867417	0.0	RNA_siLuc	Pgrmc1	0.0
chrX	35867418	0.0	RNA_siLuc	Pgrmc1	0.0
chrX	35867419	0.0	RNA_siLuc	Pgrmc1	0.0
chrX	35867420	0.0	RNA_siLuc	Pgrmc1	0.0
chrX	35867421	0.0	RNA_siLuc	Pgrmc1	0.0
chrX	35867422	0.0	RNA_siLuc	Pgrmc1	0.0
chrX	35867423	0.0	RNA_siLuc	Pgrmc1	0.0
chrX	35867424	0.0	RNA_siLuc	Pgrmc1	0.0
chrX	35867425	0.0	RNA_siLuc	Pgrmc1	0.0
chrX	35867426	0.0	RNA_siLuc	Pgrmc1	0.0
chrX	35867427	0.0	RNA_siLuc	Pgrmc1	0.0
chrX	35867428	0.0	RNA_siLuc	Pgrmc1	0.0
chrX	35867429	0.0	RNA_siLuc	Pgrmc1	0.0
chrX	35867430	0.0	RNA_siLuc	Pgrmc1	0.0
chrX	35867431	0.0	RNA_siLuc	Pgrmc1	0.0
chrX	35867432	0.0	RNA_siLuc	Pgrmc1	0.0
chrX	35867433	0.0	RNA_siLuc	Pgrmc1	0.0
chrX	35867434	0.0	RNA_siLuc	Pgrmc1	0.0
chrX	35867435	0.0	RNA_siLuc	Pgrmc1	0.0
chrX	35867436	0.0	RNA_siLuc	Pgrmc1	0.0
chrX	35867437	0.0	RNA_siLuc	Pgrmc1	0.0
chrX	35867438	0.0	RNA_siLuc	Pgrmc1	0.0
chrX	35867439	0.0	RNA_siLuc	Pgrmc1	0.0
chrX	35867440	0.0	RNA_siLuc	Pgrmc1	0.0
chrX	35867441	0.0	RNA_siLuc	Pgrmc1	0.0
chrX	35867442	0.0	RNA_siLuc	Pgrmc1	0.0
chrX	35867443	0.0	RNA_siLuc	Pgrmc1	0.0
chrX	35867444	0.0	RNA_siLuc	Pgrmc1	0.0
chrX	35867445	0.0	RNA_siLuc	Pgrmc1	0.0
chrX	35867446	0.0	RNA_siLuc	Pgrmc1	0.0
chrX	35867447	0.0	RNA_siLuc	Pgrmc1	0.0
chrX	35867448	0.0	RNA_siLuc	Pgrmc1	0.0
chrX	35867449	0.0	RNA_siLuc	Pgrmc1	0.0
chrX	35867450	0.0	RNA_siLuc	Pgrmc1	0.0
chrX	35867451	0.0	RNA_siLuc	Pgrmc1	0.0
chrX	35867452	0.0	RNA_siLuc	Pgrmc1	0.0
chrX	35867453	0.0	RNA_siLuc	Pgrmc1	0.0
chrX	35867454	0.0	RNA_siLuc	Pgrmc1	0.0
chrX	35867455	0.0	RNA_siLuc	Pgrmc1	0.0
chrX	35867456	0.0	RNA_siLuc	Pgrmc1	0.0
chrX	35867457	0.0	RNA_siLuc	Pgrmc1	0.0
chrX	35867458	0.0	RNA_siLuc	Pgrmc1	0.0
chrX	35867459	0.0	RNA_siLuc	Pgrmc1	0.0
chrX	35867460	0.0	RNA_siLuc	Pgrmc1	0.0
chrX	35867461	0.0	RNA_siLuc	Pgrmc1	0.0
chrX	35867462	0.0	RNA_siLuc	Pgrmc1	0.0
chrX	35867463	0.0	RNA_siLuc	Pgrmc1	0.0
chrX	35867464	0.0	RNA_siLuc	Pgrmc1	0.0
chrX	35867465	0.0	RNA_siLuc	Pgrmc1	0.0
chrX	35867466	0.0	RNA_siLuc	Pgrmc1	0.0
chrX	35867467	0.0	RNA_siLuc	Pgrmc1	0.0
chrX	35867468	0.0	RNA_siLuc	Pgrmc1	0.0
chrX	35867469	0.0	RNA_siLuc	Pgrmc1	0.0
chrX	35867470	0.0	RNA_siLuc	Pgrmc1	0.0
chrX	35867471	0.0	RNA_siLuc	Pgrmc1	0.0
chrX	35867472	0.0	RNA_siLuc	Pgrmc1	0.0
chrX	35867473	0.0	RNA_siLuc	Pgrmc1	0.0
chrX	35867474	0.0	RNA_siLuc	Pgrmc1	0.0
chrX	35867475	0.0	RNA_siLuc	Pgrmc1	0.0
chrX	35867476	0.0	RNA_siLuc	Pgrmc1	0.0
chrX	35867477	0.0	RNA_siLuc	Pgrmc1	0.0
chrX	35867478	0.0	RNA_siLuc	Pgrmc1	0.0
chrX	35867479	0.0	RNA_siLuc	Pgrmc1	0.0
chrX	35867480	0.0	RNA_siLuc	Pgrmc1	0.0
chrX	35867481	0.0	RNA_siLuc	Pgrmc1	0.0
chrX	35867482	0.0	RNA_siLuc	Pgrmc1	0.0
chrX	35867483	0.0	RNA_siLuc	Pgrmc1	0.0
chrX	35867484	0.0	RNA_siLuc	Pgrmc1	0.0
chrX	35867485	0.0	RNA_siLuc	Pgrmc1	0.0
chrX	35867486	0.0	RNA_siLuc	Pgrmc1	0.0
chrX	35867487	0.0	RNA_siLuc	Pgrmc1	0.0
chrX	35867488	0.0	RNA_siLuc	Pgrmc1	0.0
chrX	35867489	0.0	RNA_siLuc	Pgrmc1	0.0
chrX	35867490	0.0	RNA_siLuc	Pgrmc1	0.0
chrX	35867491	0.0	RNA_siLuc	Pgrmc1	0.0
chrX	35867492	0.0	RNA_siLuc	Pgrmc1	0.0
chrX	35867493	0.0	RNA_siLuc	Pgrmc1	0.0
chrX	35867494	0.0	RNA_siLuc	Pgrmc1	0.0
chrX	35867495	0.0	RNA_siLuc	Pgrmc1	0.0
chrX	35867496	0.0	RNA_siLuc	Pgrmc1	0.0
chrX	35867497	0.0	RNA_siLuc	Pgrmc1	0.0
chrX	35867498	0.0	RNA_siLuc	Pgrmc1	0.0
chrX	35867499	0.0	RNA_siLuc	Pgrmc1	0.0
chrX	35867500	0.0	RNA_siLuc	Pgrmc1	0.0
chrX	35867501	0.0	RNA_siLuc	Pgrmc1	0.0
chrX	35867502	0.0	RNA_siLuc	Pgrmc1	0.0
chrX	35867503	0.0	RNA_siLuc	Pgrmc1	0.0
chrX	35867504	0.0	RNA_siLuc	Pgrmc1	0.0
chrX	35867505	0.0	RNA_siLuc	Pgrmc1	0.0
chrX	35867506	0.0	RNA_siLuc	Pgrmc1	0.0
chrX	35867507	0.0	RNA_siLuc	Pgrmc1	0.0
chrX	35867508	0.0	RNA_siLuc	Pgrmc1	0.0
chrX	35867509	0.0	RNA_siLuc	Pgrmc1	0.0
chrX	35867510	0.0	RNA_siLuc	Pgrmc1	0.0
chrX	35867511	0.0	RNA_siLuc	Pgrmc1	0.0
chrX	35867512	0.0	RNA_siLuc	Pgrmc1	0.0
chrX	35867513	0.0	RNA_siLuc	Pgrmc1	0.0
chrX	35867514	0.0	RNA_siLuc	Pgrmc1	0.0
chrX	35867515	0.0	RNA_siLuc	Pgrmc1	0.0
chrX	35867516	0.0	RNA_siLuc	Pgrmc1	0.0
chrX	35867517	0.0	RNA_siLuc	Pgrmc1	0.0
chrX	35867518	0.0	RNA_siLuc	Pgrmc1	0.0
chrX	35867519	0.0	RNA_siLuc	Pgrmc1	0.0
chrX	35867520	0.0	RNA_siLuc	Pgrmc1	0.0
chrX	35867521	0.0	RNA_siLuc	Pgrmc1	0.0
chrX	35867522	0.0	RNA_siLuc	Pgrmc1	0.0
chrX	35867523	0.0	RNA_siLuc	Pgrmc1	0.0
chrX	35867524	0.0	RNA_siLuc	Pgrmc1	0.0
chrX	35867525	0.0	RNA_siLuc	Pgrmc1	0.0
chrX	35867526	0.0	RNA_siLuc	Pgrmc1	0.0
chrX	35867527	0.0	RNA_siLuc	Pgrmc1	0.0
chrX	35867528	0.0	RNA_siLuc	Pgrmc1	0.0
chrX	35867529	0.0	RNA_siLuc	Pgrmc1	0.0
chrX	35867530	0.0	RNA_siLuc	Pgrmc1	0.0
chrX	35867531	0.0	RNA_siLuc	Pgrmc1	0.0
chrX	35867532	0.0	RNA_siLuc	Pgrmc1	0.0
chrX	35867533	0.0	RNA_siLuc	Pgrmc1	0.0
chrX	35867534	0.0	RNA_siLuc	Pgrmc1	0.0
chrX	35867535	0.0	RNA_siLuc	Pgrmc1	0.0
chrX	35867536	0.0	RNA_siLuc	Pgrmc1	0.0
chrX	35867537	0.0	RNA_siLuc	Pgrmc1	0.0
chrX	35867538	0.0	RNA_siLuc	Pgrmc1	0.0
chrX	35867539	0.0	RNA_siLuc	Pgrmc1	0.0
chrX	35867540	0.0	RNA_siLuc	Pgrmc1	0.0
chrX	35867541	0.0	RNA_siLuc	Pgrmc1	0.0
chrX	35867542	0.0	RNA_siLuc	Pgrmc1	0.0
chrX	35867543	0.0	RNA_siLuc	Pgrmc1	0.0
chrX	35867544	0.0	RNA_siLuc	Pgrmc1	0.0
chrX	35867545	0.0	RNA_siLuc	Pgrmc1	0.0
chrX	35867546	0.0	RNA_siLuc	Pgrmc1	0.0
chrX	35867547	0.0	RNA_siLuc	Pgrmc1	0.0
chrX	35867548	0.0	RNA_siLuc	Pgrmc1	0.0
chrX	35867549	0.0	RNA_siLuc	Pgrmc1	0.0
chrX	35867550	0.0	RNA_siLuc	Pgrmc1	0.0
chrX	35867551	0.0	RNA_siLuc	Pgrmc1	0.0
chrX	35867552	0.0	RNA_siLuc	Pgrmc1	0.0
chrX	35867553	0.0	RNA_siLuc	Pgrmc1	0.0
chrX	35867554	0.0	RNA_siLuc	Pgrmc1	0.0
chrX	35867555	0.0	RNA_siLuc	Pgrmc1	0.0
chrX	35867556	0.0	RNA_siLuc	Pgrmc1	0.0
chrX	35867557	0.0	RNA_siLuc	Pgrmc1	0.0
chrX	35867558	0.0	RNA_siLuc	Pgrmc1	0.0
chrX	35867559	0.0	RNA_siLuc	Pgrmc1	0.0
chrX	35867560	0.0	RNA_siLuc	Pgrmc1	0.0
chrX	35867561	0.0	RNA_siLuc	Pgrmc1	0.0
chrX	35867562	0.0	RNA_siLuc	Pgrmc1	0.0
chrX	35867563	0.0	RNA_siLuc	Pgrmc1	0.0
chrX	35867564	0.0	RNA_siLuc	Pgrmc1	0.0
chrX	35867565	0.0	RNA_siLuc	Pgrmc1	0.0
chrX	35867566	0.0	RNA_siLuc	Pgrmc1	0.0
chrX	35867567	0.0	RNA_siLuc	Pgrmc1	0.0
chrX	35867568	0.0	RNA_siLuc	Pgrmc1	0.0
chrX	35867569	0.0	RNA_siLuc	Pgrmc1	0.0
chrX	35867570	0.0	RNA_siLuc	Pgrmc1	0.0
chrX	35867571	0.0	RNA_siLuc	Pgrmc1	0.0
chrX	35867572	0.0	RNA_siLuc	Pgrmc1	0.0
chrX	35867573	0.0	RNA_siLuc	Pgrmc1	0.0
chrX	35867574	0.0	RNA_siLuc	Pgrmc1	0.0
chrX	35867575	0.0	RNA_siLuc	Pgrmc1	0.0
chrX	35867576	0.0	RNA_siLuc	Pgrmc1	0.0
chrX	35867577	0.0	RNA_siLuc	Pgrmc1	0.0
chrX	35867578	0.0	RNA_siLuc	Pgrmc1	0.0
chrX	35867579	0.0	RNA_siLuc	Pgrmc1	0.0
chrX	35867580	0.0	RNA_siLuc	Pgrmc1	0.0
chrX	35867581	0.0	RNA_siLuc	Pgrmc1	0.0
chrX	35867582	0.0	RNA_siLuc	Pgrmc1	0.0
chrX	35867583	0.0	RNA_siLuc	Pgrmc1	0.0
chrX	35867584	0.0	RNA_siLuc	Pgrmc1	0.0
chrX	35867585	0.0	RNA_siLuc	Pgrmc1	0.0
chrX	35867586	0.0	RNA_siLuc	Pgrmc1	0.0
chrX	35867587	0.0	RNA_siLuc	Pgrmc1	0.0
chrX	35867588	0.0	RNA_siLuc	Pgrmc1	0.0
chrX	35867589	0.0	RNA_siLuc	Pgrmc1	0.0
chrX	35867590	0.0	RNA_siLuc	Pgrmc1	0.0
chrX	35867591	0.0	RNA_siLuc	Pgrmc1	0.0
chrX	35867592	0.0	RNA_siLuc	Pgrmc1	0.0
chrX	35867593	0.0	RNA_siLuc	Pgrmc1	0.0
chrX	35867594	0.0	RNA_siLuc	Pgrmc1	0.0
chrX	35867595	0.0	RNA_siLuc	Pgrmc1	0.0
chrX	35867596	0.0	RNA_siLuc	Pgrmc1	0.0
chrX	35867597	0.0	RNA_siLuc	Pgrmc1	0.0
chrX	35867598	0.0	RNA_siLuc	Pgrmc1	0.0
chrX	35867599	0.0	RNA_siLuc	Pgrmc1	0.0
chrX	35867600	0.0	RNA_siLuc	Pgrmc1	0.0
chrX	35867601	0.0	RNA_siLuc	Pgrmc1	0.0
chrX	35867602	0.0	RNA_siLuc	Pgrmc1	0.0
chrX	35867603	0.0	RNA_siLuc	Pgrmc1	0.0
chrX	35867604	0.0	RNA_siLuc	Pgrmc1	0.0
chrX	35867605	0.0	RNA_siLuc	Pgrmc1	0.0
chrX	35867606	0.0	RNA_siLuc	Pgrmc1	0.0
chrX	35867607	0.0	RNA_siLuc	Pgrmc1	0.0
chrX	35867608	0.0	RNA_siLuc	Pgrmc1	0.0
chrX	35867609	0.0	RNA_siLuc	Pgrmc1	0.0
chrX	35867610	0.0	RNA_siLuc	Pgrmc1	0.0
chrX	35867611	0.0	RNA_siLuc	Pgrmc1	0.0
chrX	35867612	0.0	RNA_siLuc	Pgrmc1	0.0
chrX	35867613	0.0	RNA_siLuc	Pgrmc1	0.0
chrX	35867614	0.0	RNA_siLuc	Pgrmc1	0.0
chrX	35867615	0.0	RNA_siLuc	Pgrmc1	0.0
chrX	35867616	0.0	RNA_siLuc	Pgrmc1	0.0
chrX	35867617	0.0	RNA_siLuc	Pgrmc1	0.0
chrX	35867618	0.0	RNA_siLuc	Pgrmc1	0.0
chrX	35867619	0.0	RNA_siLuc	Pgrmc1	0.0
chrX	35867620	0.0	RNA_siLuc	Pgrmc1	0.0
chrX	35867621	0.0	RNA_siLuc	Pgrmc1	0.0
chrX	35867622	0.0	RNA_siLuc	Pgrmc1	0.0
chrX	35867623	0.0	RNA_siLuc	Pgrmc1	0.0
chrX	35867624	0.0	RNA_siLuc	Pgrmc1	0.0
chrX	35867625	0.0	RNA_siLuc	Pgrmc1	0.0
chrX	35867626	0.0	RNA_siLuc	Pgrmc1	0.0
chrX	35867627	0.0	RNA_siLuc	Pgrmc1	0.0
chrX	35867628	0.0	RNA_siLuc	Pgrmc1	0.0
chrX	35867629	0.0	RNA_siLuc	Pgrmc1	0.0
chrX	35867630	0.0	RNA_siLuc	Pgrmc1	0.0
chrX	35867631	0.0	RNA_siLuc	Pgrmc1	0.0
chrX	35867632	0.0	RNA_siLuc	Pgrmc1	0.0
chrX	35867633	0.0	RNA_siLuc	Pgrmc1	0.0
chrX	35867634	0.0	RNA_siLuc	Pgrmc1	0.0
chrX	35867635	0.0	RNA_siLuc	Pgrmc1	0.0
chrX	35867636	0.0	RNA_siLuc	Pgrmc1	0.0
chrX	35867637	0.0	RNA_siLuc	Pgrmc1	0.0
chrX	35867638	0.0	RNA_siLuc	Pgrmc1	0.0
chrX	35867639	0.0	RNA_siLuc	Pgrmc1	0.0
chrX	35867640	0.0	RNA_siLuc	Pgrmc1	0.0
chrX	35867641	0.0	RNA_siLuc	Pgrmc1	0.0
chrX	35867642	0.0	RNA_siLuc	Pgrmc1	0.0
chrX	35867643	0.0	RNA_siLuc	Pgrmc1	0.0
chrX	35867644	0.0	RNA_siLuc	Pgrmc1	0.0
chrX	35867645	0.0	RNA_siLuc	Pgrmc1	0.0
chrX	35867646	0.0	RNA_siLuc	Pgrmc1	0.0
chrX	35867647	0.0	RNA_siLuc	Pgrmc1	0.0
chrX	35867648	0.0	RNA_siLuc	Pgrmc1	0.0
chrX	35867649	0.0	RNA_siLuc	Pgrmc1	0.0
chrX	35867650	0.0	RNA_siLuc	Pgrmc1	0.0
chrX	35867651	0.0	RNA_siLuc	Pgrmc1	0.0
chrX	35867652	0.0	RNA_siLuc	Pgrmc1	0.0
chrX	35867653	0.0	RNA_siLuc	Pgrmc1	0.0
chrX	35867654	0.0	RNA_siLuc	Pgrmc1	0.0
chrX	35867655	0.0	RNA_siLuc	Pgrmc1	0.0
chrX	35867656	0.0	RNA_siLuc	Pgrmc1	0.0
chrX	35867657	0.0	RNA_siLuc	Pgrmc1	0.0
chrX	35867658	0.0	RNA_siLuc	Pgrmc1	0.0
chrX	35867659	0.0	RNA_siLuc	Pgrmc1	0.0
chrX	35867660	0.0	RNA_siLuc	Pgrmc1	0.0
chrX	35867661	0.0	RNA_siLuc	Pgrmc1	0.0
chrX	35867662	0.0	RNA_siLuc	Pgrmc1	0.0
chrX	35867663	0.0	RNA_siLuc	Pgrmc1	0.0
chrX	35867664	0.0	RNA_siLuc	Pgrmc1	0.0
chrX	35867665	0.0	RNA_siLuc	Pgrmc1	0.0
chrX	35867666	0.0	RNA_siLuc	Pgrmc1	0.0
chrX	35867667	0.0	RNA_siLuc	Pgrmc1	0.0
chrX	35867668	0.0	RNA_siLuc	Pgrmc1	0.0
chrX	35867669	0.0	RNA_siLuc	Pgrmc1	0.0
chrX	35867670	0.0	RNA_siLuc	Pgrmc1	0.0
chrX	35867671	0.0	RNA_siLuc	Pgrmc1	0.0
chrX	35867672	0.0	RNA_siLuc	Pgrmc1	0.0
chrX	35867673	0.0	RNA_siLuc	Pgrmc1	0.0
chrX	35867674	0.0	RNA_siLuc	Pgrmc1	0.0
chrX	35867675	0.0	RNA_siLuc	Pgrmc1	0.0
chrX	35867676	0.0	RNA_siLuc	Pgrmc1	0.0
chrX	35867677	0.0	RNA_siLuc	Pgrmc1	0.0
chrX	35867678	0.0	RNA_siLuc	Pgrmc1	0.0
chrX	35867679	0.0	RNA_siLuc	Pgrmc1	0.0
chrX	35867680	0.0	RNA_siLuc	Pgrmc1	0.0
chrX	35867681	0.0	RNA_siLuc	Pgrmc1	0.0
chrX	35867682	0.0	RNA_siLuc	Pgrmc1	0.0
chrX	35867683	0.0	RNA_siLuc	Pgrmc1	0.0
chrX	35867684	0.0	RNA_siLuc	Pgrmc1	0.0
chrX	35867685	0.0	RNA_siLuc	Pgrmc1	0.0
chrX	35867686	0.0	RNA_siLuc	Pgrmc1	0.0
chrX	35867687	0.0	RNA_siLuc	Pgrmc1	0.0
chrX	35867688	0.0	RNA_siLuc	Pgrmc1	0.0
chrX	35867689	0.0	RNA_siLuc	Pgrmc1	0.0
chrX	35867690	0.0	RNA_siLuc	Pgrmc1	0.0
chrX	35867691	0.0	RNA_siLuc	Pgrmc1	0.0
chrX	35867692	0.0	RNA_siLuc	Pgrmc1	0.0
chrX	35867693	0.0	RNA_siLuc	Pgrmc1	0.0
chrX	35867694	0.0	RNA_siLuc	Pgrmc1	0.0
chrX	35867695	0.0	RNA_siLuc	Pgrmc1	0.0
chrX	35867696	0.0	RNA_siLuc	Pgrmc1	0.0
chrX	35867697	0.0	RNA_siLuc	Pgrmc1	0.0
chrX	35867698	0.0	RNA_siLuc	Pgrmc1	0.0
chrX	35867699	0.0	RNA_siLuc	Pgrmc1	0.0
chrX	35867700	0.0	RNA_siLuc	Pgrmc1	0.0
chrX	35867701	0.0	RNA_siLuc	Pgrmc1	0.0
chrX	35867702	0.0	RNA_siLuc	Pgrmc1	0.0
chrX	35867703	0.0	RNA_siLuc	Pgrmc1	0.0
chrX	35867704	0.0	RNA_siLuc	Pgrmc1	0.0
chrX	35867705	0.0	RNA_siLuc	Pgrmc1	0.0
chrX	35867706	0.0	RNA_siLuc	Pgrmc1	0.0
chrX	35867707	0.0	RNA_siLuc	Pgrmc1	0.0
chrX	35867708	0.0	RNA_siLuc	Pgrmc1	0.0
chrX	35867709	0.0	RNA_siLuc	Pgrmc1	0.0
chrX	35867710	0.0	RNA_siLuc	Pgrmc1	0.0
chrX	35867711	0.0	RNA_siLuc	Pgrmc1	0.0
chrX	35867712	0.0	RNA_siLuc	Pgrmc1	0.0
chrX	35867713	0.0	RNA_siLuc	Pgrmc1	0.0
chrX	35867714	0.0	RNA_siLuc	Pgrmc1	0.0
chrX	35867715	0.0	RNA_siLuc	Pgrmc1	0.0
chrX	35867716	0.0	RNA_siLuc	Pgrmc1	0.0
chrX	35867717	0.0	RNA_siLuc	Pgrmc1	0.0
chrX	35867718	0.0	RNA_siLuc	Pgrmc1	0.0
chrX	35867719	0.0	RNA_siLuc	Pgrmc1	0.0
chrX	35867720	0.0	RNA_siLuc	Pgrmc1	0.0
chrX	35867721	0.0	RNA_siLuc	Pgrmc1	0.0
chrX	35867722	0.0	RNA_siLuc	Pgrmc1	0.0
chrX	35867723	0.0	RNA_siLuc	Pgrmc1	0.0
chrX	35867724	0.0	RNA_siLuc	Pgrmc1	0.0
chrX	35867725	0.0	RNA_siLuc	Pgrmc1	0.0
chrX	35867726	0.0	RNA_siLuc	Pgrmc1	0.0
chrX	35867727	0.0	RNA_siLuc	Pgrmc1	0.0
chrX	35867728	0.0	RNA_siLuc	Pgrmc1	0.0
chrX	35867729	0.0	RNA_siLuc	Pgrmc1	0.0
chrX	35867730	0.0	RNA_siLuc	Pgrmc1	0.0
chrX	35867731	0.0	RNA_siLuc	Pgrmc1	0.0
chrX	35867732	0.0	RNA_siLuc	Pgrmc1	0.0
chrX	35867733	0.0	RNA_siLuc	Pgrmc1	0.0
chrX	35867734	0.0	RNA_siLuc	Pgrmc1	0.0
chrX	35867735	0.0	RNA_siLuc	Pgrmc1	0.0
chrX	35867736	0.0	RNA_siLuc	Pgrmc1	0.0
chrX	35867737	0.0	RNA_siLuc	Pgrmc1	0.0
chrX	35867738	0.0	RNA_siLuc	Pgrmc1	0.0
chrX	35867739	0.0	RNA_siLuc	Pgrmc1	0.0
chrX	35867740	0.0	RNA_siLuc	Pgrmc1	0.0
chrX	35867741	0.0	RNA_siLuc	Pgrmc1	0.0
chrX	35867742	0.0	RNA_siLuc	Pgrmc1	0.0
chrX	35867743	0.0	RNA_siLuc	Pgrmc1	0.0
chrX	35867744	0.0	RNA_siLuc	Pgrmc1	0.0
chrX	35867745	0.0	RNA_siLuc	Pgrmc1	0.0
chrX	35867746	0.0	RNA_siLuc	Pgrmc1	0.0
chrX	35867747	0.0	RNA_siLuc	Pgrmc1	0.0
chrX	35867748	0.0	RNA_siLuc	Pgrmc1	0.0
chrX	35867749	0.0	RNA_siLuc	Pgrmc1	0.0
chrX	35867750	0.0	RNA_siLuc	Pgrmc1	0.0
chrX	35867751	0.0	RNA_siLuc	Pgrmc1	0.0
chrX	35867752	0.0	RNA_siLuc	Pgrmc1	0.0
chrX	35867753	0.0	RNA_siLuc	Pgrmc1	0.0
chrX	35867754	0.0	RNA_siLuc	Pgrmc1	0.0
chrX	35867755	0.0	RNA_siLuc	Pgrmc1	0.0
chrX	35867756	0.0	RNA_siLuc	Pgrmc1	0.0
chrX	35867757	0.0	RNA_siLuc	Pgrmc1	0.0
chrX	35867758	0.0	RNA_siLuc	Pgrmc1	0.0
chrX	35867759	0.0	RNA_siLuc	Pgrmc1	0.0
chrX	35867760	0.0	RNA_siLuc	Pgrmc1	0.0
chrX	35867761	0.0	RNA_siLuc	Pgrmc1	0.0
chrX	35867762	0.0	RNA_siLuc	Pgrmc1	0.0
chrX	35867763	0.0	RNA_siLuc	Pgrmc1	0.0
chrX	35867764	0.0	RNA_siLuc	Pgrmc1	0.0
chrX	35867765	0.0	RNA_siLuc	Pgrmc1	0.0
chrX	35867766	0.0	RNA_siLuc	Pgrmc1	0.0
chrX	35867767	0.0	RNA_siLuc	Pgrmc1	0.0
chrX	35867768	0.0	RNA_siLuc	Pgrmc1	0.0
chrX	35867769	0.0	RNA_siLuc	Pgrmc1	0.0
chrX	35867770	0.0	RNA_siLuc	Pgrmc1	0.0
chrX	35867771	0.0	RNA_siLuc	Pgrmc1	0.0
chrX	35867772	0.0	RNA_siLuc	Pgrmc1	0.0
chrX	35867773	0.0	RNA_siLuc	Pgrmc1	0.0
chrX	35867774	0.0	RNA_siLuc	Pgrmc1	0.0
chrX	35867775	0.0	RNA_siLuc	Pgrmc1	0.0
chrX	35867776	0.0	RNA_siLuc	Pgrmc1	0.0
chrX	35867777	0.0	RNA_siLuc	Pgrmc1	0.0
chrX	35867778	0.0	RNA_siLuc	Pgrmc1	0.0
chrX	35867779	0.0	RNA_siLuc	Pgrmc1	0.0
chrX	35867780	0.0	RNA_siLuc	Pgrmc1	0.0
chrX	35867781	0.0	RNA_siLuc	Pgrmc1	0.0
chrX	35867782	0.0	RNA_siLuc	Pgrmc1	0.0
chrX	35867783	0.0	RNA_siLuc	Pgrmc1	0.0
chrX	35867784	0.0	RNA_siLuc	Pgrmc1	0.0
chrX	35867785	5.0	RNA_siLuc	Pgrmc1	0.19390536813050482
chrX	35867786	5.0	RNA_siLuc	Pgrmc1	0.19390536813050482
chrX	35867787	5.0	RNA_siLuc	Pgrmc1	0.19390536813050482
chrX	35867788	5.0	RNA_siLuc	Pgrmc1	0.19390536813050482
chrX	35867789	5.0	RNA_siLuc	Pgrmc1	0.19390536813050482
chrX	35867790	5.0	RNA_siLuc	Pgrmc1	0.19390536813050482
chrX	35867791	5.0	RNA_siLuc	Pgrmc1	0.19390536813050482
chrX	35867792	5.0	RNA_siLuc	Pgrmc1	0.19390536813050482
chrX	35867793	5.0	RNA_siLuc	Pgrmc1	0.19390536813050482
chrX	35867794	5.0	RNA_siLuc	Pgrmc1	0.19390536813050482
chrX	35867795	5.0	RNA_siLuc	Pgrmc1	0.19390536813050482
chrX	35867796	5.0	RNA_siLuc	Pgrmc1	0.19390536813050482
chrX	35867797	5.0	RNA_siLuc	Pgrmc1	0.19390536813050482
chrX	35867798	5.0	RNA_siLuc	Pgrmc1	0.19390536813050482
chrX	35867799	5.0	RNA_siLuc	Pgrmc1	0.19390536813050482
chrX	35867800	5.0	RNA_siLuc	Pgrmc1	0.19390536813050482
chrX	35867801	5.0	RNA_siLuc	Pgrmc1	0.19390536813050482
chrX	35867802	5.0	RNA_siLuc	Pgrmc1	0.19390536813050482
chrX	35867803	5.0	RNA_siLuc	Pgrmc1	0.19390536813050482
chrX	35867804	5.0	RNA_siLuc	Pgrmc1	0.19390536813050482
chrX	35867805	5.0	RNA_siLuc	Pgrmc1	0.19390536813050482
chrX	35867806	5.0	RNA_siLuc	Pgrmc1	0.19390536813050482
chrX	35867807	5.0	RNA_siLuc	Pgrmc1	0.19390536813050482
chrX	35867808	5.0	RNA_siLuc	Pgrmc1	0.19390536813050482
chrX	35867809	5.0	RNA_siLuc	Pgrmc1	0.19390536813050482
chrX	35867810	5.0	RNA_siLuc	Pgrmc1	0.19390536813050482
chrX	35867811	5.0	RNA_siLuc	Pgrmc1	0.19390536813050482
chrX	35867812	5.0	RNA_siLuc	Pgrmc1	0.19390536813050482
chrX	35867813	5.0	RNA_siLuc	Pgrmc1	0.19390536813050482
chrX	35867814	5.0	RNA_siLuc	Pgrmc1	0.19390536813050482
chrX	35867815	5.0	RNA_siLuc	Pgrmc1	0.19390536813050482
chrX	35867816	5.0	RNA_siLuc	Pgrmc1	0.19390536813050482
chrX	35867817	5.0	RNA_siLuc	Pgrmc1	0.19390536813050482
chrX	35867818	5.0	RNA_siLuc	Pgrmc1	0.19390536813050482
chrX	35867819	5.0	RNA_siLuc	Pgrmc1	0.19390536813050482
chrX	35867820	5.0	RNA_siLuc	Pgrmc1	0.19390536813050482
chrX	35867821	5.0	RNA_siLuc	Pgrmc1	0.19390536813050482
chrX	35867822	0.0	RNA_siLuc	Pgrmc1	0.0
chrX	35867823	0.0	RNA_siLuc	Pgrmc1	0.0
chrX	35867824	0.0	RNA_siLuc	Pgrmc1	0.0
chrX	35867825	0.0	RNA_siLuc	Pgrmc1	0.0
chrX	35867826	0.0	RNA_siLuc	Pgrmc1	0.0
chrX	35867827	0.0	RNA_siLuc	Pgrmc1	0.0
chrX	35867828	0.0	RNA_siLuc	Pgrmc1	0.0
chrX	35867829	0.0	RNA_siLuc	Pgrmc1	0.0
chrX	35867830	0.0	RNA_siLuc	Pgrmc1	0.0
chrX	35867831	0.0	RNA_siLuc	Pgrmc1	0.0
chrX	35867832	0.0	RNA_siLuc	Pgrmc1	0.0
chrX	35867833	0.0	RNA_siLuc	Pgrmc1	0.0
chrX	35867834	0.0	RNA_siLuc	Pgrmc1	0.0
chrX	35867835	0.0	RNA_siLuc	Pgrmc1	0.0
chrX	35867836	0.0	RNA_siLuc	Pgrmc1	0.0
chrX	35867837	0.0	RNA_siLuc	Pgrmc1	0.0
chrX	35867838	0.0	RNA_siLuc	Pgrmc1	0.0
chrX	35867839	0.0	RNA_siLuc	Pgrmc1	0.0
chrX	35867840	0.0	RNA_siLuc	Pgrmc1	0.0
chrX	35867841	0.0	RNA_siLuc	Pgrmc1	0.0
chrX	35867842	0.0	RNA_siLuc	Pgrmc1	0.0
chrX	35867843	0.0	RNA_siLuc	Pgrmc1	0.0
chrX	35867844	0.0	RNA_siLuc	Pgrmc1	0.0
chrX	35867845	0.0	RNA_siLuc	Pgrmc1	0.0
chrX	35867846	0.0	RNA_siLuc	Pgrmc1	0.0
chrX	35867847	0.0	RNA_siLuc	Pgrmc1	0.0
chrX	35867848	0.0	RNA_siLuc	Pgrmc1	0.0
chrX	35867849	0.0	RNA_siLuc	Pgrmc1	0.0
chrX	35867850	0.0	RNA_siLuc	Pgrmc1	0.0
chrX	35867851	0.0	RNA_siLuc	Pgrmc1	0.0
chrX	35867852	0.0	RNA_siLuc	Pgrmc1	0.0
chrX	35867853	0.0	RNA_siLuc	Pgrmc1	0.0
chrX	35867854	0.0	RNA_siLuc	Pgrmc1	0.0
chrX	35867855	0.0	RNA_siLuc	Pgrmc1	0.0
chrX	35867856	0.0	RNA_siLuc	Pgrmc1	0.0
chrX	35867857	0.0	RNA_siLuc	Pgrmc1	0.0
chrX	35867858	0.0	RNA_siLuc	Pgrmc1	0.0
chrX	35867859	0.0	RNA_siLuc	Pgrmc1	0.0
chrX	35867860	0.0	RNA_siLuc	Pgrmc1	0.0
chrX	35867861	0.0	RNA_siLuc	Pgrmc1	0.0
chrX	35867862	0.0	RNA_siLuc	Pgrmc1	0.0
chrX	35867863	0.0	RNA_siLuc	Pgrmc1	0.0
chrX	35867864	0.0	RNA_siLuc	Pgrmc1	0.0
chrX	35867865	0.0	RNA_siLuc	Pgrmc1	0.0
chrX	35867866	0.0	RNA_siLuc	Pgrmc1	0.0
chrX	35867867	0.0	RNA_siLuc	Pgrmc1	0.0
chrX	35867868	0.0	RNA_siLuc	Pgrmc1	0.0
chrX	35867869	0.0	RNA_siLuc	Pgrmc1	0.0
chrX	35867870	0.0	RNA_siLuc	Pgrmc1	0.0
chrX	35867871	0.0	RNA_siLuc	Pgrmc1	0.0
chrX	35867872	0.0	RNA_siLuc	Pgrmc1	0.0
chrX	35867873	0.0	RNA_siLuc	Pgrmc1	0.0
chrX	35867874	0.0	RNA_siLuc	Pgrmc1	0.0
chrX	35867875	0.0	RNA_siLuc	Pgrmc1	0.0
chrX	35867876	0.0	RNA_siLuc	Pgrmc1	0.0
chrX	35867877	0.0	RNA_siLuc	Pgrmc1	0.0
chrX	35867878	0.0	RNA_siLuc	Pgrmc1	0.0
chrX	35867879	0.0	RNA_siLuc	Pgrmc1	0.0
chrX	35867880	0.0	RNA_siLuc	Pgrmc1	0.0
chrX	35867881	0.0	RNA_siLuc	Pgrmc1	0.0
chrX	35867882	0.0	RNA_siLuc	Pgrmc1	0.0
chrX	35867883	0.0	RNA_siLuc	Pgrmc1	0.0
chrX	35867884	0.0	RNA_siLuc	Pgrmc1	0.0
chrX	35867885	0.0	RNA_siLuc	Pgrmc1	0.0
chrX	35867886	0.0	RNA_siLuc	Pgrmc1	0.0
chrX	35867887	0.0	RNA_siLuc	Pgrmc1	0.0
chrX	35867888	0.0	RNA_siLuc	Pgrmc1	0.0
chrX	35867889	0.0	RNA_siLuc	Pgrmc1	0.0
chrX	35867890	0.0	RNA_siLuc	Pgrmc1	0.0
chrX	35867891	0.0	RNA_siLuc	Pgrmc1	0.0
chrX	35867892	0.0	RNA_siLuc	Pgrmc1	0.0
chrX	35867893	0.0	RNA_siLuc	Pgrmc1	0.0
chrX	35867894	0.0	RNA_siLuc	Pgrmc1	0.0
chrX	35867895	0.0	RNA_siLuc	Pgrmc1	0.0
chrX	35867896	0.0	RNA_siLuc	Pgrmc1	0.0
chrX	35867897	0.0	RNA_siLuc	Pgrmc1	0.0
chrX	35867898	0.0	RNA_siLuc	Pgrmc1	0.0
chrX	35867899	0.0	RNA_siLuc	Pgrmc1	0.0
chrX	35867900	0.0	RNA_siLuc	Pgrmc1	0.0
chrX	35867901	0.0	RNA_siLuc	Pgrmc1	0.0
chrX	35867902	0.0	RNA_siLuc	Pgrmc1	0.0
chrX	35867903	0.0	RNA_siLuc	Pgrmc1	0.0
chrX	35867904	0.0	RNA_siLuc	Pgrmc1	0.0
chrX	35867905	0.0	RNA_siLuc	Pgrmc1	0.0
chrX	35867906	0.0	RNA_siLuc	Pgrmc1	0.0
chrX	35867907	0.0	RNA_siLuc	Pgrmc1	0.0
chrX	35867908	0.0	RNA_siLuc	Pgrmc1	0.0
chrX	35867909	0.0	RNA_siLuc	Pgrmc1	0.0
chrX	35867910	0.0	RNA_siLuc	Pgrmc1	0.0
chrX	35867911	0.0	RNA_siLuc	Pgrmc1	0.0
chrX	35867912	0.0	RNA_siLuc	Pgrmc1	0.0
chrX	35867913	0.0	RNA_siLuc	Pgrmc1	0.0
chrX	35867914	0.0	RNA_siLuc	Pgrmc1	0.0
chrX	35867915	0.0	RNA_siLuc	Pgrmc1	0.0
chrX	35867916	0.0	RNA_siLuc	Pgrmc1	0.0
chrX	35867917	0.0	RNA_siLuc	Pgrmc1	0.0
chrX	35867918	0.0	RNA_siLuc	Pgrmc1	0.0
chrX	35867919	0.0	RNA_siLuc	Pgrmc1	0.0
chrX	35867920	0.0	RNA_siLuc	Pgrmc1	0.0
chrX	35867921	0.0	RNA_siLuc	Pgrmc1	0.0
chrX	35867922	0.0	RNA_siLuc	Pgrmc1	0.0
chrX	35867923	0.0	RNA_siLuc	Pgrmc1	0.0
chrX	35867924	0.0	RNA_siLuc	Pgrmc1	0.0
chrX	35867925	0.0	RNA_siLuc	Pgrmc1	0.0
chrX	35867926	0.0	RNA_siLuc	Pgrmc1	0.0
chrX	35867927	0.0	RNA_siLuc	Pgrmc1	0.0
chrX	35867928	0.0	RNA_siLuc	Pgrmc1	0.0
chrX	35867929	0.0	RNA_siLuc	Pgrmc1	0.0
chrX	35867930	0.0	RNA_siLuc	Pgrmc1	0.0
chrX	35867931	0.0	RNA_siLuc	Pgrmc1	0.0
chrX	35867932	0.0	RNA_siLuc	Pgrmc1	0.0
chrX	35867933	0.0	RNA_siLuc	Pgrmc1	0.0
chrX	35867934	0.0	RNA_siLuc	Pgrmc1	0.0
chrX	35867935	0.0	RNA_siLuc	Pgrmc1	0.0
chrX	35867936	0.0	RNA_siLuc	Pgrmc1	0.0
chrX	35867937	0.0	RNA_siLuc	Pgrmc1	0.0
chrX	35867938	0.0	RNA_siLuc	Pgrmc1	0.0
chrX	35867939	0.0	RNA_siLuc	Pgrmc1	0.0
chrX	35867940	0.0	RNA_siLuc	Pgrmc1	0.0
chrX	35867941	0.0	RNA_siLuc	Pgrmc1	0.0
chrX	35867942	0.0	RNA_siLuc	Pgrmc1	0.0
chrX	35867943	0.0	RNA_siLuc	Pgrmc1	0.0
chrX	35867944	0.0	RNA_siLuc	Pgrmc1	0.0
chrX	35867945	0.0	RNA_siLuc	Pgrmc1	0.0
chrX	35867946	0.0	RNA_siLuc	Pgrmc1	0.0
chrX	35867947	0.0	RNA_siLuc	Pgrmc1	0.0
chrX	35867948	0.0	RNA_siLuc	Pgrmc1	0.0
chrX	35867949	0.0	RNA_siLuc	Pgrmc1	0.0
chrX	35867950	0.0	RNA_siLuc	Pgrmc1	0.0
chrX	35867951	0.0	RNA_siLuc	Pgrmc1	0.0
chrX	35867952	0.0	RNA_siLuc	Pgrmc1	0.0
chrX	35867953	0.0	RNA_siLuc	Pgrmc1	0.0
chrX	35867954	0.0	RNA_siLuc	Pgrmc1	0.0
chrX	35867955	0.0	RNA_siLuc	Pgrmc1	0.0
chrX	35867956	0.0	RNA_siLuc	Pgrmc1	0.0
chrX	35867957	0.0	RNA_siLuc	Pgrmc1	0.0
chrX	35867958	0.0	RNA_siLuc	Pgrmc1	0.0
chrX	35867959	0.0	RNA_siLuc	Pgrmc1	0.0
chrX	35867960	0.0	RNA_siLuc	Pgrmc1	0.0
chrX	35867961	0.0	RNA_siLuc	Pgrmc1	0.0
chrX	35867962	0.0	RNA_siLuc	Pgrmc1	0.0
chrX	35867963	0.0	RNA_siLuc	Pgrmc1	0.0
chrX	35867964	0.0	RNA_siLuc	Pgrmc1	0.0
chrX	35867965	0.0	RNA_siLuc	Pgrmc1	0.0
chrX	35867966	0.0	RNA_siLuc	Pgrmc1	0.0
chrX	35867967	0.0	RNA_siLuc	Pgrmc1	0.0
chrX	35867968	0.0	RNA_siLuc	Pgrmc1	0.0
chrX	35867969	0.0	RNA_siLuc	Pgrmc1	0.0
chrX	35867970	0.0	RNA_siLuc	Pgrmc1	0.0
chrX	35867971	0.0	RNA_siLuc	Pgrmc1	0.0
chrX	35867972	0.0	RNA_siLuc	Pgrmc1	0.0
chrX	35867973	0.0	RNA_siLuc	Pgrmc1	0.0
chrX	35867974	0.0	RNA_siLuc	Pgrmc1	0.0
chrX	35867975	0.0	RNA_siLuc	Pgrmc1	0.0
chrX	35867976	0.0	RNA_siLuc	Pgrmc1	0.0
chrX	35867977	0.0	RNA_siLuc	Pgrmc1	0.0
chrX	35867978	0.0	RNA_siLuc	Pgrmc1	0.0
chrX	35867979	0.0	RNA_siLuc	Pgrmc1	0.0
chrX	35867980	0.0	RNA_siLuc	Pgrmc1	0.0
chrX	35867981	0.0	RNA_siLuc	Pgrmc1	0.0
chrX	35867982	0.0	RNA_siLuc	Pgrmc1	0.0
chrX	35867983	0.0	RNA_siLuc	Pgrmc1	0.0
chrX	35867984	0.0	RNA_siLuc	Pgrmc1	0.0
chrX	35867985	0.0	RNA_siLuc	Pgrmc1	0.0
chrX	35867986	0.0	RNA_siLuc	Pgrmc1	0.0
chrX	35867987	0.0	RNA_siLuc	Pgrmc1	0.0
chrX	35867988	0.0	RNA_siLuc	Pgrmc1	0.0
chrX	35867989	0.0	RNA_siLuc	Pgrmc1	0.0
chrX	35867990	0.0	RNA_siLuc	Pgrmc1	0.0
chrX	35867991	0.0	RNA_siLuc	Pgrmc1	0.0
chrX	35867992	0.0	RNA_siLuc	Pgrmc1	0.0
chrX	35867993	0.0	RNA_siLuc	Pgrmc1	0.0
chrX	35867994	0.0	RNA_siLuc	Pgrmc1	0.0
chrX	35867995	0.0	RNA_siLuc	Pgrmc1	0.0
chrX	35867996	0.0	RNA_siLuc	Pgrmc1	0.0
chrX	35867997	0.0	RNA_siLuc	Pgrmc1	0.0
chrX	35867998	0.0	RNA_siLuc	Pgrmc1	0.0
chrX	35867999	0.0	RNA_siLuc	Pgrmc1	0.0
chrX	35868000	0.0	RNA_siLuc	Pgrmc1	0.0
chrX	35868001	0.0	RNA_siLuc	Pgrmc1	0.0
chrX	35868002	0.0	RNA_siLuc	Pgrmc1	0.0
chrX	35868003	0.0	RNA_siLuc	Pgrmc1	0.0
chrX	35868004	0.0	RNA_siLuc	Pgrmc1	0.0
chrX	35868005	0.0	RNA_siLuc	Pgrmc1	0.0
chrX	35868006	0.0	RNA_siLuc	Pgrmc1	0.0
chrX	35868007	0.0	RNA_siLuc	Pgrmc1	0.0
chrX	35868008	0.0	RNA_siLuc	Pgrmc1	0.0
chrX	35868009	0.0	RNA_siLuc	Pgrmc1	0.0
chrX	35868010	0.0	RNA_siLuc	Pgrmc1	0.0
chrX	35868011	0.0	RNA_siLuc	Pgrmc1	0.0
chrX	35868012	0.0	RNA_siLuc	Pgrmc1	0.0
chrX	35868013	0.0	RNA_siLuc	Pgrmc1	0.0
chrX	35868014	0.0	RNA_siLuc	Pgrmc1	0.0
chrX	35868015	0.0	RNA_siLuc	Pgrmc1	0.0
chrX	35868016	0.0	RNA_siLuc	Pgrmc1	0.0
chrX	35868017	0.0	RNA_siLuc	Pgrmc1	0.0
chrX	35868018	0.0	RNA_siLuc	Pgrmc1	0.0
chrX	35868019	0.0	RNA_siLuc	Pgrmc1	0.0
chrX	35868020	0.0	RNA_siLuc	Pgrmc1	0.0
chrX	35868021	0.0	RNA_siLuc	Pgrmc1	0.0
chrX	35868022	0.0	RNA_siLuc	Pgrmc1	0.0
chrX	35868023	0.0	RNA_siLuc	Pgrmc1	0.0
chrX	35868024	0.0	RNA_siLuc	Pgrmc1	0.0
chrX	35868025	0.0	RNA_siLuc	Pgrmc1	0.0
chrX	35868026	0.0	RNA_siLuc	Pgrmc1	0.0
chrX	35868027	0.0	RNA_siLuc	Pgrmc1	0.0
chrX	35868028	0.0	RNA_siLuc	Pgrmc1	0.0
chrX	35868029	0.0	RNA_siLuc	Pgrmc1	0.0
chrX	35868030	0.0	RNA_siLuc	Pgrmc1	0.0
chrX	35868031	0.0	RNA_siLuc	Pgrmc1	0.0
chrX	35868032	0.0	RNA_siLuc	Pgrmc1	0.0
chrX	35868033	0.0	RNA_siLuc	Pgrmc1	0.0
chrX	35868034	0.0	RNA_siLuc	Pgrmc1	0.0
chrX	35868035	0.0	RNA_siLuc	Pgrmc1	0.0
chrX	35868036	0.0	RNA_siLuc	Pgrmc1	0.0
chrX	35868037	0.0	RNA_siLuc	Pgrmc1	0.0
chrX	35868038	0.0	RNA_siLuc	Pgrmc1	0.0
chrX	35868039	0.0	RNA_siLuc	Pgrmc1	0.0
chrX	35868040	0.0	RNA_siLuc	Pgrmc1	0.0
chrX	35868041	0.0	RNA_siLuc	Pgrmc1	0.0
chrX	35868042	0.0	RNA_siLuc	Pgrmc1	0.0
chrX	35868043	0.0	RNA_siLuc	Pgrmc1	0.0
chrX	35868044	0.0	RNA_siLuc	Pgrmc1	0.0
chrX	35868045	0.0	RNA_siLuc	Pgrmc1	0.0
chrX	35868046	0.0	RNA_siLuc	Pgrmc1	0.0
chrX	35868047	0.0	RNA_siLuc	Pgrmc1	0.0
chrX	35868048	0.0	RNA_siLuc	Pgrmc1	0.0
chrX	35868049	0.0	RNA_siLuc	Pgrmc1	0.0
chrX	35868050	0.0	RNA_siLuc	Pgrmc1	0.0
chrX	35868051	0.0	RNA_siLuc	Pgrmc1	0.0
chrX	35868052	0.0	RNA_siLuc	Pgrmc1	0.0
chrX	35868053	0.0	RNA_siLuc	Pgrmc1	0.0
chrX	35868054	0.0	RNA_siLuc	Pgrmc1	0.0
chrX	35868055	0.0	RNA_siLuc	Pgrmc1	0.0
chrX	35868056	0.0	RNA_siLuc	Pgrmc1	0.0
chrX	35868057	0.0	RNA_siLuc	Pgrmc1	0.0
chrX	35868058	0.0	RNA_siLuc	Pgrmc1	0.0
chrX	35868059	0.0	RNA_siLuc	Pgrmc1	0.0
chrX	35868060	0.0	RNA_siLuc	Pgrmc1	0.0
chrX	35868061	0.0	RNA_siLuc	Pgrmc1	0.0
chrX	35868062	0.0	RNA_siLuc	Pgrmc1	0.0
chrX	35868063	0.0	RNA_siLuc	Pgrmc1	0.0
chrX	35868064	0.0	RNA_siLuc	Pgrmc1	0.0
chrX	35868065	0.0	RNA_siLuc	Pgrmc1	0.0
chrX	35868066	0.0	RNA_siLuc	Pgrmc1	0.0
chrX	35868067	0.0	RNA_siLuc	Pgrmc1	0.0
chrX	35868068	0.0	RNA_siLuc	Pgrmc1	0.0
chrX	35868069	0.0	RNA_siLuc	Pgrmc1	0.0
chrX	35868070	0.0	RNA_siLuc	Pgrmc1	0.0
chrX	35868071	0.0	RNA_siLuc	Pgrmc1	0.0
chrX	35868072	0.0	RNA_siLuc	Pgrmc1	0.0
chrX	35868073	0.0	RNA_siLuc	Pgrmc1	0.0
chrX	35868074	0.0	RNA_siLuc	Pgrmc1	0.0
chrX	35868075	0.0	RNA_siLuc	Pgrmc1	0.0
chrX	35868076	0.0	RNA_siLuc	Pgrmc1	0.0
chrX	35868077	0.0	RNA_siLuc	Pgrmc1	0.0
chrX	35868078	0.0	RNA_siLuc	Pgrmc1	0.0
chrX	35868079	0.0	RNA_siLuc	Pgrmc1	0.0
chrX	35868080	0.0	RNA_siLuc	Pgrmc1	0.0
chrX	35868081	0.0	RNA_siLuc	Pgrmc1	0.0
chrX	35868082	0.0	RNA_siLuc	Pgrmc1	0.0
chrX	35868083	0.0	RNA_siLuc	Pgrmc1	0.0
chrX	35868084	0.0	RNA_siLuc	Pgrmc1	0.0
chrX	35868085	0.0	RNA_siLuc	Pgrmc1	0.0
chrX	35868086	0.0	RNA_siLuc	Pgrmc1	0.0
chrX	35868087	0.0	RNA_siLuc	Pgrmc1	0.0
chrX	35868088	0.0	RNA_siLuc	Pgrmc1	0.0
chrX	35868089	0.0	RNA_siLuc	Pgrmc1	0.0
chrX	35868090	0.0	RNA_siLuc	Pgrmc1	0.0
chrX	35868091	0.0	RNA_siLuc	Pgrmc1	0.0
chrX	35868092	0.0	RNA_siLuc	Pgrmc1	0.0
chrX	35868093	0.0	RNA_siLuc	Pgrmc1	0.0
chrX	35868094	0.0	RNA_siLuc	Pgrmc1	0.0
chrX	35868095	0.0	RNA_siLuc	Pgrmc1	0.0
chrX	35868096	0.0	RNA_siLuc	Pgrmc1	0.0
chrX	35868097	0.0	RNA_siLuc	Pgrmc1	0.0
chrX	35868098	0.0	RNA_siLuc	Pgrmc1	0.0
chrX	35868099	0.0	RNA_siLuc	Pgrmc1	0.0
chrX	35868100	0.0	RNA_siLuc	Pgrmc1	0.0
chrX	35868101	0.0	RNA_siLuc	Pgrmc1	0.0
chrX	35868102	0.0	RNA_siLuc	Pgrmc1	0.0
chrX	35868103	0.0	RNA_siLuc	Pgrmc1	0.0
chrX	35868104	0.0	RNA_siLuc	Pgrmc1	0.0
chrX	35868105	0.0	RNA_siLuc	Pgrmc1	0.0
chrX	35868106	0.0	RNA_siLuc	Pgrmc1	0.0
chrX	35868107	0.0	RNA_siLuc	Pgrmc1	0.0
chrX	35868108	0.0	RNA_siLuc	Pgrmc1	0.0
chrX	35868109	0.0	RNA_siLuc	Pgrmc1	0.0
chrX	35868110	0.0	RNA_siLuc	Pgrmc1	0.0
chrX	35868111	0.0	RNA_siLuc	Pgrmc1	0.0
chrX	35868112	0.0	RNA_siLuc	Pgrmc1	0.0
chrX	35868113	0.0	RNA_siLuc	Pgrmc1	0.0
chrX	35868114	0.0	RNA_siLuc	Pgrmc1	0.0
chrX	35868115	0.0	RNA_siLuc	Pgrmc1	0.0
chrX	35868116	0.0	RNA_siLuc	Pgrmc1	0.0
chrX	35868117	0.0	RNA_siLuc	Pgrmc1	0.0
chrX	35868118	0.0	RNA_siLuc	Pgrmc1	0.0
chrX	35868119	0.0	RNA_siLuc	Pgrmc1	0.0
chrX	35868120	0.0	RNA_siLuc	Pgrmc1	0.0
chrX	35868121	0.0	RNA_siLuc	Pgrmc1	0.0
chrX	35868122	0.0	RNA_siLuc	Pgrmc1	0.0
chrX	35868123	0.0	RNA_siLuc	Pgrmc1	0.0
chrX	35868124	0.0	RNA_siLuc	Pgrmc1	0.0
chrX	35868125	0.0	RNA_siLuc	Pgrmc1	0.0
chrX	35868126	0.0	RNA_siLuc	Pgrmc1	0.0
chrX	35868127	0.0	RNA_siLuc	Pgrmc1	0.0
chrX	35868128	0.0	RNA_siLuc	Pgrmc1	0.0
chrX	35868129	0.0	RNA_siLuc	Pgrmc1	0.0
chrX	35868130	0.0	RNA_siLuc	Pgrmc1	0.0
chrX	35868131	0.0	RNA_siLuc	Pgrmc1	0.0
chrX	35868132	0.0	RNA_siLuc	Pgrmc1	0.0
chrX	35868133	0.0	RNA_siLuc	Pgrmc1	0.0
chrX	35868134	0.0	RNA_siLuc	Pgrmc1	0.0
chrX	35868135	0.0	RNA_siLuc	Pgrmc1	0.0
chrX	35868136	0.0	RNA_siLuc	Pgrmc1	0.0
chrX	35868137	0.0	RNA_siLuc	Pgrmc1	0.0
chrX	35868138	0.0	RNA_siLuc	Pgrmc1	0.0
chrX	35868139	0.0	RNA_siLuc	Pgrmc1	0.0
chrX	35868140	0.0	RNA_siLuc	Pgrmc1	0.0
chrX	35868141	0.0	RNA_siLuc	Pgrmc1	0.0
chrX	35868142	0.0	RNA_siLuc	Pgrmc1	0.0
chrX	35868143	0.0	RNA_siLuc	Pgrmc1	0.0
chrX	35868144	0.0	RNA_siLuc	Pgrmc1	0.0
chrX	35868145	0.0	RNA_siLuc	Pgrmc1	0.0
chrX	35868146	0.0	RNA_siLuc	Pgrmc1	0.0
chrX	35868147	0.0	RNA_siLuc	Pgrmc1	0.0
chrX	35868148	0.0	RNA_siLuc	Pgrmc1	0.0
chrX	35868149	0.0	RNA_siLuc	Pgrmc1	0.0
chrX	35868150	0.0	RNA_siLuc	Pgrmc1	0.0
chrX	35868151	0.0	RNA_siLuc	Pgrmc1	0.0
chrX	35868152	0.0	RNA_siLuc	Pgrmc1	0.0
chrX	35868153	0.0	RNA_siLuc	Pgrmc1	0.0
chrX	35868154	0.0	RNA_siLuc	Pgrmc1	0.0
chrX	35868155	0.0	RNA_siLuc	Pgrmc1	0.0
chrX	35868156	0.0	RNA_siLuc	Pgrmc1	0.0
chrX	35868157	0.0	RNA_siLuc	Pgrmc1	0.0
chrX	35868158	0.0	RNA_siLuc	Pgrmc1	0.0
chrX	35868159	0.0	RNA_siLuc	Pgrmc1	0.0
chrX	35868160	0.0	RNA_siLuc	Pgrmc1	0.0
chrX	35868161	0.0	RNA_siLuc	Pgrmc1	0.0
chrX	35868162	0.0	RNA_siLuc	Pgrmc1	0.0
chrX	35868163	0.0	RNA_siLuc	Pgrmc1	0.0
chrX	35868164	0.0	RNA_siLuc	Pgrmc1	0.0
chrX	35868165	0.0	RNA_siLuc	Pgrmc1	0.0
chrX	35868166	0.0	RNA_siLuc	Pgrmc1	0.0
chrX	35868167	0.0	RNA_siLuc	Pgrmc1	0.0
chrX	35868168	0.0	RNA_siLuc	Pgrmc1	0.0
chrX	35868169	0.0	RNA_siLuc	Pgrmc1	0.0
chrX	35868170	0.0	RNA_siLuc	Pgrmc1	0.0
chrX	35868171	0.0	RNA_siLuc	Pgrmc1	0.0
chrX	35868172	0.0	RNA_siLuc	Pgrmc1	0.0
chrX	35868173	0.0	RNA_siLuc	Pgrmc1	0.0
chrX	35868174	0.0	RNA_siLuc	Pgrmc1	0.0
chrX	35868175	0.0	RNA_siLuc	Pgrmc1	0.0
chrX	35868176	0.0	RNA_siLuc	Pgrmc1	0.0
chrX	35868177	0.0	RNA_siLuc	Pgrmc1	0.0
chrX	35868178	0.0	RNA_siLuc	Pgrmc1	0.0
chrX	35868179	0.0	RNA_siLuc	Pgrmc1	0.0
chrX	35868180	0.0	RNA_siLuc	Pgrmc1	0.0
chrX	35868181	0.0	RNA_siLuc	Pgrmc1	0.0
chrX	35868182	0.0	RNA_siLuc	Pgrmc1	0.0
chrX	35868183	0.0	RNA_siLuc	Pgrmc1	0.0
chrX	35868184	0.0	RNA_siLuc	Pgrmc1	0.0
chrX	35868185	0.0	RNA_siLuc	Pgrmc1	0.0
chrX	35868186	0.0	RNA_siLuc	Pgrmc1	0.0
chrX	35868187	0.0	RNA_siLuc	Pgrmc1	0.0
chrX	35868188	0.0	RNA_siLuc	Pgrmc1	0.0
chrX	35868189	0.0	RNA_siLuc	Pgrmc1	0.0
chrX	35868190	0.0	RNA_siLuc	Pgrmc1	0.0
chrX	35868191	0.0	RNA_siLuc	Pgrmc1	0.0
chrX	35868192	0.0	RNA_siLuc	Pgrmc1	0.0
chrX	35868193	0.0	RNA_siLuc	Pgrmc1	0.0
chrX	35868194	0.0	RNA_siLuc	Pgrmc1	0.0
chrX	35868195	0.0	RNA_siLuc	Pgrmc1	0.0
chrX	35868196	0.0	RNA_siLuc	Pgrmc1	0.0
chrX	35868197	0.0	RNA_siLuc	Pgrmc1	0.0
chrX	35868198	0.0	RNA_siLuc	Pgrmc1	0.0
chrX	35868199	0.0	RNA_siLuc	Pgrmc1	0.0
chrX	35868200	0.0	RNA_siLuc	Pgrmc1	0.0
chrX	35868201	0.0	RNA_siLuc	Pgrmc1	0.0
chrX	35868202	0.0	RNA_siLuc	Pgrmc1	0.0
chrX	35868203	0.0	RNA_siLuc	Pgrmc1	0.0
chrX	35868204	0.0	RNA_siLuc	Pgrmc1	0.0
chrX	35868205	0.0	RNA_siLuc	Pgrmc1	0.0
chrX	35868206	0.0	RNA_siLuc	Pgrmc1	0.0
chrX	35868207	0.0	RNA_siLuc	Pgrmc1	0.0
chrX	35868208	0.0	RNA_siLuc	Pgrmc1	0.0
chrX	35868209	0.0	RNA_siLuc	Pgrmc1	0.0
chrX	35868210	0.0	RNA_siLuc	Pgrmc1	0.0
chrX	35868211	0.0	RNA_siLuc	Pgrmc1	0.0
chrX	35868212	0.0	RNA_siLuc	Pgrmc1	0.0
chrX	35868213	0.0	RNA_siLuc	Pgrmc1	0.0
chrX	35868214	0.0	RNA_siLuc	Pgrmc1	0.0
chrX	35868215	0.0	RNA_siLuc	Pgrmc1	0.0
chrX	35868216	0.0	RNA_siLuc	Pgrmc1	0.0
chrX	35868217	0.0	RNA_siLuc	Pgrmc1	0.0
chrX	35868218	0.0	RNA_siLuc	Pgrmc1	0.0
chrX	35868219	0.0	RNA_siLuc	Pgrmc1	0.0
chrX	35868220	0.0	RNA_siLuc	Pgrmc1	0.0
chrX	35868221	0.0	RNA_siLuc	Pgrmc1	0.0
chrX	35868222	0.0	RNA_siLuc	Pgrmc1	0.0
chrX	35868223	0.0	RNA_siLuc	Pgrmc1	0.0
chrX	35868224	0.0	RNA_siLuc	Pgrmc1	0.0
chrX	35868225	0.0	RNA_siLuc	Pgrmc1	0.0
chrX	35868226	0.0	RNA_siLuc	Pgrmc1	0.0
chrX	35868227	0.0	RNA_siLuc	Pgrmc1	0.0
chrX	35868228	0.0	RNA_siLuc	Pgrmc1	0.0
chrX	35868229	0.0	RNA_siLuc	Pgrmc1	0.0
chrX	35868230	0.0	RNA_siLuc	Pgrmc1	0.0
chrX	35868231	0.0	RNA_siLuc	Pgrmc1	0.0
chrX	35868232	0.0	RNA_siLuc	Pgrmc1	0.0
chrX	35868233	0.0	RNA_siLuc	Pgrmc1	0.0
chrX	35868234	0.0	RNA_siLuc	Pgrmc1	0.0
chrX	35868235	0.0	RNA_siLuc	Pgrmc1	0.0
chrX	35868236	0.0	RNA_siLuc	Pgrmc1	0.0
chrX	35868237	0.0	RNA_siLuc	Pgrmc1	0.0
chrX	35868238	0.0	RNA_siLuc	Pgrmc1	0.0
chrX	35868239	0.0	RNA_siLuc	Pgrmc1	0.0
chrX	35868240	0.0	RNA_siLuc	Pgrmc1	0.0
chrX	35868241	0.0	RNA_siLuc	Pgrmc1	0.0
chrX	35868242	0.0	RNA_siLuc	Pgrmc1	0.0
chrX	35868243	0.0	RNA_siLuc	Pgrmc1	0.0
chrX	35868244	0.0	RNA_siLuc	Pgrmc1	0.0
chrX	35868245	0.0	RNA_siLuc	Pgrmc1	0.0
chrX	35868246	0.0	RNA_siLuc	Pgrmc1	0.0
chrX	35868247	0.0	RNA_siLuc	Pgrmc1	0.0
chrX	35868248	0.0	RNA_siLuc	Pgrmc1	0.0
chrX	35868249	0.0	RNA_siLuc	Pgrmc1	0.0
chrX	35868250	0.0	RNA_siLuc	Pgrmc1	0.0
chrX	35868251	0.0	RNA_siLuc	Pgrmc1	0.0
chrX	35868252	0.0	RNA_siLuc	Pgrmc1	0.0
chrX	35868253	0.0	RNA_siLuc	Pgrmc1	0.0
chrX	35868254	0.0	RNA_siLuc	Pgrmc1	0.0
chrX	35868255	0.0	RNA_siLuc	Pgrmc1	0.0
chrX	35868256	0.0	RNA_siLuc	Pgrmc1	0.0
chrX	35868257	0.0	RNA_siLuc	Pgrmc1	0.0
chrX	35868258	0.0	RNA_siLuc	Pgrmc1	0.0
chrX	35868259	0.0	RNA_siLuc	Pgrmc1	0.0
chrX	35868260	0.0	RNA_siLuc	Pgrmc1	0.0
chrX	35868261	0.0	RNA_siLuc	Pgrmc1	0.0
chrX	35868262	0.0	RNA_siLuc	Pgrmc1	0.0
chrX	35868263	0.0	RNA_siLuc	Pgrmc1	0.0
chrX	35868264	0.0	RNA_siLuc	Pgrmc1	0.0
chrX	35868265	0.0	RNA_siLuc	Pgrmc1	0.0
chrX	35868266	0.0	RNA_siLuc	Pgrmc1	0.0
chrX	35868267	0.0	RNA_siLuc	Pgrmc1	0.0
chrX	35868268	0.0	RNA_siLuc	Pgrmc1	0.0
chrX	35868269	0.0	RNA_siLuc	Pgrmc1	0.0
chrX	35868270	0.0	RNA_siLuc	Pgrmc1	0.0
chrX	35868271	0.0	RNA_siLuc	Pgrmc1	0.0
chrX	35868272	0.0	RNA_siLuc	Pgrmc1	0.0
chrX	35868273	0.0	RNA_siLuc	Pgrmc1	0.0
chrX	35868274	0.0	RNA_siLuc	Pgrmc1	0.0
chrX	35868275	0.0	RNA_siLuc	Pgrmc1	0.0
chrX	35868276	0.0	RNA_siLuc	Pgrmc1	0.0
chrX	35868277	0.0	RNA_siLuc	Pgrmc1	0.0
chrX	35868278	0.0	RNA_siLuc	Pgrmc1	0.0
chrX	35868279	0.0	RNA_siLuc	Pgrmc1	0.0
chrX	35868280	0.0	RNA_siLuc	Pgrmc1	0.0
chrX	35868281	0.0	RNA_siLuc	Pgrmc1	0.0
chrX	35868282	0.0	RNA_siLuc	Pgrmc1	0.0
chrX	35868283	0.0	RNA_siLuc	Pgrmc1	0.0
chrX	35868284	0.0	RNA_siLuc	Pgrmc1	0.0
chrX	35868285	0.0	RNA_siLuc	Pgrmc1	0.0
chrX	35868286	0.0	RNA_siLuc	Pgrmc1	0.0
chrX	35868287	0.0	RNA_siLuc	Pgrmc1	0.0
chrX	35868288	0.0	RNA_siLuc	Pgrmc1	0.0
chrX	35868289	0.0	RNA_siLuc	Pgrmc1	0.0
chrX	35868290	0.0	RNA_siLuc	Pgrmc1	0.0
chrX	35868291	0.0	RNA_siLuc	Pgrmc1	0.0
chrX	35868292	0.0	RNA_siLuc	Pgrmc1	0.0
chrX	35868293	0.0	RNA_siLuc	Pgrmc1	0.0
chrX	35868294	0.0	RNA_siLuc	Pgrmc1	0.0
chrX	35868295	0.0	RNA_siLuc	Pgrmc1	0.0
chrX	35868296	0.0	RNA_siLuc	Pgrmc1	0.0
chrX	35868297	0.0	RNA_siLuc	Pgrmc1	0.0
chrX	35868298	0.0	RNA_siLuc	Pgrmc1	0.0
chrX	35868299	0.0	RNA_siLuc	Pgrmc1	0.0
chrX	35868300	0.0	RNA_siLuc	Pgrmc1	0.0
chrX	35868301	0.0	RNA_siLuc	Pgrmc1	0.0
chrX	35868302	0.0	RNA_siLuc	Pgrmc1	0.0
chrX	35868303	0.0	RNA_siLuc	Pgrmc1	0.0
chrX	35868304	0.0	RNA_siLuc	Pgrmc1	0.0
chrX	35868305	0.0	RNA_siLuc	Pgrmc1	0.0
chrX	35868306	0.0	RNA_siLuc	Pgrmc1	0.0
chrX	35868307	0.0	RNA_siLuc	Pgrmc1	0.0
chrX	35868308	0.0	RNA_siLuc	Pgrmc1	0.0
chrX	35868309	0.0	RNA_siLuc	Pgrmc1	0.0
chrX	35868310	0.0	RNA_siLuc	Pgrmc1	0.0
chrX	35868311	0.0	RNA_siLuc	Pgrmc1	0.0
chrX	35868312	0.0	RNA_siLuc	Pgrmc1	0.0
chrX	35868313	0.0	RNA_siLuc	Pgrmc1	0.0
chrX	35868314	0.0	RNA_siLuc	Pgrmc1	0.0
chrX	35868315	0.0	RNA_siLuc	Pgrmc1	0.0
chrX	35868316	0.0	RNA_siLuc	Pgrmc1	0.0
chrX	35868317	0.0	RNA_siLuc	Pgrmc1	0.0
chrX	35868318	0.0	RNA_siLuc	Pgrmc1	0.0
chrX	35868319	0.0	RNA_siLuc	Pgrmc1	0.0
chrX	35868320	0.0	RNA_siLuc	Pgrmc1	0.0
chrX	35868321	0.0	RNA_siLuc	Pgrmc1	0.0
chrX	35868322	0.0	RNA_siLuc	Pgrmc1	0.0
chrX	35868323	0.0	RNA_siLuc	Pgrmc1	0.0
chrX	35868324	0.0	RNA_siLuc	Pgrmc1	0.0
chrX	35868325	0.0	RNA_siLuc	Pgrmc1	0.0
chrX	35868326	0.0	RNA_siLuc	Pgrmc1	0.0
chrX	35868327	0.0	RNA_siLuc	Pgrmc1	0.0
chrX	35868328	0.0	RNA_siLuc	Pgrmc1	0.0
chrX	35868329	0.0	RNA_siLuc	Pgrmc1	0.0
chrX	35868330	0.0	RNA_siLuc	Pgrmc1	0.0
chrX	35868331	0.0	RNA_siLuc	Pgrmc1	0.0
chrX	35868332	0.0	RNA_siLuc	Pgrmc1	0.0
chrX	35868333	0.0	RNA_siLuc	Pgrmc1	0.0
chrX	35868334	0.0	RNA_siLuc	Pgrmc1	0.0
chrX	35868335	0.0	RNA_siLuc	Pgrmc1	0.0
chrX	35868336	0.0	RNA_siLuc	Pgrmc1	0.0
chrX	35868337	0.0	RNA_siLuc	Pgrmc1	0.0
chrX	35868338	0.0	RNA_siLuc	Pgrmc1	0.0
chrX	35868339	0.0	RNA_siLuc	Pgrmc1	0.0
chrX	35868340	0.0	RNA_siLuc	Pgrmc1	0.0
chrX	35868341	0.0	RNA_siLuc	Pgrmc1	0.0
chrX	35868342	0.0	RNA_siLuc	Pgrmc1	0.0
chrX	35868343	0.0	RNA_siLuc	Pgrmc1	0.0
chrX	35868344	0.0	RNA_siLuc	Pgrmc1	0.0
chrX	35868345	0.0	RNA_siLuc	Pgrmc1	0.0
chrX	35868346	0.0	RNA_siLuc	Pgrmc1	0.0
chrX	35868347	0.0	RNA_siLuc	Pgrmc1	0.0
chrX	35868348	0.0	RNA_siLuc	Pgrmc1	0.0
chrX	35868349	0.0	RNA_siLuc	Pgrmc1	0.0
chrX	35868350	0.0	RNA_siLuc	Pgrmc1	0.0
chrX	35868351	0.0	RNA_siLuc	Pgrmc1	0.0
chrX	35868352	0.0	RNA_siLuc	Pgrmc1	0.0
chrX	35868353	0.0	RNA_siLuc	Pgrmc1	0.0
chrX	35868354	0.0	RNA_siLuc	Pgrmc1	0.0
chrX	35868355	0.0	RNA_siLuc	Pgrmc1	0.0
chrX	35868356	0.0	RNA_siLuc	Pgrmc1	0.0
chrX	35868357	0.0	RNA_siLuc	Pgrmc1	0.0
chrX	35868358	0.0	RNA_siLuc	Pgrmc1	0.0
chrX	35868359	0.0	RNA_siLuc	Pgrmc1	0.0
chrX	35868360	0.0	RNA_siLuc	Pgrmc1	0.0
chrX	35868361	0.0	RNA_siLuc	Pgrmc1	0.0
chrX	35868362	0.0	RNA_siLuc	Pgrmc1	0.0
chrX	35868363	0.0	RNA_siLuc	Pgrmc1	0.0
chrX	35868364	0.0	RNA_siLuc	Pgrmc1	0.0
chrX	35868365	0.0	RNA_siLuc	Pgrmc1	0.0
chrX	35868366	0.0	RNA_siLuc	Pgrmc1	0.0
chrX	35868367	0.0	RNA_siLuc	Pgrmc1	0.0
chrX	35868368	0.0	RNA_siLuc	Pgrmc1	0.0
chrX	35868369	0.0	RNA_siLuc	Pgrmc1	0.0
chrX	35868370	0.0	RNA_siLuc	Pgrmc1	0.0
chrX	35868371	0.0	RNA_siLuc	Pgrmc1	0.0
chrX	35868372	0.0	RNA_siLuc	Pgrmc1	0.0
chrX	35868373	0.0	RNA_siLuc	Pgrmc1	0.0
chrX	35868374	0.0	RNA_siLuc	Pgrmc1	0.0
chrX	35868375	0.0	RNA_siLuc	Pgrmc1	0.0
chrX	35868376	0.0	RNA_siLuc	Pgrmc1	0.0
chrX	35868377	0.0	RNA_siLuc	Pgrmc1	0.0
chrX	35868378	3.0	RNA_siLuc	Pgrmc1	0.1163432208783029
chrX	35868379	3.0	RNA_siLuc	Pgrmc1	0.1163432208783029
chrX	35868380	3.0	RNA_siLuc	Pgrmc1	0.1163432208783029
chrX	35868381	3.0	RNA_siLuc	Pgrmc1	0.1163432208783029
chrX	35868382	3.0	RNA_siLuc	Pgrmc1	0.1163432208783029
chrX	35868383	3.0	RNA_siLuc	Pgrmc1	0.1163432208783029
chrX	35868384	3.0	RNA_siLuc	Pgrmc1	0.1163432208783029
chrX	35868385	3.0	RNA_siLuc	Pgrmc1	0.1163432208783029
chrX	35868386	3.0	RNA_siLuc	Pgrmc1	0.1163432208783029
chrX	35868387	3.0	RNA_siLuc	Pgrmc1	0.1163432208783029
chrX	35868388	3.0	RNA_siLuc	Pgrmc1	0.1163432208783029
chrX	35868389	3.0	RNA_siLuc	Pgrmc1	0.1163432208783029
chrX	35868390	3.0	RNA_siLuc	Pgrmc1	0.1163432208783029
chrX	35868391	3.0	RNA_siLuc	Pgrmc1	0.1163432208783029
chrX	35868392	3.0	RNA_siLuc	Pgrmc1	0.1163432208783029
chrX	35868393	3.0	RNA_siLuc	Pgrmc1	0.1163432208783029
chrX	35868394	3.0	RNA_siLuc	Pgrmc1	0.1163432208783029
chrX	35868395	3.0	RNA_siLuc	Pgrmc1	0.1163432208783029
chrX	35868396	3.0	RNA_siLuc	Pgrmc1	0.1163432208783029
chrX	35868397	3.0	RNA_siLuc	Pgrmc1	0.1163432208783029
chrX	35868398	3.0	RNA_siLuc	Pgrmc1	0.1163432208783029
chrX	35868399	3.0	RNA_siLuc	Pgrmc1	0.1163432208783029
chrX	35868400	3.0	RNA_siLuc	Pgrmc1	0.1163432208783029
chrX	35868401	3.0	RNA_siLuc	Pgrmc1	0.1163432208783029
chrX	35868402	3.0	RNA_siLuc	Pgrmc1	0.1163432208783029
chrX	35868403	3.0	RNA_siLuc	Pgrmc1	0.1163432208783029
chrX	35868404	3.0	RNA_siLuc	Pgrmc1	0.1163432208783029
chrX	35868405	3.0	RNA_siLuc	Pgrmc1	0.1163432208783029
chrX	35868406	3.0	RNA_siLuc	Pgrmc1	0.1163432208783029
chrX	35868407	3.0	RNA_siLuc	Pgrmc1	0.1163432208783029
chrX	35868408	3.0	RNA_siLuc	Pgrmc1	0.1163432208783029
chrX	35868409	3.0	RNA_siLuc	Pgrmc1	0.1163432208783029
chrX	35868410	3.0	RNA_siLuc	Pgrmc1	0.1163432208783029
chrX	35868411	3.0	RNA_siLuc	Pgrmc1	0.1163432208783029
chrX	35868412	3.0	RNA_siLuc	Pgrmc1	0.1163432208783029
chrX	35868413	3.0	RNA_siLuc	Pgrmc1	0.1163432208783029
chrX	35868414	3.0	RNA_siLuc	Pgrmc1	0.1163432208783029
chrX	35868415	3.0	RNA_siLuc	Pgrmc1	0.1163432208783029
chrX	35868416	3.0	RNA_siLuc	Pgrmc1	0.1163432208783029
chrX	35868417	3.0	RNA_siLuc	Pgrmc1	0.1163432208783029
chrX	35868418	0.0	RNA_siLuc	Pgrmc1	0.0
chrX	35868419	0.0	RNA_siLuc	Pgrmc1	0.0
chrX	35868420	0.0	RNA_siLuc	Pgrmc1	0.0
chrX	35868421	0.0	RNA_siLuc	Pgrmc1	0.0
chrX	35868422	0.0	RNA_siLuc	Pgrmc1	0.0
chrX	35868423	0.0	RNA_siLuc	Pgrmc1	0.0
chrX	35868424	0.0	RNA_siLuc	Pgrmc1	0.0
chrX	35868425	0.0	RNA_siLuc	Pgrmc1	0.0
chrX	35868426	0.0	RNA_siLuc	Pgrmc1	0.0
chrX	35868427	0.0	RNA_siLuc	Pgrmc1	0.0
chrX	35868428	0.0	RNA_siLuc	Pgrmc1	0.0
chrX	35868429	0.0	RNA_siLuc	Pgrmc1	0.0
chrX	35868430	0.0	RNA_siLuc	Pgrmc1	0.0
chrX	35868431	0.0	RNA_siLuc	Pgrmc1	0.0
chrX	35868432	0.0	RNA_siLuc	Pgrmc1	0.0
chrX	35868433	0.0	RNA_siLuc	Pgrmc1	0.0
chrX	35868434	0.0	RNA_siLuc	Pgrmc1	0.0
chrX	35868435	0.0	RNA_siLuc	Pgrmc1	0.0
chrX	35868436	0.0	RNA_siLuc	Pgrmc1	0.0
chrX	35868437	0.0	RNA_siLuc	Pgrmc1	0.0
chrX	35868438	0.0	RNA_siLuc	Pgrmc1	0.0
chrX	35868439	0.0	RNA_siLuc	Pgrmc1	0.0
chrX	35868440	0.0	RNA_siLuc	Pgrmc1	0.0
chrX	35868441	33.0	RNA_siLuc	Pgrmc1	1.279775429661332
chrX	35868442	35.0	RNA_siLuc	Pgrmc1	1.3573375769135338
chrX	35868443	37.0	RNA_siLuc	Pgrmc1	1.4348997241657357
chrX	35868444	37.0	RNA_siLuc	Pgrmc1	1.4348997241657357
chrX	35868445	41.0	RNA_siLuc	Pgrmc1	1.5900240186701395
chrX	35868446	45.0	RNA_siLuc	Pgrmc1	1.7451483131745436
chrX	35868447	45.0	RNA_siLuc	Pgrmc1	1.7451483131745436
chrX	35868448	42.0	RNA_siLuc	Pgrmc1	1.6288050922962405
chrX	35868449	42.0	RNA_siLuc	Pgrmc1	1.6288050922962405
chrX	35868450	42.0	RNA_siLuc	Pgrmc1	1.6288050922962405
chrX	35868451	42.0	RNA_siLuc	Pgrmc1	1.6288050922962405
chrX	35868452	47.0	RNA_siLuc	Pgrmc1	1.8227104604267454
chrX	35868453	47.0	RNA_siLuc	Pgrmc1	1.8227104604267454
chrX	35868454	47.0	RNA_siLuc	Pgrmc1	1.8227104604267454
chrX	35868455	48.0	RNA_siLuc	Pgrmc1	1.8614915340528464
chrX	35868456	49.0	RNA_siLuc	Pgrmc1	1.9002726076789473
chrX	35868457	50.0	RNA_siLuc	Pgrmc1	1.9390536813050483
chrX	35868458	50.0	RNA_siLuc	Pgrmc1	1.9390536813050483
chrX	35868459	51.0	RNA_siLuc	Pgrmc1	1.9778347549311492
chrX	35868460	51.0	RNA_siLuc	Pgrmc1	1.9778347549311492
chrX	35868461	55.0	RNA_siLuc	Pgrmc1	2.132959049435553
chrX	35868462	55.0	RNA_siLuc	Pgrmc1	2.132959049435553
chrX	35868463	55.0	RNA_siLuc	Pgrmc1	2.132959049435553
chrX	35868464	58.0	RNA_siLuc	Pgrmc1	2.249302270313856
chrX	35868465	60.0	RNA_siLuc	Pgrmc1	2.3268644175660578
chrX	35868466	60.0	RNA_siLuc	Pgrmc1	2.3268644175660578
chrX	35868467	61.0	RNA_siLuc	Pgrmc1	2.3656454911921587
chrX	35868468	66.0	RNA_siLuc	Pgrmc1	2.559550859322664
chrX	35868469	75.0	RNA_siLuc	Pgrmc1	2.9085805219575724
chrX	35868470	76.0	RNA_siLuc	Pgrmc1	2.9473615955836734
chrX	35868471	76.0	RNA_siLuc	Pgrmc1	2.9473615955836734
chrX	35868472	75.0	RNA_siLuc	Pgrmc1	2.9085805219575724
chrX	35868473	75.0	RNA_siLuc	Pgrmc1	2.9085805219575724
chrX	35868474	74.0	RNA_siLuc	Pgrmc1	2.8697994483314715
chrX	35868475	75.0	RNA_siLuc	Pgrmc1	2.9085805219575724
chrX	35868476	79.0	RNA_siLuc	Pgrmc1	3.0637048164619762
chrX	35868477	79.0	RNA_siLuc	Pgrmc1	3.0637048164619762
chrX	35868478	82.0	RNA_siLuc	Pgrmc1	3.180048037340279
chrX	35868479	82.0	RNA_siLuc	Pgrmc1	3.180048037340279
chrX	35868480	83.0	RNA_siLuc	Pgrmc1	3.21882911096638
chrX	35868481	84.0	RNA_siLuc	Pgrmc1	3.257610184592481
chrX	35868482	89.0	RNA_siLuc	Pgrmc1	3.451515552722986
chrX	35868483	84.0	RNA_siLuc	Pgrmc1	3.257610184592481
chrX	35868484	91.0	RNA_siLuc	Pgrmc1	3.529077699975188
chrX	35868485	88.0	RNA_siLuc	Pgrmc1	3.4127344790968848
chrX	35868486	90.0	RNA_siLuc	Pgrmc1	3.490296626349087
chrX	35868487	87.0	RNA_siLuc	Pgrmc1	3.373953405470784
chrX	35868488	92.0	RNA_siLuc	Pgrmc1	3.567858773601289
chrX	35868489	92.0	RNA_siLuc	Pgrmc1	3.567858773601289
chrX	35868490	95.0	RNA_siLuc	Pgrmc1	3.684201994479592
chrX	35868491	93.0	RNA_siLuc	Pgrmc1	3.60663984722739
chrX	35868492	84.0	RNA_siLuc	Pgrmc1	3.257610184592481
chrX	35868493	84.0	RNA_siLuc	Pgrmc1	3.257610184592481
chrX	35868494	80.0	RNA_siLuc	Pgrmc1	3.102485890088077
chrX	35868495	83.0	RNA_siLuc	Pgrmc1	3.21882911096638
chrX	35868496	82.0	RNA_siLuc	Pgrmc1	3.180048037340279
chrX	35868497	88.0	RNA_siLuc	Pgrmc1	3.4127344790968848
chrX	35868498	89.0	RNA_siLuc	Pgrmc1	3.451515552722986
chrX	35868499	88.0	RNA_siLuc	Pgrmc1	3.4127344790968848
chrX	35868500	88.0	RNA_siLuc	Pgrmc1	3.4127344790968848
chrX	35868501	94.0	RNA_siLuc	Pgrmc1	3.645420920853491
chrX	35868502	94.0	RNA_siLuc	Pgrmc1	3.645420920853491
chrX	35868503	93.0	RNA_siLuc	Pgrmc1	3.60663984722739
chrX	35868504	93.0	RNA_siLuc	Pgrmc1	3.60663984722739
chrX	35868505	90.0	RNA_siLuc	Pgrmc1	3.490296626349087
chrX	35868506	87.0	RNA_siLuc	Pgrmc1	3.373953405470784
chrX	35868507	87.0	RNA_siLuc	Pgrmc1	3.373953405470784
chrX	35868508	86.0	RNA_siLuc	Pgrmc1	3.335172331844683
chrX	35868509	86.0	RNA_siLuc	Pgrmc1	3.335172331844683
chrX	35868510	85.0	RNA_siLuc	Pgrmc1	3.296391258218582
chrX	35868511	79.0	RNA_siLuc	Pgrmc1	3.0637048164619762
chrX	35868512	70.0	RNA_siLuc	Pgrmc1	2.7146751538270677
chrX	35868513	66.0	RNA_siLuc	Pgrmc1	2.559550859322664
chrX	35868514	68.0	RNA_siLuc	Pgrmc1	2.637113006574866
chrX	35868515	68.0	RNA_siLuc	Pgrmc1	2.637113006574866
chrX	35868516	68.0	RNA_siLuc	Pgrmc1	2.637113006574866
chrX	35868517	68.0	RNA_siLuc	Pgrmc1	2.637113006574866
chrX	35868518	67.0	RNA_siLuc	Pgrmc1	2.598331932948765
chrX	35868519	67.0	RNA_siLuc	Pgrmc1	2.598331932948765
chrX	35868520	69.0	RNA_siLuc	Pgrmc1	2.6758940802009668
chrX	35868521	67.0	RNA_siLuc	Pgrmc1	2.598331932948765
chrX	35868522	63.0	RNA_siLuc	Pgrmc1	2.4432076384443606
chrX	35868523	56.0	RNA_siLuc	Pgrmc1	2.171740123061654
chrX	35868524	51.0	RNA_siLuc	Pgrmc1	1.9778347549311492
chrX	35868525	50.0	RNA_siLuc	Pgrmc1	1.9390536813050483
chrX	35868526	50.0	RNA_siLuc	Pgrmc1	1.9390536813050483
chrX	35868527	50.0	RNA_siLuc	Pgrmc1	1.9390536813050483
chrX	35868528	49.0	RNA_siLuc	Pgrmc1	1.9002726076789473
chrX	35868529	51.0	RNA_siLuc	Pgrmc1	1.9778347549311492
chrX	35868530	52.0	RNA_siLuc	Pgrmc1	2.01661582855725
chrX	35868531	52.0	RNA_siLuc	Pgrmc1	2.01661582855725
chrX	35868532	48.0	RNA_siLuc	Pgrmc1	1.8614915340528464
chrX	35868533	47.0	RNA_siLuc	Pgrmc1	1.8227104604267454
chrX	35868534	44.0	RNA_siLuc	Pgrmc1	1.7063672395484424
chrX	35868535	41.0	RNA_siLuc	Pgrmc1	1.5900240186701395
chrX	35868536	41.0	RNA_siLuc	Pgrmc1	1.5900240186701395
chrX	35868537	41.0	RNA_siLuc	Pgrmc1	1.5900240186701395
chrX	35868538	37.0	RNA_siLuc	Pgrmc1	1.4348997241657357
chrX	35868539	37.0	RNA_siLuc	Pgrmc1	1.4348997241657357
chrX	35868540	37.0	RNA_siLuc	Pgrmc1	1.4348997241657357
chrX	35868541	37.0	RNA_siLuc	Pgrmc1	1.4348997241657357
chrX	35868542	32.0	RNA_siLuc	Pgrmc1	1.240994356035231
chrX	35868543	29.0	RNA_siLuc	Pgrmc1	1.124651135156928
chrX	35868544	28.0	RNA_siLuc	Pgrmc1	1.085870061530827
chrX	35868545	24.0	RNA_siLuc	Pgrmc1	0.9307457670264232
chrX	35868546	24.0	RNA_siLuc	Pgrmc1	0.9307457670264232
chrX	35868547	24.0	RNA_siLuc	Pgrmc1	0.9307457670264232
chrX	35868548	23.0	RNA_siLuc	Pgrmc1	0.8919646934003223
chrX	35868549	21.0	RNA_siLuc	Pgrmc1	0.8144025461481202
chrX	35868550	20.0	RNA_siLuc	Pgrmc1	0.7756214725220193
chrX	35868551	20.0	RNA_siLuc	Pgrmc1	0.7756214725220193
chrX	35868552	16.0	RNA_siLuc	Pgrmc1	0.6204971780176155
chrX	35868553	16.0	RNA_siLuc	Pgrmc1	0.6204971780176155
chrX	35868554	16.0	RNA_siLuc	Pgrmc1	0.6204971780176155
chrX	35868555	10.0	RNA_siLuc	Pgrmc1	0.38781073626100965
chrX	35868556	10.0	RNA_siLuc	Pgrmc1	0.38781073626100965
chrX	35868557	10.0	RNA_siLuc	Pgrmc1	0.38781073626100965
chrX	35868558	8.0	RNA_siLuc	Pgrmc1	0.31024858900880775
chrX	35868559	8.0	RNA_siLuc	Pgrmc1	0.31024858900880775
chrX	35868560	8.0	RNA_siLuc	Pgrmc1	0.31024858900880775
chrX	35868561	8.0	RNA_siLuc	Pgrmc1	0.31024858900880775
chrX	35868562	8.0	RNA_siLuc	Pgrmc1	0.31024858900880775
chrX	35868563	8.0	RNA_siLuc	Pgrmc1	0.31024858900880775
chrX	35868564	8.0	RNA_siLuc	Pgrmc1	0.31024858900880775
chrX	35868565	9.0	RNA_siLuc	Pgrmc1	0.3490296626349087
chrX	35868566	10.0	RNA_siLuc	Pgrmc1	0.38781073626100965
chrX	35868567	10.0	RNA_siLuc	Pgrmc1	0.38781073626100965
chrX	35868568	10.0	RNA_siLuc	Pgrmc1	0.38781073626100965
chrX	35868569	10.0	RNA_siLuc	Pgrmc1	0.38781073626100965
chrX	35868570	9.0	RNA_siLuc	Pgrmc1	0.3490296626349087
chrX	35868571	9.0	RNA_siLuc	Pgrmc1	0.3490296626349087
chrX	35868572	9.0	RNA_siLuc	Pgrmc1	0.3490296626349087
chrX	35868573	9.0	RNA_siLuc	Pgrmc1	0.3490296626349087
chrX	35868574	9.0	RNA_siLuc	Pgrmc1	0.3490296626349087
chrX	35868575	7.0	RNA_siLuc	Pgrmc1	0.27146751538270675
chrX	35868576	7.0	RNA_siLuc	Pgrmc1	0.27146751538270675
chrX	35868577	7.0	RNA_siLuc	Pgrmc1	0.27146751538270675
chrX	35868578	7.0	RNA_siLuc	Pgrmc1	0.27146751538270675
chrX	35868579	5.0	RNA_siLuc	Pgrmc1	0.19390536813050482
chrX	35868580	5.0	RNA_siLuc	Pgrmc1	0.19390536813050482
chrX	35868581	5.0	RNA_siLuc	Pgrmc1	0.19390536813050482
chrX	35868582	5.0	RNA_siLuc	Pgrmc1	0.19390536813050482
chrX	35868583	3.0	RNA_siLuc	Pgrmc1	0.1163432208783029
chrX	35868584	3.0	RNA_siLuc	Pgrmc1	0.1163432208783029
chrX	35868585	3.0	RNA_siLuc	Pgrmc1	0.1163432208783029
chrX	35868586	3.0	RNA_siLuc	Pgrmc1	0.1163432208783029
chrX	35868587	5.0	RNA_siLuc	Pgrmc1	0.19390536813050482
chrX	35868588	5.0	RNA_siLuc	Pgrmc1	0.19390536813050482
chrX	35868589	5.0	RNA_siLuc	Pgrmc1	0.19390536813050482
chrX	35868590	5.0	RNA_siLuc	Pgrmc1	0.19390536813050482
chrX	35868591	5.0	RNA_siLuc	Pgrmc1	0.19390536813050482
chrX	35868592	5.0	RNA_siLuc	Pgrmc1	0.19390536813050482
chrX	35868593	5.0	RNA_siLuc	Pgrmc1	0.19390536813050482
chrX	35868594	5.0	RNA_siLuc	Pgrmc1	0.19390536813050482
chrX	35868595	5.0	RNA_siLuc	Pgrmc1	0.19390536813050482
chrX	35868596	5.0	RNA_siLuc	Pgrmc1	0.19390536813050482
chrX	35868597	5.0	RNA_siLuc	Pgrmc1	0.19390536813050482
chrX	35868598	5.0	RNA_siLuc	Pgrmc1	0.19390536813050482
chrX	35868599	5.0	RNA_siLuc	Pgrmc1	0.19390536813050482
chrX	35868600	5.0	RNA_siLuc	Pgrmc1	0.19390536813050482
chrX	35868601	5.0	RNA_siLuc	Pgrmc1	0.19390536813050482
chrX	35868602	5.0	RNA_siLuc	Pgrmc1	0.19390536813050482
chrX	35868603	5.0	RNA_siLuc	Pgrmc1	0.19390536813050482
chrX	35868604	5.0	RNA_siLuc	Pgrmc1	0.19390536813050482
chrX	35868605	5.0	RNA_siLuc	Pgrmc1	0.19390536813050482
chrX	35868606	5.0	RNA_siLuc	Pgrmc1	0.19390536813050482
chrX	35868607	5.0	RNA_siLuc	Pgrmc1	0.19390536813050482
chrX	35868608	5.0	RNA_siLuc	Pgrmc1	0.19390536813050482
chrX	35868609	5.0	RNA_siLuc	Pgrmc1	0.19390536813050482
chrX	35868610	5.0	RNA_siLuc	Pgrmc1	0.19390536813050482
chrX	35868611	5.0	RNA_siLuc	Pgrmc1	0.19390536813050482
chrX	35868612	5.0	RNA_siLuc	Pgrmc1	0.19390536813050482
chrX	35868613	4.0	RNA_siLuc	Pgrmc1	0.15512429450440388
chrX	35868614	2.0	RNA_siLuc	Pgrmc1	0.07756214725220194
chrX	35868615	2.0	RNA_siLuc	Pgrmc1	0.07756214725220194
chrX	35868616	2.0	RNA_siLuc	Pgrmc1	0.07756214725220194
chrX	35868617	2.0	RNA_siLuc	Pgrmc1	0.07756214725220194
chrX	35868618	2.0	RNA_siLuc	Pgrmc1	0.07756214725220194
chrX	35868619	2.0	RNA_siLuc	Pgrmc1	0.07756214725220194
chrX	35868620	2.0	RNA_siLuc	Pgrmc1	0.07756214725220194
chrX	35868621	2.0	RNA_siLuc	Pgrmc1	0.07756214725220194
chrX	35868622	2.0	RNA_siLuc	Pgrmc1	0.07756214725220194
chrX	35868623	2.0	RNA_siLuc	Pgrmc1	0.07756214725220194
chrX	35868624	0.0	RNA_siLuc	Pgrmc1	0.0
chrX	35868625	0.0	RNA_siLuc	Pgrmc1	0.0
chrX	35868626	0.0	RNA_siLuc	Pgrmc1	0.0
chrX	35868627	0.0	RNA_siLuc	Pgrmc1	0.0
chrX	35868628	0.0	RNA_siLuc	Pgrmc1	0.0
chrX	35868629	0.0	RNA_siLuc	Pgrmc1	0.0
chrX	35868630	0.0	RNA_siLuc	Pgrmc1	0.0
chrX	35868631	0.0	RNA_siLuc	Pgrmc1	0.0
chrX	35868632	0.0	RNA_siLuc	Pgrmc1	0.0
chrX	35868633	0.0	RNA_siLuc	Pgrmc1	0.0
chrX	35868634	0.0	RNA_siLuc	Pgrmc1	0.0
chrX	35868635	0.0	RNA_siLuc	Pgrmc1	0.0
chrX	35868636	0.0	RNA_siLuc	Pgrmc1	0.0
chrX	35868637	0.0	RNA_siLuc	Pgrmc1	0.0
chrX	35868638	0.0	RNA_siLuc	Pgrmc1	0.0
chrX	35868639	0.0	RNA_siLuc	Pgrmc1	0.0
chrX	35868640	0.0	RNA_siLuc	Pgrmc1	0.0
chrX	35868641	0.0	RNA_siLuc	Pgrmc1	0.0
chrX	35868642	0.0	RNA_siLuc	Pgrmc1	0.0
chrX	35868643	0.0	RNA_siLuc	Pgrmc1	0.0
chrX	35868644	0.0	RNA_siLuc	Pgrmc1	0.0
chrX	35868645	0.0	RNA_siLuc	Pgrmc1	0.0
chrX	35868646	0.0	RNA_siLuc	Pgrmc1	0.0
chrX	35868647	0.0	RNA_siLuc	Pgrmc1	0.0
chrX	35868648	0.0	RNA_siLuc	Pgrmc1	0.0
chrX	35868649	0.0	RNA_siLuc	Pgrmc1	0.0
chrX	35868650	0.0	RNA_siLuc	Pgrmc1	0.0
chrX	35868651	0.0	RNA_siLuc	Pgrmc1	0.0
chrX	35868652	0.0	RNA_siLuc	Pgrmc1	0.0
chrX	35868653	0.0	RNA_siLuc	Pgrmc1	0.0
chrX	35868654	0.0	RNA_siLuc	Pgrmc1	0.0
chrX	35868655	0.0	RNA_siLuc	Pgrmc1	0.0
chrX	35868656	0.0	RNA_siLuc	Pgrmc1	0.0
chrX	35868657	0.0	RNA_siLuc	Pgrmc1	0.0
chrX	35868658	0.0	RNA_siLuc	Pgrmc1	0.0
chrX	35868659	0.0	RNA_siLuc	Pgrmc1	0.0
chrX	35868660	0.0	RNA_siLuc	Pgrmc1	0.0
chrX	35868661	0.0	RNA_siLuc	Pgrmc1	0.0
chrX	35868662	0.0	RNA_siLuc	Pgrmc1	0.0
chrX	35868663	0.0	RNA_siLuc	Pgrmc1	0.0
chrX	35868664	0.0	RNA_siLuc	Pgrmc1	0.0
chrX	35868665	0.0	RNA_siLuc	Pgrmc1	0.0
chrX	35868666	0.0	RNA_siLuc	Pgrmc1	0.0
chrX	35868667	2.0	RNA_siLuc	Pgrmc1	0.07756214725220194
chrX	35868668	2.0	RNA_siLuc	Pgrmc1	0.07756214725220194
chrX	35868669	2.0	RNA_siLuc	Pgrmc1	0.07756214725220194
chrX	35868670	2.0	RNA_siLuc	Pgrmc1	0.07756214725220194
chrX	35868671	2.0	RNA_siLuc	Pgrmc1	0.07756214725220194
chrX	35868672	2.0	RNA_siLuc	Pgrmc1	0.07756214725220194
chrX	35868673	2.0	RNA_siLuc	Pgrmc1	0.07756214725220194
chrX	35868674	2.0	RNA_siLuc	Pgrmc1	0.07756214725220194
chrX	35868675	2.0	RNA_siLuc	Pgrmc1	0.07756214725220194
chrX	35868676	2.0	RNA_siLuc	Pgrmc1	0.07756214725220194
chrX	35868677	2.0	RNA_siLuc	Pgrmc1	0.07756214725220194
chrX	35868678	4.0	RNA_siLuc	Pgrmc1	0.15512429450440388
chrX	35868679	4.0	RNA_siLuc	Pgrmc1	0.15512429450440388
chrX	35868680	4.0	RNA_siLuc	Pgrmc1	0.15512429450440388
chrX	35868681	4.0	RNA_siLuc	Pgrmc1	0.15512429450440388
chrX	35868682	4.0	RNA_siLuc	Pgrmc1	0.15512429450440388
chrX	35868683	5.0	RNA_siLuc	Pgrmc1	0.19390536813050482
chrX	35868684	5.0	RNA_siLuc	Pgrmc1	0.19390536813050482
chrX	35868685	7.0	RNA_siLuc	Pgrmc1	0.27146751538270675
chrX	35868686	7.0	RNA_siLuc	Pgrmc1	0.27146751538270675
chrX	35868687	7.0	RNA_siLuc	Pgrmc1	0.27146751538270675
chrX	35868688	7.0	RNA_siLuc	Pgrmc1	0.27146751538270675
chrX	35868689	7.0	RNA_siLuc	Pgrmc1	0.27146751538270675
chrX	35868690	7.0	RNA_siLuc	Pgrmc1	0.27146751538270675
chrX	35868691	13.0	RNA_siLuc	Pgrmc1	0.5041539571393125
chrX	35868692	13.0	RNA_siLuc	Pgrmc1	0.5041539571393125
chrX	35868693	13.0	RNA_siLuc	Pgrmc1	0.5041539571393125
chrX	35868694	13.0	RNA_siLuc	Pgrmc1	0.5041539571393125
chrX	35868695	14.0	RNA_siLuc	Pgrmc1	0.5429350307654135
chrX	35868696	15.0	RNA_siLuc	Pgrmc1	0.5817161043915144
chrX	35868697	15.0	RNA_siLuc	Pgrmc1	0.5817161043915144
chrX	35868698	15.0	RNA_siLuc	Pgrmc1	0.5817161043915144
chrX	35868699	15.0	RNA_siLuc	Pgrmc1	0.5817161043915144
chrX	35868700	15.0	RNA_siLuc	Pgrmc1	0.5817161043915144
chrX	35868701	16.0	RNA_siLuc	Pgrmc1	0.6204971780176155
chrX	35868702	16.0	RNA_siLuc	Pgrmc1	0.6204971780176155
chrX	35868703	16.0	RNA_siLuc	Pgrmc1	0.6204971780176155
chrX	35868704	16.0	RNA_siLuc	Pgrmc1	0.6204971780176155
chrX	35868705	16.0	RNA_siLuc	Pgrmc1	0.6204971780176155
chrX	35868706	16.0	RNA_siLuc	Pgrmc1	0.6204971780176155
chrX	35868707	16.0	RNA_siLuc	Pgrmc1	0.6204971780176155
chrX	35868708	16.0	RNA_siLuc	Pgrmc1	0.6204971780176155
chrX	35868709	16.0	RNA_siLuc	Pgrmc1	0.6204971780176155
chrX	35868710	16.0	RNA_siLuc	Pgrmc1	0.6204971780176155
chrX	35868711	16.0	RNA_siLuc	Pgrmc1	0.6204971780176155
chrX	35868712	16.0	RNA_siLuc	Pgrmc1	0.6204971780176155
chrX	35868713	19.0	RNA_siLuc	Pgrmc1	0.7368403988959183
chrX	35868714	19.0	RNA_siLuc	Pgrmc1	0.7368403988959183
chrX	35868715	24.0	RNA_siLuc	Pgrmc1	0.9307457670264232
chrX	35868716	24.0	RNA_siLuc	Pgrmc1	0.9307457670264232
chrX	35868717	22.0	RNA_siLuc	Pgrmc1	0.8531836197742212
chrX	35868718	22.0	RNA_siLuc	Pgrmc1	0.8531836197742212
chrX	35868719	22.0	RNA_siLuc	Pgrmc1	0.8531836197742212
chrX	35868720	22.0	RNA_siLuc	Pgrmc1	0.8531836197742212
chrX	35868721	22.0	RNA_siLuc	Pgrmc1	0.8531836197742212
chrX	35868722	20.0	RNA_siLuc	Pgrmc1	0.7756214725220193
chrX	35868723	20.0	RNA_siLuc	Pgrmc1	0.7756214725220193
chrX	35868724	25.0	RNA_siLuc	Pgrmc1	0.9695268406525241
chrX	35868725	25.0	RNA_siLuc	Pgrmc1	0.9695268406525241
chrX	35868726	27.0	RNA_siLuc	Pgrmc1	1.047088987904726
chrX	35868727	27.0	RNA_siLuc	Pgrmc1	1.047088987904726
chrX	35868728	27.0	RNA_siLuc	Pgrmc1	1.047088987904726
chrX	35868729	27.0	RNA_siLuc	Pgrmc1	1.047088987904726
chrX	35868730	27.0	RNA_siLuc	Pgrmc1	1.047088987904726
chrX	35868731	27.0	RNA_siLuc	Pgrmc1	1.047088987904726
chrX	35868732	27.0	RNA_siLuc	Pgrmc1	1.047088987904726
chrX	35868733	27.0	RNA_siLuc	Pgrmc1	1.047088987904726
chrX	35868734	27.0	RNA_siLuc	Pgrmc1	1.047088987904726
chrX	35868735	27.0	RNA_siLuc	Pgrmc1	1.047088987904726
chrX	35868736	27.0	RNA_siLuc	Pgrmc1	1.047088987904726
chrX	35868737	26.0	RNA_siLuc	Pgrmc1	1.008307914278625
chrX	35868738	28.0	RNA_siLuc	Pgrmc1	1.085870061530827
chrX	35868739	28.0	RNA_siLuc	Pgrmc1	1.085870061530827
chrX	35868740	26.0	RNA_siLuc	Pgrmc1	1.008307914278625
chrX	35868741	22.0	RNA_siLuc	Pgrmc1	0.8531836197742212
chrX	35868742	25.0	RNA_siLuc	Pgrmc1	0.9695268406525241
chrX	35868743	25.0	RNA_siLuc	Pgrmc1	0.9695268406525241
chrX	35868744	25.0	RNA_siLuc	Pgrmc1	0.9695268406525241
chrX	35868745	23.0	RNA_siLuc	Pgrmc1	0.8919646934003223
chrX	35868746	23.0	RNA_siLuc	Pgrmc1	0.8919646934003223
chrX	35868747	23.0	RNA_siLuc	Pgrmc1	0.8919646934003223
chrX	35868748	23.0	RNA_siLuc	Pgrmc1	0.8919646934003223
chrX	35868749	23.0	RNA_siLuc	Pgrmc1	0.8919646934003223
chrX	35868750	26.0	RNA_siLuc	Pgrmc1	1.008307914278625
chrX	35868751	25.0	RNA_siLuc	Pgrmc1	0.9695268406525241
chrX	35868752	25.0	RNA_siLuc	Pgrmc1	0.9695268406525241
chrX	35868753	25.0	RNA_siLuc	Pgrmc1	0.9695268406525241
chrX	35868754	30.0	RNA_siLuc	Pgrmc1	1.1634322087830289
chrX	35868755	30.0	RNA_siLuc	Pgrmc1	1.1634322087830289
chrX	35868756	30.0	RNA_siLuc	Pgrmc1	1.1634322087830289
chrX	35868757	32.0	RNA_siLuc	Pgrmc1	1.240994356035231
chrX	35868758	32.0	RNA_siLuc	Pgrmc1	1.240994356035231
chrX	35868759	32.0	RNA_siLuc	Pgrmc1	1.240994356035231
chrX	35868760	32.0	RNA_siLuc	Pgrmc1	1.240994356035231
chrX	35868761	32.0	RNA_siLuc	Pgrmc1	1.240994356035231
chrX	35868762	34.0	RNA_siLuc	Pgrmc1	1.318556503287433
chrX	35868763	34.0	RNA_siLuc	Pgrmc1	1.318556503287433
chrX	35868764	34.0	RNA_siLuc	Pgrmc1	1.318556503287433
chrX	35868765	26.0	RNA_siLuc	Pgrmc1	1.008307914278625
chrX	35868766	26.0	RNA_siLuc	Pgrmc1	1.008307914278625
chrX	35868767	21.0	RNA_siLuc	Pgrmc1	0.8144025461481202
chrX	35868768	25.0	RNA_siLuc	Pgrmc1	0.9695268406525241
chrX	35868769	25.0	RNA_siLuc	Pgrmc1	0.9695268406525241
chrX	35868770	25.0	RNA_siLuc	Pgrmc1	0.9695268406525241
chrX	35868771	25.0	RNA_siLuc	Pgrmc1	0.9695268406525241
chrX	35868772	25.0	RNA_siLuc	Pgrmc1	0.9695268406525241
chrX	35868773	25.0	RNA_siLuc	Pgrmc1	0.9695268406525241
chrX	35868774	21.0	RNA_siLuc	Pgrmc1	0.8144025461481202
chrX	35868775	22.0	RNA_siLuc	Pgrmc1	0.8531836197742212
chrX	35868776	22.0	RNA_siLuc	Pgrmc1	0.8531836197742212
chrX	35868777	22.0	RNA_siLuc	Pgrmc1	0.8531836197742212
chrX	35868778	22.0	RNA_siLuc	Pgrmc1	0.8531836197742212
chrX	35868779	20.0	RNA_siLuc	Pgrmc1	0.7756214725220193
chrX	35868780	24.0	RNA_siLuc	Pgrmc1	0.9307457670264232
chrX	35868781	24.0	RNA_siLuc	Pgrmc1	0.9307457670264232
chrX	35868782	24.0	RNA_siLuc	Pgrmc1	0.9307457670264232
chrX	35868783	24.0	RNA_siLuc	Pgrmc1	0.9307457670264232
chrX	35868784	24.0	RNA_siLuc	Pgrmc1	0.9307457670264232
chrX	35868785	24.0	RNA_siLuc	Pgrmc1	0.9307457670264232
chrX	35868786	23.0	RNA_siLuc	Pgrmc1	0.8919646934003223
chrX	35868787	23.0	RNA_siLuc	Pgrmc1	0.8919646934003223
chrX	35868788	21.0	RNA_siLuc	Pgrmc1	0.8144025461481202
chrX	35868789	21.0	RNA_siLuc	Pgrmc1	0.8144025461481202
chrX	35868790	21.0	RNA_siLuc	Pgrmc1	0.8144025461481202
chrX	35868791	21.0	RNA_siLuc	Pgrmc1	0.8144025461481202
chrX	35868792	23.0	RNA_siLuc	Pgrmc1	0.8919646934003223
chrX	35868793	26.0	RNA_siLuc	Pgrmc1	1.008307914278625
chrX	35868794	26.0	RNA_siLuc	Pgrmc1	1.008307914278625
chrX	35868795	28.0	RNA_siLuc	Pgrmc1	1.085870061530827
chrX	35868796	25.0	RNA_siLuc	Pgrmc1	0.9695268406525241
chrX	35868797	25.0	RNA_siLuc	Pgrmc1	0.9695268406525241
chrX	35868798	20.0	RNA_siLuc	Pgrmc1	0.7756214725220193
chrX	35868799	22.0	RNA_siLuc	Pgrmc1	0.8531836197742212
chrX	35868800	22.0	RNA_siLuc	Pgrmc1	0.8531836197742212
chrX	35868801	24.0	RNA_siLuc	Pgrmc1	0.9307457670264232
chrX	35868802	24.0	RNA_siLuc	Pgrmc1	0.9307457670264232
chrX	35868803	24.0	RNA_siLuc	Pgrmc1	0.9307457670264232
chrX	35868804	24.0	RNA_siLuc	Pgrmc1	0.9307457670264232
chrX	35868805	24.0	RNA_siLuc	Pgrmc1	0.9307457670264232
chrX	35868806	22.0	RNA_siLuc	Pgrmc1	0.8531836197742212
chrX	35868807	22.0	RNA_siLuc	Pgrmc1	0.8531836197742212
chrX	35868808	22.0	RNA_siLuc	Pgrmc1	0.8531836197742212
chrX	35868809	22.0	RNA_siLuc	Pgrmc1	0.8531836197742212
chrX	35868810	22.0	RNA_siLuc	Pgrmc1	0.8531836197742212
chrX	35868811	20.0	RNA_siLuc	Pgrmc1	0.7756214725220193
chrX	35868812	20.0	RNA_siLuc	Pgrmc1	0.7756214725220193
chrX	35868813	20.0	RNA_siLuc	Pgrmc1	0.7756214725220193
chrX	35868814	18.0	RNA_siLuc	Pgrmc1	0.6980593252698174
chrX	35868815	18.0	RNA_siLuc	Pgrmc1	0.6980593252698174
chrX	35868816	16.0	RNA_siLuc	Pgrmc1	0.6204971780176155
chrX	35868817	16.0	RNA_siLuc	Pgrmc1	0.6204971780176155
chrX	35868818	16.0	RNA_siLuc	Pgrmc1	0.6204971780176155
chrX	35868819	15.0	RNA_siLuc	Pgrmc1	0.5817161043915144
chrX	35868820	15.0	RNA_siLuc	Pgrmc1	0.5817161043915144
chrX	35868821	15.0	RNA_siLuc	Pgrmc1	0.5817161043915144
chrX	35868822	15.0	RNA_siLuc	Pgrmc1	0.5817161043915144
chrX	35868823	15.0	RNA_siLuc	Pgrmc1	0.5817161043915144
chrX	35868824	15.0	RNA_siLuc	Pgrmc1	0.5817161043915144
chrX	35868825	11.0	RNA_siLuc	Pgrmc1	0.4265918098871106
chrX	35868826	11.0	RNA_siLuc	Pgrmc1	0.4265918098871106
chrX	35868827	11.0	RNA_siLuc	Pgrmc1	0.4265918098871106
chrX	35868828	11.0	RNA_siLuc	Pgrmc1	0.4265918098871106
chrX	35868829	11.0	RNA_siLuc	Pgrmc1	0.4265918098871106
chrX	35868830	11.0	RNA_siLuc	Pgrmc1	0.4265918098871106
chrX	35868831	11.0	RNA_siLuc	Pgrmc1	0.4265918098871106
chrX	35868832	11.0	RNA_siLuc	Pgrmc1	0.4265918098871106
chrX	35868833	11.0	RNA_siLuc	Pgrmc1	0.4265918098871106
chrX	35868834	11.0	RNA_siLuc	Pgrmc1	0.4265918098871106
chrX	35868835	11.0	RNA_siLuc	Pgrmc1	0.4265918098871106
chrX	35868836	11.0	RNA_siLuc	Pgrmc1	0.4265918098871106
chrX	35868837	9.0	RNA_siLuc	Pgrmc1	0.3490296626349087
chrX	35868838	9.0	RNA_siLuc	Pgrmc1	0.3490296626349087
chrX	35868839	7.0	RNA_siLuc	Pgrmc1	0.27146751538270675
chrX	35868840	7.0	RNA_siLuc	Pgrmc1	0.27146751538270675
chrX	35868841	5.0	RNA_siLuc	Pgrmc1	0.19390536813050482
chrX	35868842	2.0	RNA_siLuc	Pgrmc1	0.07756214725220194
chrX	35868843	0.0	RNA_siLuc	Pgrmc1	0.0
chrX	35868844	0.0	RNA_siLuc	Pgrmc1	0.0
chrX	35868845	0.0	RNA_siLuc	Pgrmc1	0.0
chrX	35868846	0.0	RNA_siLuc	Pgrmc1	0.0
chrX	35868847	0.0	RNA_siLuc	Pgrmc1	0.0
chrX	35868848	0.0	RNA_siLuc	Pgrmc1	0.0
chrX	35868849	0.0	RNA_siLuc	Pgrmc1	0.0
chrX	35868850	0.0	RNA_siLuc	Pgrmc1	0.0
chrX	35868851	0.0	RNA_siLuc	Pgrmc1	0.0
chrX	35868852	0.0	RNA_siLuc	Pgrmc1	0.0
chrX	35868853	0.0	RNA_siLuc	Pgrmc1	0.0
chrX	35868854	0.0	RNA_siLuc	Pgrmc1	0.0
chrX	35868855	0.0	RNA_siLuc	Pgrmc1	0.0
chrX	35868856	0.0	RNA_siLuc	Pgrmc1	0.0
chrX	35868857	0.0	RNA_siLuc	Pgrmc1	0.0
chrX	35868858	0.0	RNA_siLuc	Pgrmc1	0.0
chrX	35868859	0.0	RNA_siLuc	Pgrmc1	0.0
chrX	35868860	0.0	RNA_siLuc	Pgrmc1	0.0
chrX	35868861	0.0	RNA_siLuc	Pgrmc1	0.0
chrX	35868862	0.0	RNA_siLuc	Pgrmc1	0.0
chrX	35868863	0.0	RNA_siLuc	Pgrmc1	0.0
chrX	35868864	0.0	RNA_siLuc	Pgrmc1	0.0
chrX	35868865	0.0	RNA_siLuc	Pgrmc1	0.0
chrX	35868866	0.0	RNA_siLuc	Pgrmc1	0.0
chrX	35868867	0.0	RNA_siLuc	Pgrmc1	0.0
chrX	35868868	0.0	RNA_siLuc	Pgrmc1	0.0
chrX	35868869	0.0	RNA_siLuc	Pgrmc1	0.0
chrX	35868870	0.0	RNA_siLuc	Pgrmc1	0.0
chrX	35868871	0.0	RNA_siLuc	Pgrmc1	0.0
chrX	35868872	0.0	RNA_siLuc	Pgrmc1	0.0
chrX	35868873	1.0	RNA_siLuc	Pgrmc1	0.03878107362610097
chrX	35868874	1.0	RNA_siLuc	Pgrmc1	0.03878107362610097
chrX	35868875	1.0	RNA_siLuc	Pgrmc1	0.03878107362610097
chrX	35868876	1.0	RNA_siLuc	Pgrmc1	0.03878107362610097
chrX	35868877	3.0	RNA_siLuc	Pgrmc1	0.1163432208783029
chrX	35868878	3.0	RNA_siLuc	Pgrmc1	0.1163432208783029
chrX	35868879	3.0	RNA_siLuc	Pgrmc1	0.1163432208783029
chrX	35868880	3.0	RNA_siLuc	Pgrmc1	0.1163432208783029
chrX	35868881	3.0	RNA_siLuc	Pgrmc1	0.1163432208783029
chrX	35868882	3.0	RNA_siLuc	Pgrmc1	0.1163432208783029
chrX	35868883	3.0	RNA_siLuc	Pgrmc1	0.1163432208783029
chrX	35868884	3.0	RNA_siLuc	Pgrmc1	0.1163432208783029
chrX	35868885	4.0	RNA_siLuc	Pgrmc1	0.15512429450440388
chrX	35868886	4.0	RNA_siLuc	Pgrmc1	0.15512429450440388
chrX	35868887	5.0	RNA_siLuc	Pgrmc1	0.19390536813050482
chrX	35868888	5.0	RNA_siLuc	Pgrmc1	0.19390536813050482
chrX	35868889	5.0	RNA_siLuc	Pgrmc1	0.19390536813050482
chrX	35868890	5.0	RNA_siLuc	Pgrmc1	0.19390536813050482
chrX	35868891	5.0	RNA_siLuc	Pgrmc1	0.19390536813050482
chrX	35868892	6.0	RNA_siLuc	Pgrmc1	0.2326864417566058
chrX	35868893	6.0	RNA_siLuc	Pgrmc1	0.2326864417566058
chrX	35868894	6.0	RNA_siLuc	Pgrmc1	0.2326864417566058
chrX	35868895	6.0	RNA_siLuc	Pgrmc1	0.2326864417566058
chrX	35868896	8.0	RNA_siLuc	Pgrmc1	0.31024858900880775
chrX	35868897	8.0	RNA_siLuc	Pgrmc1	0.31024858900880775
chrX	35868898	14.0	RNA_siLuc	Pgrmc1	0.5429350307654135
chrX	35868899	14.0	RNA_siLuc	Pgrmc1	0.5429350307654135
chrX	35868900	14.0	RNA_siLuc	Pgrmc1	0.5429350307654135
chrX	35868901	14.0	RNA_siLuc	Pgrmc1	0.5429350307654135
chrX	35868902	14.0	RNA_siLuc	Pgrmc1	0.5429350307654135
chrX	35868903	14.0	RNA_siLuc	Pgrmc1	0.5429350307654135
chrX	35868904	14.0	RNA_siLuc	Pgrmc1	0.5429350307654135
chrX	35868905	15.0	RNA_siLuc	Pgrmc1	0.5817161043915144
chrX	35868906	15.0	RNA_siLuc	Pgrmc1	0.5817161043915144
chrX	35868907	15.0	RNA_siLuc	Pgrmc1	0.5817161043915144
chrX	35868908	15.0	RNA_siLuc	Pgrmc1	0.5817161043915144
chrX	35868909	15.0	RNA_siLuc	Pgrmc1	0.5817161043915144
chrX	35868910	15.0	RNA_siLuc	Pgrmc1	0.5817161043915144
chrX	35868911	14.0	RNA_siLuc	Pgrmc1	0.5429350307654135
chrX	35868912	14.0	RNA_siLuc	Pgrmc1	0.5429350307654135
chrX	35868913	14.0	RNA_siLuc	Pgrmc1	0.5429350307654135
chrX	35868914	14.0	RNA_siLuc	Pgrmc1	0.5429350307654135
chrX	35868915	14.0	RNA_siLuc	Pgrmc1	0.5429350307654135
chrX	35868916	14.0	RNA_siLuc	Pgrmc1	0.5429350307654135
chrX	35868917	14.0	RNA_siLuc	Pgrmc1	0.5429350307654135
chrX	35868918	14.0	RNA_siLuc	Pgrmc1	0.5429350307654135
chrX	35868919	14.0	RNA_siLuc	Pgrmc1	0.5429350307654135
chrX	35868920	14.0	RNA_siLuc	Pgrmc1	0.5429350307654135
chrX	35868921	14.0	RNA_siLuc	Pgrmc1	0.5429350307654135
chrX	35868922	14.0	RNA_siLuc	Pgrmc1	0.5429350307654135
chrX	35868923	13.0	RNA_siLuc	Pgrmc1	0.5041539571393125
chrX	35868924	13.0	RNA_siLuc	Pgrmc1	0.5041539571393125
chrX	35868925	13.0	RNA_siLuc	Pgrmc1	0.5041539571393125
chrX	35868926	13.0	RNA_siLuc	Pgrmc1	0.5041539571393125
chrX	35868927	13.0	RNA_siLuc	Pgrmc1	0.5041539571393125
chrX	35868928	12.0	RNA_siLuc	Pgrmc1	0.4653728835132116
chrX	35868929	12.0	RNA_siLuc	Pgrmc1	0.4653728835132116
chrX	35868930	12.0	RNA_siLuc	Pgrmc1	0.4653728835132116
chrX	35868931	10.0	RNA_siLuc	Pgrmc1	0.38781073626100965
chrX	35868932	10.0	RNA_siLuc	Pgrmc1	0.38781073626100965
chrX	35868933	10.0	RNA_siLuc	Pgrmc1	0.38781073626100965
chrX	35868934	10.0	RNA_siLuc	Pgrmc1	0.38781073626100965
chrX	35868935	10.0	RNA_siLuc	Pgrmc1	0.38781073626100965
chrX	35868936	10.0	RNA_siLuc	Pgrmc1	0.38781073626100965
chrX	35868937	10.0	RNA_siLuc	Pgrmc1	0.38781073626100965
chrX	35868938	10.0	RNA_siLuc	Pgrmc1	0.38781073626100965
chrX	35868939	9.0	RNA_siLuc	Pgrmc1	0.3490296626349087
chrX	35868940	9.0	RNA_siLuc	Pgrmc1	0.3490296626349087
chrX	35868941	9.0	RNA_siLuc	Pgrmc1	0.3490296626349087
chrX	35868942	9.0	RNA_siLuc	Pgrmc1	0.3490296626349087
chrX	35868943	9.0	RNA_siLuc	Pgrmc1	0.3490296626349087
chrX	35868944	9.0	RNA_siLuc	Pgrmc1	0.3490296626349087
chrX	35868945	9.0	RNA_siLuc	Pgrmc1	0.3490296626349087
chrX	35868946	9.0	RNA_siLuc	Pgrmc1	0.3490296626349087
chrX	35868947	9.0	RNA_siLuc	Pgrmc1	0.3490296626349087
chrX	35868948	3.0	RNA_siLuc	Pgrmc1	0.1163432208783029
chrX	35868949	1.0	RNA_siLuc	Pgrmc1	0.03878107362610097
chrX	35868950	1.0	RNA_siLuc	Pgrmc1	0.03878107362610097
chrX	35868951	1.0	RNA_siLuc	Pgrmc1	0.03878107362610097
chrX	35868952	0.0	RNA_siLuc	Pgrmc1	0.0
chrX	35868953	0.0	RNA_siLuc	Pgrmc1	0.0
chrX	35868954	0.0	RNA_siLuc	Pgrmc1	0.0
chrX	35868955	0.0	RNA_siLuc	Pgrmc1	0.0
chrX	35868956	0.0	RNA_siLuc	Pgrmc1	0.0
chrX	35868957	0.0	RNA_siLuc	Pgrmc1	0.0
chrX	35868958	0.0	RNA_siLuc	Pgrmc1	0.0
chrX	35868959	0.0	RNA_siLuc	Pgrmc1	0.0
chrX	35868960	0.0	RNA_siLuc	Pgrmc1	0.0
chrX	35868961	0.0	RNA_siLuc	Pgrmc1	0.0
chrX	35868962	0.0	RNA_siLuc	Pgrmc1	0.0
chrX	35868963	0.0	RNA_siLuc	Pgrmc1	0.0
chrX	35868964	0.0	RNA_siLuc	Pgrmc1	0.0
chrX	35868965	0.0	RNA_siLuc	Pgrmc1	0.0
chrX	35868966	0.0	RNA_siLuc	Pgrmc1	0.0
chrX	35868967	5.0	RNA_siLuc	Pgrmc1	0.19390536813050482
chrX	35868968	5.0	RNA_siLuc	Pgrmc1	0.19390536813050482
chrX	35868969	5.0	RNA_siLuc	Pgrmc1	0.19390536813050482
chrX	35868970	6.0	RNA_siLuc	Pgrmc1	0.2326864417566058
chrX	35868971	6.0	RNA_siLuc	Pgrmc1	0.2326864417566058
chrX	35868972	6.0	RNA_siLuc	Pgrmc1	0.2326864417566058
chrX	35868973	6.0	RNA_siLuc	Pgrmc1	0.2326864417566058
chrX	35868974	9.0	RNA_siLuc	Pgrmc1	0.3490296626349087
chrX	35868975	9.0	RNA_siLuc	Pgrmc1	0.3490296626349087
chrX	35868976	9.0	RNA_siLuc	Pgrmc1	0.3490296626349087
chrX	35868977	9.0	RNA_siLuc	Pgrmc1	0.3490296626349087
chrX	35868978	9.0	RNA_siLuc	Pgrmc1	0.3490296626349087
chrX	35868979	9.0	RNA_siLuc	Pgrmc1	0.3490296626349087
chrX	35868980	9.0	RNA_siLuc	Pgrmc1	0.3490296626349087
chrX	35868981	9.0	RNA_siLuc	Pgrmc1	0.3490296626349087
chrX	35868982	9.0	RNA_siLuc	Pgrmc1	0.3490296626349087
chrX	35868983	9.0	RNA_siLuc	Pgrmc1	0.3490296626349087
chrX	35868984	9.0	RNA_siLuc	Pgrmc1	0.3490296626349087
chrX	35868985	9.0	RNA_siLuc	Pgrmc1	0.3490296626349087
chrX	35868986	9.0	RNA_siLuc	Pgrmc1	0.3490296626349087
chrX	35868987	9.0	RNA_siLuc	Pgrmc1	0.3490296626349087
chrX	35868988	9.0	RNA_siLuc	Pgrmc1	0.3490296626349087
chrX	35868989	9.0	RNA_siLuc	Pgrmc1	0.3490296626349087
chrX	35868990	9.0	RNA_siLuc	Pgrmc1	0.3490296626349087
chrX	35868991	9.0	RNA_siLuc	Pgrmc1	0.3490296626349087
chrX	35868992	9.0	RNA_siLuc	Pgrmc1	0.3490296626349087
chrX	35868993	9.0	RNA_siLuc	Pgrmc1	0.3490296626349087
chrX	35868994	9.0	RNA_siLuc	Pgrmc1	0.3490296626349087
chrX	35868995	9.0	RNA_siLuc	Pgrmc1	0.3490296626349087
chrX	35868996	9.0	RNA_siLuc	Pgrmc1	0.3490296626349087
chrX	35868997	9.0	RNA_siLuc	Pgrmc1	0.3490296626349087
chrX	35868998	9.0	RNA_siLuc	Pgrmc1	0.3490296626349087
chrX	35868999	9.0	RNA_siLuc	Pgrmc1	0.3490296626349087
chrX	35869000	13.0	RNA_siLuc	Pgrmc1	0.5041539571393125
chrX	35869001	13.0	RNA_siLuc	Pgrmc1	0.5041539571393125
chrX	35869002	11.0	RNA_siLuc	Pgrmc1	0.4265918098871106
chrX	35869003	11.0	RNA_siLuc	Pgrmc1	0.4265918098871106
chrX	35869004	11.0	RNA_siLuc	Pgrmc1	0.4265918098871106
chrX	35869005	11.0	RNA_siLuc	Pgrmc1	0.4265918098871106
chrX	35869006	11.0	RNA_siLuc	Pgrmc1	0.4265918098871106
chrX	35869007	14.0	RNA_siLuc	Pgrmc1	0.5429350307654135
chrX	35869008	14.0	RNA_siLuc	Pgrmc1	0.5429350307654135
chrX	35869009	14.0	RNA_siLuc	Pgrmc1	0.5429350307654135
chrX	35869010	15.0	RNA_siLuc	Pgrmc1	0.5817161043915144
chrX	35869011	15.0	RNA_siLuc	Pgrmc1	0.5817161043915144
chrX	35869012	15.0	RNA_siLuc	Pgrmc1	0.5817161043915144
chrX	35869013	15.0	RNA_siLuc	Pgrmc1	0.5817161043915144
chrX	35869014	15.0	RNA_siLuc	Pgrmc1	0.5817161043915144
chrX	35869015	12.0	RNA_siLuc	Pgrmc1	0.4653728835132116
chrX	35869016	12.0	RNA_siLuc	Pgrmc1	0.4653728835132116
chrX	35869017	12.0	RNA_siLuc	Pgrmc1	0.4653728835132116
chrX	35869018	10.0	RNA_siLuc	Pgrmc1	0.38781073626100965
chrX	35869019	10.0	RNA_siLuc	Pgrmc1	0.38781073626100965
chrX	35869020	10.0	RNA_siLuc	Pgrmc1	0.38781073626100965
chrX	35869021	9.0	RNA_siLuc	Pgrmc1	0.3490296626349087
chrX	35869022	9.0	RNA_siLuc	Pgrmc1	0.3490296626349087
chrX	35869023	9.0	RNA_siLuc	Pgrmc1	0.3490296626349087
chrX	35869024	8.0	RNA_siLuc	Pgrmc1	0.31024858900880775
chrX	35869025	8.0	RNA_siLuc	Pgrmc1	0.31024858900880775
chrX	35869026	8.0	RNA_siLuc	Pgrmc1	0.31024858900880775
chrX	35869027	8.0	RNA_siLuc	Pgrmc1	0.31024858900880775
chrX	35869028	8.0	RNA_siLuc	Pgrmc1	0.31024858900880775
chrX	35869029	8.0	RNA_siLuc	Pgrmc1	0.31024858900880775
chrX	35869030	10.0	RNA_siLuc	Pgrmc1	0.38781073626100965
chrX	35869031	10.0	RNA_siLuc	Pgrmc1	0.38781073626100965
chrX	35869032	10.0	RNA_siLuc	Pgrmc1	0.38781073626100965
chrX	35869033	10.0	RNA_siLuc	Pgrmc1	0.38781073626100965
chrX	35869034	10.0	RNA_siLuc	Pgrmc1	0.38781073626100965
chrX	35869035	10.0	RNA_siLuc	Pgrmc1	0.38781073626100965
chrX	35869036	10.0	RNA_siLuc	Pgrmc1	0.38781073626100965
chrX	35869037	10.0	RNA_siLuc	Pgrmc1	0.38781073626100965
chrX	35869038	10.0	RNA_siLuc	Pgrmc1	0.38781073626100965
chrX	35869039	10.0	RNA_siLuc	Pgrmc1	0.38781073626100965
chrX	35869040	8.0	RNA_siLuc	Pgrmc1	0.31024858900880775
chrX	35869041	8.0	RNA_siLuc	Pgrmc1	0.31024858900880775
chrX	35869042	8.0	RNA_siLuc	Pgrmc1	0.31024858900880775
chrX	35869043	6.0	RNA_siLuc	Pgrmc1	0.2326864417566058
chrX	35869044	6.0	RNA_siLuc	Pgrmc1	0.2326864417566058
chrX	35869045	5.0	RNA_siLuc	Pgrmc1	0.19390536813050482
chrX	35869046	5.0	RNA_siLuc	Pgrmc1	0.19390536813050482
chrX	35869047	5.0	RNA_siLuc	Pgrmc1	0.19390536813050482
chrX	35869048	5.0	RNA_siLuc	Pgrmc1	0.19390536813050482
chrX	35869049	5.0	RNA_siLuc	Pgrmc1	0.19390536813050482
chrX	35869050	5.0	RNA_siLuc	Pgrmc1	0.19390536813050482
chrX	35869051	5.0	RNA_siLuc	Pgrmc1	0.19390536813050482
chrX	35869052	5.0	RNA_siLuc	Pgrmc1	0.19390536813050482
chrX	35869053	5.0	RNA_siLuc	Pgrmc1	0.19390536813050482
chrX	35869054	5.0	RNA_siLuc	Pgrmc1	0.19390536813050482
chrX	35869055	5.0	RNA_siLuc	Pgrmc1	0.19390536813050482
chrX	35869056	7.0	RNA_siLuc	Pgrmc1	0.27146751538270675
chrX	35869057	7.0	RNA_siLuc	Pgrmc1	0.27146751538270675
chrX	35869058	7.0	RNA_siLuc	Pgrmc1	0.27146751538270675
chrX	35869059	7.0	RNA_siLuc	Pgrmc1	0.27146751538270675
chrX	35869060	7.0	RNA_siLuc	Pgrmc1	0.27146751538270675
chrX	35869061	7.0	RNA_siLuc	Pgrmc1	0.27146751538270675
chrX	35869062	7.0	RNA_siLuc	Pgrmc1	0.27146751538270675
chrX	35869063	7.0	RNA_siLuc	Pgrmc1	0.27146751538270675
chrX	35869064	9.0	RNA_siLuc	Pgrmc1	0.3490296626349087
chrX	35869065	9.0	RNA_siLuc	Pgrmc1	0.3490296626349087
chrX	35869066	15.0	RNA_siLuc	Pgrmc1	0.5817161043915144
chrX	35869067	15.0	RNA_siLuc	Pgrmc1	0.5817161043915144
chrX	35869068	15.0	RNA_siLuc	Pgrmc1	0.5817161043915144
chrX	35869069	15.0	RNA_siLuc	Pgrmc1	0.5817161043915144
chrX	35869070	15.0	RNA_siLuc	Pgrmc1	0.5817161043915144
chrX	35869071	15.0	RNA_siLuc	Pgrmc1	0.5817161043915144
chrX	35869072	15.0	RNA_siLuc	Pgrmc1	0.5817161043915144
chrX	35869073	15.0	RNA_siLuc	Pgrmc1	0.5817161043915144
chrX	35869074	15.0	RNA_siLuc	Pgrmc1	0.5817161043915144
chrX	35869075	15.0	RNA_siLuc	Pgrmc1	0.5817161043915144
chrX	35869076	15.0	RNA_siLuc	Pgrmc1	0.5817161043915144
chrX	35869077	15.0	RNA_siLuc	Pgrmc1	0.5817161043915144
chrX	35869078	15.0	RNA_siLuc	Pgrmc1	0.5817161043915144
chrX	35869079	15.0	RNA_siLuc	Pgrmc1	0.5817161043915144
chrX	35869080	15.0	RNA_siLuc	Pgrmc1	0.5817161043915144
chrX	35869081	15.0	RNA_siLuc	Pgrmc1	0.5817161043915144
chrX	35869082	13.0	RNA_siLuc	Pgrmc1	0.5041539571393125
chrX	35869083	10.0	RNA_siLuc	Pgrmc1	0.38781073626100965
chrX	35869084	10.0	RNA_siLuc	Pgrmc1	0.38781073626100965
chrX	35869085	10.0	RNA_siLuc	Pgrmc1	0.38781073626100965
chrX	35869086	12.0	RNA_siLuc	Pgrmc1	0.4653728835132116
chrX	35869087	12.0	RNA_siLuc	Pgrmc1	0.4653728835132116
chrX	35869088	12.0	RNA_siLuc	Pgrmc1	0.4653728835132116
chrX	35869089	12.0	RNA_siLuc	Pgrmc1	0.4653728835132116
chrX	35869090	12.0	RNA_siLuc	Pgrmc1	0.4653728835132116
chrX	35869091	12.0	RNA_siLuc	Pgrmc1	0.4653728835132116
chrX	35869092	12.0	RNA_siLuc	Pgrmc1	0.4653728835132116
chrX	35869093	13.0	RNA_siLuc	Pgrmc1	0.5041539571393125
chrX	35869094	13.0	RNA_siLuc	Pgrmc1	0.5041539571393125
chrX	35869095	13.0	RNA_siLuc	Pgrmc1	0.5041539571393125
chrX	35869096	13.0	RNA_siLuc	Pgrmc1	0.5041539571393125
chrX	35869097	13.0	RNA_siLuc	Pgrmc1	0.5041539571393125
chrX	35869098	13.0	RNA_siLuc	Pgrmc1	0.5041539571393125
chrX	35869099	13.0	RNA_siLuc	Pgrmc1	0.5041539571393125
chrX	35869100	13.0	RNA_siLuc	Pgrmc1	0.5041539571393125
chrX	35869101	13.0	RNA_siLuc	Pgrmc1	0.5041539571393125
chrX	35869102	13.0	RNA_siLuc	Pgrmc1	0.5041539571393125
chrX	35869103	13.0	RNA_siLuc	Pgrmc1	0.5041539571393125
chrX	35869104	13.0	RNA_siLuc	Pgrmc1	0.5041539571393125
chrX	35869105	13.0	RNA_siLuc	Pgrmc1	0.5041539571393125
chrX	35869106	13.0	RNA_siLuc	Pgrmc1	0.5041539571393125
chrX	35869107	11.0	RNA_siLuc	Pgrmc1	0.4265918098871106
chrX	35869108	11.0	RNA_siLuc	Pgrmc1	0.4265918098871106
chrX	35869109	11.0	RNA_siLuc	Pgrmc1	0.4265918098871106
chrX	35869110	11.0	RNA_siLuc	Pgrmc1	0.4265918098871106
chrX	35869111	5.0	RNA_siLuc	Pgrmc1	0.19390536813050482
chrX	35869112	5.0	RNA_siLuc	Pgrmc1	0.19390536813050482
chrX	35869113	3.0	RNA_siLuc	Pgrmc1	0.1163432208783029
chrX	35869114	3.0	RNA_siLuc	Pgrmc1	0.1163432208783029
chrX	35869115	3.0	RNA_siLuc	Pgrmc1	0.1163432208783029
chrX	35869116	4.0	RNA_siLuc	Pgrmc1	0.15512429450440388
chrX	35869117	4.0	RNA_siLuc	Pgrmc1	0.15512429450440388
chrX	35869118	4.0	RNA_siLuc	Pgrmc1	0.15512429450440388
chrX	35869119	4.0	RNA_siLuc	Pgrmc1	0.15512429450440388
chrX	35869120	4.0	RNA_siLuc	Pgrmc1	0.15512429450440388
chrX	35869121	7.0	RNA_siLuc	Pgrmc1	0.27146751538270675
chrX	35869122	10.0	RNA_siLuc	Pgrmc1	0.38781073626100965
chrX	35869123	10.0	RNA_siLuc	Pgrmc1	0.38781073626100965
chrX	35869124	10.0	RNA_siLuc	Pgrmc1	0.38781073626100965
chrX	35869125	10.0	RNA_siLuc	Pgrmc1	0.38781073626100965
chrX	35869126	10.0	RNA_siLuc	Pgrmc1	0.38781073626100965
chrX	35869127	10.0	RNA_siLuc	Pgrmc1	0.38781073626100965
chrX	35869128	15.0	RNA_siLuc	Pgrmc1	0.5817161043915144
chrX	35869129	15.0	RNA_siLuc	Pgrmc1	0.5817161043915144
chrX	35869130	15.0	RNA_siLuc	Pgrmc1	0.5817161043915144
chrX	35869131	15.0	RNA_siLuc	Pgrmc1	0.5817161043915144
chrX	35869132	15.0	RNA_siLuc	Pgrmc1	0.5817161043915144
chrX	35869133	15.0	RNA_siLuc	Pgrmc1	0.5817161043915144
chrX	35869134	15.0	RNA_siLuc	Pgrmc1	0.5817161043915144
chrX	35869135	15.0	RNA_siLuc	Pgrmc1	0.5817161043915144
chrX	35869136	14.0	RNA_siLuc	Pgrmc1	0.5429350307654135
chrX	35869137	14.0	RNA_siLuc	Pgrmc1	0.5429350307654135
chrX	35869138	14.0	RNA_siLuc	Pgrmc1	0.5429350307654135
chrX	35869139	14.0	RNA_siLuc	Pgrmc1	0.5429350307654135
chrX	35869140	14.0	RNA_siLuc	Pgrmc1	0.5429350307654135
chrX	35869141	14.0	RNA_siLuc	Pgrmc1	0.5429350307654135
chrX	35869142	14.0	RNA_siLuc	Pgrmc1	0.5429350307654135
chrX	35869143	14.0	RNA_siLuc	Pgrmc1	0.5429350307654135
chrX	35869144	14.0	RNA_siLuc	Pgrmc1	0.5429350307654135
chrX	35869145	14.0	RNA_siLuc	Pgrmc1	0.5429350307654135
chrX	35869146	14.0	RNA_siLuc	Pgrmc1	0.5429350307654135
chrX	35869147	14.0	RNA_siLuc	Pgrmc1	0.5429350307654135
chrX	35869148	14.0	RNA_siLuc	Pgrmc1	0.5429350307654135
chrX	35869149	14.0	RNA_siLuc	Pgrmc1	0.5429350307654135
chrX	35869150	14.0	RNA_siLuc	Pgrmc1	0.5429350307654135
chrX	35869151	14.0	RNA_siLuc	Pgrmc1	0.5429350307654135
chrX	35869152	14.0	RNA_siLuc	Pgrmc1	0.5429350307654135
chrX	35869153	13.0	RNA_siLuc	Pgrmc1	0.5041539571393125
chrX	35869154	13.0	RNA_siLuc	Pgrmc1	0.5041539571393125
chrX	35869155	13.0	RNA_siLuc	Pgrmc1	0.5041539571393125
chrX	35869156	13.0	RNA_siLuc	Pgrmc1	0.5041539571393125
chrX	35869157	13.0	RNA_siLuc	Pgrmc1	0.5041539571393125
chrX	35869158	16.0	RNA_siLuc	Pgrmc1	0.6204971780176155
chrX	35869159	16.0	RNA_siLuc	Pgrmc1	0.6204971780176155
chrX	35869160	16.0	RNA_siLuc	Pgrmc1	0.6204971780176155
chrX	35869161	16.0	RNA_siLuc	Pgrmc1	0.6204971780176155
chrX	35869162	16.0	RNA_siLuc	Pgrmc1	0.6204971780176155
chrX	35869163	16.0	RNA_siLuc	Pgrmc1	0.6204971780176155
chrX	35869164	16.0	RNA_siLuc	Pgrmc1	0.6204971780176155
chrX	35869165	16.0	RNA_siLuc	Pgrmc1	0.6204971780176155
chrX	35869166	8.0	RNA_siLuc	Pgrmc1	0.31024858900880775
chrX	35869167	11.0	RNA_siLuc	Pgrmc1	0.4265918098871106
chrX	35869168	11.0	RNA_siLuc	Pgrmc1	0.4265918098871106
chrX	35869169	11.0	RNA_siLuc	Pgrmc1	0.4265918098871106
chrX	35869170	11.0	RNA_siLuc	Pgrmc1	0.4265918098871106
chrX	35869171	11.0	RNA_siLuc	Pgrmc1	0.4265918098871106
chrX	35869172	11.0	RNA_siLuc	Pgrmc1	0.4265918098871106
chrX	35869173	15.0	RNA_siLuc	Pgrmc1	0.5817161043915144
chrX	35869174	24.0	RNA_siLuc	Pgrmc1	0.9307457670264232
chrX	35869175	24.0	RNA_siLuc	Pgrmc1	0.9307457670264232
chrX	35869176	24.0	RNA_siLuc	Pgrmc1	0.9307457670264232
chrX	35869177	27.0	RNA_siLuc	Pgrmc1	1.047088987904726
chrX	35869178	27.0	RNA_siLuc	Pgrmc1	1.047088987904726
chrX	35869179	27.0	RNA_siLuc	Pgrmc1	1.047088987904726
chrX	35869180	27.0	RNA_siLuc	Pgrmc1	1.047088987904726
chrX	35869181	29.0	RNA_siLuc	Pgrmc1	1.124651135156928
chrX	35869182	29.0	RNA_siLuc	Pgrmc1	1.124651135156928
chrX	35869183	29.0	RNA_siLuc	Pgrmc1	1.124651135156928
chrX	35869184	34.0	RNA_siLuc	Pgrmc1	1.318556503287433
chrX	35869185	34.0	RNA_siLuc	Pgrmc1	1.318556503287433
chrX	35869186	34.0	RNA_siLuc	Pgrmc1	1.318556503287433
chrX	35869187	37.0	RNA_siLuc	Pgrmc1	1.4348997241657357
chrX	35869188	41.0	RNA_siLuc	Pgrmc1	1.5900240186701395
chrX	35869189	41.0	RNA_siLuc	Pgrmc1	1.5900240186701395
chrX	35869190	46.0	RNA_siLuc	Pgrmc1	1.7839293868006445
chrX	35869191	47.0	RNA_siLuc	Pgrmc1	1.8227104604267454
chrX	35869192	47.0	RNA_siLuc	Pgrmc1	1.8227104604267454
chrX	35869193	47.0	RNA_siLuc	Pgrmc1	1.8227104604267454
chrX	35869194	47.0	RNA_siLuc	Pgrmc1	1.8227104604267454
chrX	35869195	47.0	RNA_siLuc	Pgrmc1	1.8227104604267454
chrX	35869196	47.0	RNA_siLuc	Pgrmc1	1.8227104604267454
chrX	35869197	47.0	RNA_siLuc	Pgrmc1	1.8227104604267454
chrX	35869198	51.0	RNA_siLuc	Pgrmc1	1.9778347549311492
chrX	35869199	57.0	RNA_siLuc	Pgrmc1	2.210521196687755
chrX	35869200	58.0	RNA_siLuc	Pgrmc1	2.249302270313856
chrX	35869201	61.0	RNA_siLuc	Pgrmc1	2.3656454911921587
chrX	35869202	61.0	RNA_siLuc	Pgrmc1	2.3656454911921587
chrX	35869203	66.0	RNA_siLuc	Pgrmc1	2.559550859322664
chrX	35869204	68.0	RNA_siLuc	Pgrmc1	2.637113006574866
chrX	35869205	70.0	RNA_siLuc	Pgrmc1	2.7146751538270677
chrX	35869206	70.0	RNA_siLuc	Pgrmc1	2.7146751538270677
chrX	35869207	73.0	RNA_siLuc	Pgrmc1	2.8310183747053705
chrX	35869208	75.0	RNA_siLuc	Pgrmc1	2.9085805219575724
chrX	35869209	75.0	RNA_siLuc	Pgrmc1	2.9085805219575724
chrX	35869210	75.0	RNA_siLuc	Pgrmc1	2.9085805219575724
chrX	35869211	71.0	RNA_siLuc	Pgrmc1	2.7534562274531686
chrX	35869212	62.0	RNA_siLuc	Pgrmc1	2.4044265648182597
chrX	35869213	65.0	RNA_siLuc	Pgrmc1	2.520769785696563
chrX	35869214	65.0	RNA_siLuc	Pgrmc1	2.520769785696563
chrX	35869215	67.0	RNA_siLuc	Pgrmc1	2.598331932948765
chrX	35869216	68.0	RNA_siLuc	Pgrmc1	2.637113006574866
chrX	35869217	69.0	RNA_siLuc	Pgrmc1	2.6758940802009668
chrX	35869218	70.0	RNA_siLuc	Pgrmc1	2.7146751538270677
chrX	35869219	70.0	RNA_siLuc	Pgrmc1	2.7146751538270677
chrX	35869220	75.0	RNA_siLuc	Pgrmc1	2.9085805219575724
chrX	35869221	75.0	RNA_siLuc	Pgrmc1	2.9085805219575724
chrX	35869222	77.0	RNA_siLuc	Pgrmc1	2.9861426692097743
chrX	35869223	77.0	RNA_siLuc	Pgrmc1	2.9861426692097743
chrX	35869224	77.0	RNA_siLuc	Pgrmc1	2.9861426692097743
chrX	35869225	72.0	RNA_siLuc	Pgrmc1	2.7922373010792696
chrX	35869226	66.0	RNA_siLuc	Pgrmc1	2.559550859322664
chrX	35869227	66.0	RNA_siLuc	Pgrmc1	2.559550859322664
chrX	35869228	66.0	RNA_siLuc	Pgrmc1	2.559550859322664
chrX	35869229	62.0	RNA_siLuc	Pgrmc1	2.4044265648182597
chrX	35869230	64.0	RNA_siLuc	Pgrmc1	2.481988712070462
chrX	35869231	60.0	RNA_siLuc	Pgrmc1	2.3268644175660578
chrX	35869232	55.0	RNA_siLuc	Pgrmc1	2.132959049435553
chrX	35869233	55.0	RNA_siLuc	Pgrmc1	2.132959049435553
chrX	35869234	55.0	RNA_siLuc	Pgrmc1	2.132959049435553
chrX	35869235	53.0	RNA_siLuc	Pgrmc1	2.055396902183351
chrX	35869236	51.0	RNA_siLuc	Pgrmc1	1.9778347549311492
chrX	35869237	51.0	RNA_siLuc	Pgrmc1	1.9778347549311492
chrX	35869238	51.0	RNA_siLuc	Pgrmc1	1.9778347549311492
chrX	35869239	51.0	RNA_siLuc	Pgrmc1	1.9778347549311492
chrX	35869240	51.0	RNA_siLuc	Pgrmc1	1.9778347549311492
chrX	35869241	47.0	RNA_siLuc	Pgrmc1	1.8227104604267454
chrX	35869242	42.0	RNA_siLuc	Pgrmc1	1.6288050922962405
chrX	35869243	40.0	RNA_siLuc	Pgrmc1	1.5512429450440386
chrX	35869244	40.0	RNA_siLuc	Pgrmc1	1.5512429450440386
chrX	35869245	40.0	RNA_siLuc	Pgrmc1	1.5512429450440386
chrX	35869246	40.0	RNA_siLuc	Pgrmc1	1.5512429450440386
chrX	35869247	35.0	RNA_siLuc	Pgrmc1	1.3573375769135338
chrX	35869248	35.0	RNA_siLuc	Pgrmc1	1.3573375769135338
chrX	35869249	35.0	RNA_siLuc	Pgrmc1	1.3573375769135338
chrX	35869250	30.0	RNA_siLuc	Pgrmc1	1.1634322087830289
chrX	35869251	30.0	RNA_siLuc	Pgrmc1	1.1634322087830289
chrX	35869252	24.0	RNA_siLuc	Pgrmc1	0.9307457670264232
chrX	35869253	24.0	RNA_siLuc	Pgrmc1	0.9307457670264232
chrX	35869254	23.0	RNA_siLuc	Pgrmc1	0.8919646934003223
chrX	35869255	21.0	RNA_siLuc	Pgrmc1	0.8144025461481202
chrX	35869256	17.0	RNA_siLuc	Pgrmc1	0.6592782516437165
chrX	35869257	17.0	RNA_siLuc	Pgrmc1	0.6592782516437165
chrX	35869258	12.0	RNA_siLuc	Pgrmc1	0.4653728835132116
chrX	35869259	7.0	RNA_siLuc	Pgrmc1	0.27146751538270675
chrX	35869260	5.0	RNA_siLuc	Pgrmc1	0.19390536813050482
chrX	35869261	5.0	RNA_siLuc	Pgrmc1	0.19390536813050482
chrX	35869262	5.0	RNA_siLuc	Pgrmc1	0.19390536813050482
chrX	35869263	5.0	RNA_siLuc	Pgrmc1	0.19390536813050482
chrX	35869264	5.0	RNA_siLuc	Pgrmc1	0.19390536813050482
chrX	35869265	5.0	RNA_siLuc	Pgrmc1	0.19390536813050482
chrX	35869266	9.0	RNA_siLuc	Pgrmc1	0.3490296626349087
chrX	35869267	14.0	RNA_siLuc	Pgrmc1	0.5429350307654135
chrX	35869268	14.0	RNA_siLuc	Pgrmc1	0.5429350307654135
chrX	35869269	13.0	RNA_siLuc	Pgrmc1	0.5041539571393125
chrX	35869270	18.0	RNA_siLuc	Pgrmc1	0.6980593252698174
chrX	35869271	17.0	RNA_siLuc	Pgrmc1	0.6592782516437165
chrX	35869272	17.0	RNA_siLuc	Pgrmc1	0.6592782516437165
chrX	35869273	17.0	RNA_siLuc	Pgrmc1	0.6592782516437165
chrX	35869274	23.0	RNA_siLuc	Pgrmc1	0.8919646934003223
chrX	35869275	23.0	RNA_siLuc	Pgrmc1	0.8919646934003223
chrX	35869276	23.0	RNA_siLuc	Pgrmc1	0.8919646934003223
chrX	35869277	28.0	RNA_siLuc	Pgrmc1	1.085870061530827
chrX	35869278	34.0	RNA_siLuc	Pgrmc1	1.318556503287433
chrX	35869279	34.0	RNA_siLuc	Pgrmc1	1.318556503287433
chrX	35869280	33.0	RNA_siLuc	Pgrmc1	1.279775429661332
chrX	35869281	33.0	RNA_siLuc	Pgrmc1	1.279775429661332
chrX	35869282	34.0	RNA_siLuc	Pgrmc1	1.318556503287433
chrX	35869283	36.0	RNA_siLuc	Pgrmc1	1.3961186505396348
chrX	35869284	39.0	RNA_siLuc	Pgrmc1	1.5124618714179376
chrX	35869285	39.0	RNA_siLuc	Pgrmc1	1.5124618714179376
chrX	35869286	39.0	RNA_siLuc	Pgrmc1	1.5124618714179376
chrX	35869287	40.0	RNA_siLuc	Pgrmc1	1.5512429450440386
chrX	35869288	40.0	RNA_siLuc	Pgrmc1	1.5512429450440386
chrX	35869289	40.0	RNA_siLuc	Pgrmc1	1.5512429450440386
chrX	35869290	40.0	RNA_siLuc	Pgrmc1	1.5512429450440386
chrX	35869291	40.0	RNA_siLuc	Pgrmc1	1.5512429450440386
chrX	35869292	40.0	RNA_siLuc	Pgrmc1	1.5512429450440386
chrX	35869293	43.0	RNA_siLuc	Pgrmc1	1.6675861659223414
chrX	35869294	47.0	RNA_siLuc	Pgrmc1	1.8227104604267454
chrX	35869295	47.0	RNA_siLuc	Pgrmc1	1.8227104604267454
chrX	35869296	47.0	RNA_siLuc	Pgrmc1	1.8227104604267454
chrX	35869297	47.0	RNA_siLuc	Pgrmc1	1.8227104604267454
chrX	35869298	47.0	RNA_siLuc	Pgrmc1	1.8227104604267454
chrX	35869299	47.0	RNA_siLuc	Pgrmc1	1.8227104604267454
chrX	35869300	47.0	RNA_siLuc	Pgrmc1	1.8227104604267454
chrX	35869301	47.0	RNA_siLuc	Pgrmc1	1.8227104604267454
chrX	35869302	47.0	RNA_siLuc	Pgrmc1	1.8227104604267454
chrX	35869303	47.0	RNA_siLuc	Pgrmc1	1.8227104604267454
chrX	35869304	47.0	RNA_siLuc	Pgrmc1	1.8227104604267454
chrX	35869305	47.0	RNA_siLuc	Pgrmc1	1.8227104604267454
chrX	35869306	47.0	RNA_siLuc	Pgrmc1	1.8227104604267454
chrX	35869307	42.0	RNA_siLuc	Pgrmc1	1.6288050922962405
chrX	35869308	42.0	RNA_siLuc	Pgrmc1	1.6288050922962405
chrX	35869309	44.0	RNA_siLuc	Pgrmc1	1.7063672395484424
chrX	35869310	44.0	RNA_siLuc	Pgrmc1	1.7063672395484424
chrX	35869311	44.0	RNA_siLuc	Pgrmc1	1.7063672395484424
chrX	35869312	44.0	RNA_siLuc	Pgrmc1	1.7063672395484424
chrX	35869313	44.0	RNA_siLuc	Pgrmc1	1.7063672395484424
chrX	35869314	42.0	RNA_siLuc	Pgrmc1	1.6288050922962405
chrX	35869315	40.0	RNA_siLuc	Pgrmc1	1.5512429450440386
chrX	35869316	39.0	RNA_siLuc	Pgrmc1	1.5124618714179376
chrX	35869317	39.0	RNA_siLuc	Pgrmc1	1.5124618714179376
chrX	35869318	37.0	RNA_siLuc	Pgrmc1	1.4348997241657357
chrX	35869319	31.0	RNA_siLuc	Pgrmc1	1.2022132824091298
chrX	35869320	31.0	RNA_siLuc	Pgrmc1	1.2022132824091298
chrX	35869321	28.0	RNA_siLuc	Pgrmc1	1.085870061530827
chrX	35869322	32.0	RNA_siLuc	Pgrmc1	1.240994356035231
chrX	35869323	33.0	RNA_siLuc	Pgrmc1	1.279775429661332
chrX	35869324	34.0	RNA_siLuc	Pgrmc1	1.318556503287433
chrX	35869325	34.0	RNA_siLuc	Pgrmc1	1.318556503287433
chrX	35869326	34.0	RNA_siLuc	Pgrmc1	1.318556503287433
chrX	35869327	32.0	RNA_siLuc	Pgrmc1	1.240994356035231
chrX	35869328	32.0	RNA_siLuc	Pgrmc1	1.240994356035231
chrX	35869329	32.0	RNA_siLuc	Pgrmc1	1.240994356035231
chrX	35869330	32.0	RNA_siLuc	Pgrmc1	1.240994356035231
chrX	35869331	30.0	RNA_siLuc	Pgrmc1	1.1634322087830289
chrX	35869332	29.0	RNA_siLuc	Pgrmc1	1.124651135156928
chrX	35869333	29.0	RNA_siLuc	Pgrmc1	1.124651135156928
chrX	35869334	28.0	RNA_siLuc	Pgrmc1	1.085870061530827
chrX	35869335	24.0	RNA_siLuc	Pgrmc1	0.9307457670264232
chrX	35869336	24.0	RNA_siLuc	Pgrmc1	0.9307457670264232
chrX	35869337	24.0	RNA_siLuc	Pgrmc1	0.9307457670264232
chrX	35869338	23.0	RNA_siLuc	Pgrmc1	0.8919646934003223
chrX	35869339	22.0	RNA_siLuc	Pgrmc1	0.8531836197742212
chrX	35869340	22.0	RNA_siLuc	Pgrmc1	0.8531836197742212
chrX	35869341	22.0	RNA_siLuc	Pgrmc1	0.8531836197742212
chrX	35869342	22.0	RNA_siLuc	Pgrmc1	0.8531836197742212
chrX	35869343	22.0	RNA_siLuc	Pgrmc1	0.8531836197742212
chrX	35869344	22.0	RNA_siLuc	Pgrmc1	0.8531836197742212
chrX	35869345	22.0	RNA_siLuc	Pgrmc1	0.8531836197742212
chrX	35869346	22.0	RNA_siLuc	Pgrmc1	0.8531836197742212
chrX	35869347	19.0	RNA_siLuc	Pgrmc1	0.7368403988959183
chrX	35869348	19.0	RNA_siLuc	Pgrmc1	0.7368403988959183
chrX	35869349	23.0	RNA_siLuc	Pgrmc1	0.8919646934003223
chrX	35869350	23.0	RNA_siLuc	Pgrmc1	0.8919646934003223
chrX	35869351	23.0	RNA_siLuc	Pgrmc1	0.8919646934003223
chrX	35869352	23.0	RNA_siLuc	Pgrmc1	0.8919646934003223
chrX	35869353	23.0	RNA_siLuc	Pgrmc1	0.8919646934003223
chrX	35869354	23.0	RNA_siLuc	Pgrmc1	0.8919646934003223
chrX	35869355	25.0	RNA_siLuc	Pgrmc1	0.9695268406525241
chrX	35869356	25.0	RNA_siLuc	Pgrmc1	0.9695268406525241
chrX	35869357	25.0	RNA_siLuc	Pgrmc1	0.9695268406525241
chrX	35869358	25.0	RNA_siLuc	Pgrmc1	0.9695268406525241
chrX	35869359	26.0	RNA_siLuc	Pgrmc1	1.008307914278625
chrX	35869360	26.0	RNA_siLuc	Pgrmc1	1.008307914278625
chrX	35869361	26.0	RNA_siLuc	Pgrmc1	1.008307914278625
chrX	35869362	26.0	RNA_siLuc	Pgrmc1	1.008307914278625
chrX	35869363	25.0	RNA_siLuc	Pgrmc1	0.9695268406525241
chrX	35869364	25.0	RNA_siLuc	Pgrmc1	0.9695268406525241
chrX	35869365	25.0	RNA_siLuc	Pgrmc1	0.9695268406525241
chrX	35869366	21.0	RNA_siLuc	Pgrmc1	0.8144025461481202
chrX	35869367	24.0	RNA_siLuc	Pgrmc1	0.9307457670264232
chrX	35869368	23.0	RNA_siLuc	Pgrmc1	0.8919646934003223
chrX	35869369	23.0	RNA_siLuc	Pgrmc1	0.8919646934003223
chrX	35869370	18.0	RNA_siLuc	Pgrmc1	0.6980593252698174
chrX	35869371	17.0	RNA_siLuc	Pgrmc1	0.6592782516437165
chrX	35869372	17.0	RNA_siLuc	Pgrmc1	0.6592782516437165
chrX	35869373	17.0	RNA_siLuc	Pgrmc1	0.6592782516437165
chrX	35869374	17.0	RNA_siLuc	Pgrmc1	0.6592782516437165
chrX	35869375	17.0	RNA_siLuc	Pgrmc1	0.6592782516437165
chrX	35869376	21.0	RNA_siLuc	Pgrmc1	0.8144025461481202
chrX	35869377	21.0	RNA_siLuc	Pgrmc1	0.8144025461481202
chrX	35869378	19.0	RNA_siLuc	Pgrmc1	0.7368403988959183
chrX	35869379	19.0	RNA_siLuc	Pgrmc1	0.7368403988959183
chrX	35869380	19.0	RNA_siLuc	Pgrmc1	0.7368403988959183
chrX	35869381	19.0	RNA_siLuc	Pgrmc1	0.7368403988959183
chrX	35869382	19.0	RNA_siLuc	Pgrmc1	0.7368403988959183
chrX	35869383	19.0	RNA_siLuc	Pgrmc1	0.7368403988959183
chrX	35869384	19.0	RNA_siLuc	Pgrmc1	0.7368403988959183
chrX	35869385	19.0	RNA_siLuc	Pgrmc1	0.7368403988959183
chrX	35869386	19.0	RNA_siLuc	Pgrmc1	0.7368403988959183
chrX	35869387	19.0	RNA_siLuc	Pgrmc1	0.7368403988959183
chrX	35869388	19.0	RNA_siLuc	Pgrmc1	0.7368403988959183
chrX	35869389	19.0	RNA_siLuc	Pgrmc1	0.7368403988959183
chrX	35869390	19.0	RNA_siLuc	Pgrmc1	0.7368403988959183
chrX	35869391	19.0	RNA_siLuc	Pgrmc1	0.7368403988959183
chrX	35869392	19.0	RNA_siLuc	Pgrmc1	0.7368403988959183
chrX	35869393	19.0	RNA_siLuc	Pgrmc1	0.7368403988959183
chrX	35869394	19.0	RNA_siLuc	Pgrmc1	0.7368403988959183
chrX	35869395	19.0	RNA_siLuc	Pgrmc1	0.7368403988959183
chrX	35869396	21.0	RNA_siLuc	Pgrmc1	0.8144025461481202
chrX	35869397	21.0	RNA_siLuc	Pgrmc1	0.8144025461481202
chrX	35869398	14.0	RNA_siLuc	Pgrmc1	0.5429350307654135
chrX	35869399	14.0	RNA_siLuc	Pgrmc1	0.5429350307654135
chrX	35869400	13.0	RNA_siLuc	Pgrmc1	0.5041539571393125
chrX	35869401	13.0	RNA_siLuc	Pgrmc1	0.5041539571393125
chrX	35869402	13.0	RNA_siLuc	Pgrmc1	0.5041539571393125
chrX	35869403	13.0	RNA_siLuc	Pgrmc1	0.5041539571393125
chrX	35869404	6.0	RNA_siLuc	Pgrmc1	0.2326864417566058
chrX	35869405	6.0	RNA_siLuc	Pgrmc1	0.2326864417566058
chrX	35869406	6.0	RNA_siLuc	Pgrmc1	0.2326864417566058
chrX	35869407	6.0	RNA_siLuc	Pgrmc1	0.2326864417566058
chrX	35869408	6.0	RNA_siLuc	Pgrmc1	0.2326864417566058
chrX	35869409	6.0	RNA_siLuc	Pgrmc1	0.2326864417566058
chrX	35869410	6.0	RNA_siLuc	Pgrmc1	0.2326864417566058
chrX	35869411	6.0	RNA_siLuc	Pgrmc1	0.2326864417566058
chrX	35869412	6.0	RNA_siLuc	Pgrmc1	0.2326864417566058
chrX	35869413	6.0	RNA_siLuc	Pgrmc1	0.2326864417566058
chrX	35869414	6.0	RNA_siLuc	Pgrmc1	0.2326864417566058
chrX	35869415	6.0	RNA_siLuc	Pgrmc1	0.2326864417566058
chrX	35869416	6.0	RNA_siLuc	Pgrmc1	0.2326864417566058
chrX	35869417	6.0	RNA_siLuc	Pgrmc1	0.2326864417566058
chrX	35869418	6.0	RNA_siLuc	Pgrmc1	0.2326864417566058
chrX	35869419	6.0	RNA_siLuc	Pgrmc1	0.2326864417566058
chrX	35869420	2.0	RNA_siLuc	Pgrmc1	0.07756214725220194
chrX	35869421	2.0	RNA_siLuc	Pgrmc1	0.07756214725220194
chrX	35869422	2.0	RNA_siLuc	Pgrmc1	0.07756214725220194
chrX	35869423	2.0	RNA_siLuc	Pgrmc1	0.07756214725220194
chrX	35869424	2.0	RNA_siLuc	Pgrmc1	0.07756214725220194
chrX	35869425	2.0	RNA_siLuc	Pgrmc1	0.07756214725220194
chrX	35869426	2.0	RNA_siLuc	Pgrmc1	0.07756214725220194
chrX	35869427	2.0	RNA_siLuc	Pgrmc1	0.07756214725220194
chrX	35869428	2.0	RNA_siLuc	Pgrmc1	0.07756214725220194
chrX	35869429	2.0	RNA_siLuc	Pgrmc1	0.07756214725220194
chrX	35869430	2.0	RNA_siLuc	Pgrmc1	0.07756214725220194
chrX	35869431	2.0	RNA_siLuc	Pgrmc1	0.07756214725220194
chrX	35869432	2.0	RNA_siLuc	Pgrmc1	0.07756214725220194
chrX	35869433	2.0	RNA_siLuc	Pgrmc1	0.07756214725220194
chrX	35869434	0.0	RNA_siLuc	Pgrmc1	0.0
chrX	35869435	0.0	RNA_siLuc	Pgrmc1	0.0
chrX	35869436	0.0	RNA_siLuc	Pgrmc1	0.0
chrX	35869437	0.0	RNA_siLuc	Pgrmc1	0.0
chrX	35869438	0.0	RNA_siLuc	Pgrmc1	0.0
chrX	35869439	0.0	RNA_siLuc	Pgrmc1	0.0
chrX	35869440	0.0	RNA_siLuc	Pgrmc1	0.0
chrX	35869441	0.0	RNA_siLuc	Pgrmc1	0.0
chrX	35869442	0.0	RNA_siLuc	Pgrmc1	0.0
chrX	35869443	0.0	RNA_siLuc	Pgrmc1	0.0
chrX	35869444	0.0	RNA_siLuc	Pgrmc1	0.0
chrX	35869445	0.0	RNA_siLuc	Pgrmc1	0.0
chrX	35869446	0.0	RNA_siLuc	Pgrmc1	0.0
chrX	35869447	0.0	RNA_siLuc	Pgrmc1	0.0
chrX	35869448	0.0	RNA_siLuc	Pgrmc1	0.0
chrX	35869449	0.0	RNA_siLuc	Pgrmc1	0.0
chrX	35869450	0.0	RNA_siLuc	Pgrmc1	0.0
chrX	35869451	0.0	RNA_siLuc	Pgrmc1	0.0
chrX	35869452	3.0	RNA_siLuc	Pgrmc1	0.1163432208783029
chrX	35869453	3.0	RNA_siLuc	Pgrmc1	0.1163432208783029
chrX	35869454	3.0	RNA_siLuc	Pgrmc1	0.1163432208783029
chrX	35869455	3.0	RNA_siLuc	Pgrmc1	0.1163432208783029
chrX	35869456	3.0	RNA_siLuc	Pgrmc1	0.1163432208783029
chrX	35869457	3.0	RNA_siLuc	Pgrmc1	0.1163432208783029
chrX	35869458	3.0	RNA_siLuc	Pgrmc1	0.1163432208783029
chrX	35869459	3.0	RNA_siLuc	Pgrmc1	0.1163432208783029
chrX	35869460	3.0	RNA_siLuc	Pgrmc1	0.1163432208783029
chrX	35869461	3.0	RNA_siLuc	Pgrmc1	0.1163432208783029
chrX	35869462	3.0	RNA_siLuc	Pgrmc1	0.1163432208783029
chrX	35869463	3.0	RNA_siLuc	Pgrmc1	0.1163432208783029
chrX	35869464	3.0	RNA_siLuc	Pgrmc1	0.1163432208783029
chrX	35869465	3.0	RNA_siLuc	Pgrmc1	0.1163432208783029
chrX	35869466	3.0	RNA_siLuc	Pgrmc1	0.1163432208783029
chrX	35869467	4.0	RNA_siLuc	Pgrmc1	0.15512429450440388
chrX	35869468	4.0	RNA_siLuc	Pgrmc1	0.15512429450440388
chrX	35869469	4.0	RNA_siLuc	Pgrmc1	0.15512429450440388
chrX	35869470	4.0	RNA_siLuc	Pgrmc1	0.15512429450440388
chrX	35869471	4.0	RNA_siLuc	Pgrmc1	0.15512429450440388
chrX	35869472	4.0	RNA_siLuc	Pgrmc1	0.15512429450440388
chrX	35869473	4.0	RNA_siLuc	Pgrmc1	0.15512429450440388
chrX	35869474	4.0	RNA_siLuc	Pgrmc1	0.15512429450440388
chrX	35869475	4.0	RNA_siLuc	Pgrmc1	0.15512429450440388
chrX	35869476	5.0	RNA_siLuc	Pgrmc1	0.19390536813050482
chrX	35869477	7.0	RNA_siLuc	Pgrmc1	0.27146751538270675
chrX	35869478	7.0	RNA_siLuc	Pgrmc1	0.27146751538270675
chrX	35869479	7.0	RNA_siLuc	Pgrmc1	0.27146751538270675
chrX	35869480	8.0	RNA_siLuc	Pgrmc1	0.31024858900880775
chrX	35869481	10.0	RNA_siLuc	Pgrmc1	0.38781073626100965
chrX	35869482	10.0	RNA_siLuc	Pgrmc1	0.38781073626100965
chrX	35869483	10.0	RNA_siLuc	Pgrmc1	0.38781073626100965
chrX	35869484	12.0	RNA_siLuc	Pgrmc1	0.4653728835132116
chrX	35869485	12.0	RNA_siLuc	Pgrmc1	0.4653728835132116
chrX	35869486	12.0	RNA_siLuc	Pgrmc1	0.4653728835132116
chrX	35869487	13.0	RNA_siLuc	Pgrmc1	0.5041539571393125
chrX	35869488	15.0	RNA_siLuc	Pgrmc1	0.5817161043915144
chrX	35869489	16.0	RNA_siLuc	Pgrmc1	0.6204971780176155
chrX	35869490	16.0	RNA_siLuc	Pgrmc1	0.6204971780176155
chrX	35869491	16.0	RNA_siLuc	Pgrmc1	0.6204971780176155
chrX	35869492	16.0	RNA_siLuc	Pgrmc1	0.6204971780176155
chrX	35869493	16.0	RNA_siLuc	Pgrmc1	0.6204971780176155
chrX	35869494	16.0	RNA_siLuc	Pgrmc1	0.6204971780176155
chrX	35869495	18.0	RNA_siLuc	Pgrmc1	0.6980593252698174
chrX	35869496	18.0	RNA_siLuc	Pgrmc1	0.6980593252698174
chrX	35869497	18.0	RNA_siLuc	Pgrmc1	0.6980593252698174
chrX	35869498	18.0	RNA_siLuc	Pgrmc1	0.6980593252698174
chrX	35869499	18.0	RNA_siLuc	Pgrmc1	0.6980593252698174
chrX	35869500	18.0	RNA_siLuc	Pgrmc1	0.6980593252698174
chrX	35869501	18.0	RNA_siLuc	Pgrmc1	0.6980593252698174
chrX	35869502	18.0	RNA_siLuc	Pgrmc1	0.6980593252698174
chrX	35869503	18.0	RNA_siLuc	Pgrmc1	0.6980593252698174
chrX	35869504	18.0	RNA_siLuc	Pgrmc1	0.6980593252698174
chrX	35869505	18.0	RNA_siLuc	Pgrmc1	0.6980593252698174
chrX	35869506	15.0	RNA_siLuc	Pgrmc1	0.5817161043915144
chrX	35869507	15.0	RNA_siLuc	Pgrmc1	0.5817161043915144
chrX	35869508	15.0	RNA_siLuc	Pgrmc1	0.5817161043915144
chrX	35869509	15.0	RNA_siLuc	Pgrmc1	0.5817161043915144
chrX	35869510	15.0	RNA_siLuc	Pgrmc1	0.5817161043915144
chrX	35869511	15.0	RNA_siLuc	Pgrmc1	0.5817161043915144
chrX	35869512	15.0	RNA_siLuc	Pgrmc1	0.5817161043915144
chrX	35869513	15.0	RNA_siLuc	Pgrmc1	0.5817161043915144
chrX	35869514	15.0	RNA_siLuc	Pgrmc1	0.5817161043915144
chrX	35869515	15.0	RNA_siLuc	Pgrmc1	0.5817161043915144
chrX	35869516	14.0	RNA_siLuc	Pgrmc1	0.5429350307654135
chrX	35869517	15.0	RNA_siLuc	Pgrmc1	0.5817161043915144
chrX	35869518	14.0	RNA_siLuc	Pgrmc1	0.5429350307654135
chrX	35869519	14.0	RNA_siLuc	Pgrmc1	0.5429350307654135
chrX	35869520	14.0	RNA_siLuc	Pgrmc1	0.5429350307654135
chrX	35869521	14.0	RNA_siLuc	Pgrmc1	0.5429350307654135
chrX	35869522	16.0	RNA_siLuc	Pgrmc1	0.6204971780176155
chrX	35869523	14.0	RNA_siLuc	Pgrmc1	0.5429350307654135
chrX	35869524	14.0	RNA_siLuc	Pgrmc1	0.5429350307654135
chrX	35869525	14.0	RNA_siLuc	Pgrmc1	0.5429350307654135
chrX	35869526	14.0	RNA_siLuc	Pgrmc1	0.5429350307654135
chrX	35869527	13.0	RNA_siLuc	Pgrmc1	0.5041539571393125
chrX	35869528	13.0	RNA_siLuc	Pgrmc1	0.5041539571393125
chrX	35869529	12.0	RNA_siLuc	Pgrmc1	0.4653728835132116
chrX	35869530	9.0	RNA_siLuc	Pgrmc1	0.3490296626349087
chrX	35869531	9.0	RNA_siLuc	Pgrmc1	0.3490296626349087
chrX	35869532	7.0	RNA_siLuc	Pgrmc1	0.27146751538270675
chrX	35869533	13.0	RNA_siLuc	Pgrmc1	0.5041539571393125
chrX	35869534	13.0	RNA_siLuc	Pgrmc1	0.5041539571393125
chrX	35869535	12.0	RNA_siLuc	Pgrmc1	0.4653728835132116
chrX	35869536	12.0	RNA_siLuc	Pgrmc1	0.4653728835132116
chrX	35869537	16.0	RNA_siLuc	Pgrmc1	0.6204971780176155
chrX	35869538	14.0	RNA_siLuc	Pgrmc1	0.5429350307654135
chrX	35869539	17.0	RNA_siLuc	Pgrmc1	0.6592782516437165
chrX	35869540	17.0	RNA_siLuc	Pgrmc1	0.6592782516437165
chrX	35869541	17.0	RNA_siLuc	Pgrmc1	0.6592782516437165
chrX	35869542	17.0	RNA_siLuc	Pgrmc1	0.6592782516437165
chrX	35869543	19.0	RNA_siLuc	Pgrmc1	0.7368403988959183
chrX	35869544	19.0	RNA_siLuc	Pgrmc1	0.7368403988959183
chrX	35869545	19.0	RNA_siLuc	Pgrmc1	0.7368403988959183
chrX	35869546	19.0	RNA_siLuc	Pgrmc1	0.7368403988959183
chrX	35869547	20.0	RNA_siLuc	Pgrmc1	0.7756214725220193
chrX	35869548	20.0	RNA_siLuc	Pgrmc1	0.7756214725220193
chrX	35869549	20.0	RNA_siLuc	Pgrmc1	0.7756214725220193
chrX	35869550	24.0	RNA_siLuc	Pgrmc1	0.9307457670264232
chrX	35869551	24.0	RNA_siLuc	Pgrmc1	0.9307457670264232
chrX	35869552	28.0	RNA_siLuc	Pgrmc1	1.085870061530827
chrX	35869553	28.0	RNA_siLuc	Pgrmc1	1.085870061530827
chrX	35869554	28.0	RNA_siLuc	Pgrmc1	1.085870061530827
chrX	35869555	28.0	RNA_siLuc	Pgrmc1	1.085870061530827
chrX	35869556	28.0	RNA_siLuc	Pgrmc1	1.085870061530827
chrX	35869557	28.0	RNA_siLuc	Pgrmc1	1.085870061530827
chrX	35869558	28.0	RNA_siLuc	Pgrmc1	1.085870061530827
chrX	35869559	30.0	RNA_siLuc	Pgrmc1	1.1634322087830289
chrX	35869560	30.0	RNA_siLuc	Pgrmc1	1.1634322087830289
chrX	35869561	29.0	RNA_siLuc	Pgrmc1	1.124651135156928
chrX	35869562	28.0	RNA_siLuc	Pgrmc1	1.085870061530827
chrX	35869563	33.0	RNA_siLuc	Pgrmc1	1.279775429661332
chrX	35869564	33.0	RNA_siLuc	Pgrmc1	1.279775429661332
chrX	35869565	33.0	RNA_siLuc	Pgrmc1	1.279775429661332
chrX	35869566	33.0	RNA_siLuc	Pgrmc1	1.279775429661332
chrX	35869567	32.0	RNA_siLuc	Pgrmc1	1.240994356035231
chrX	35869568	32.0	RNA_siLuc	Pgrmc1	1.240994356035231
chrX	35869569	32.0	RNA_siLuc	Pgrmc1	1.240994356035231
chrX	35869570	32.0	RNA_siLuc	Pgrmc1	1.240994356035231
chrX	35869571	32.0	RNA_siLuc	Pgrmc1	1.240994356035231
chrX	35869572	25.0	RNA_siLuc	Pgrmc1	0.9695268406525241
chrX	35869573	25.0	RNA_siLuc	Pgrmc1	0.9695268406525241
chrX	35869574	25.0	RNA_siLuc	Pgrmc1	0.9695268406525241
chrX	35869575	25.0	RNA_siLuc	Pgrmc1	0.9695268406525241
chrX	35869576	25.0	RNA_siLuc	Pgrmc1	0.9695268406525241
chrX	35869577	25.0	RNA_siLuc	Pgrmc1	0.9695268406525241
chrX	35869578	26.0	RNA_siLuc	Pgrmc1	1.008307914278625
chrX	35869579	26.0	RNA_siLuc	Pgrmc1	1.008307914278625
chrX	35869580	22.0	RNA_siLuc	Pgrmc1	0.8531836197742212
chrX	35869581	22.0	RNA_siLuc	Pgrmc1	0.8531836197742212
chrX	35869582	20.0	RNA_siLuc	Pgrmc1	0.7756214725220193
chrX	35869583	20.0	RNA_siLuc	Pgrmc1	0.7756214725220193
chrX	35869584	18.0	RNA_siLuc	Pgrmc1	0.6980593252698174
chrX	35869585	18.0	RNA_siLuc	Pgrmc1	0.6980593252698174
chrX	35869586	18.0	RNA_siLuc	Pgrmc1	0.6980593252698174
chrX	35869587	18.0	RNA_siLuc	Pgrmc1	0.6980593252698174
chrX	35869588	18.0	RNA_siLuc	Pgrmc1	0.6980593252698174
chrX	35869589	18.0	RNA_siLuc	Pgrmc1	0.6980593252698174
chrX	35869590	18.0	RNA_siLuc	Pgrmc1	0.6980593252698174
chrX	35869591	18.0	RNA_siLuc	Pgrmc1	0.6980593252698174
chrX	35869592	18.0	RNA_siLuc	Pgrmc1	0.6980593252698174
chrX	35869593	18.0	RNA_siLuc	Pgrmc1	0.6980593252698174
chrX	35869594	18.0	RNA_siLuc	Pgrmc1	0.6980593252698174
chrX	35869595	18.0	RNA_siLuc	Pgrmc1	0.6980593252698174
chrX	35869596	18.0	RNA_siLuc	Pgrmc1	0.6980593252698174
chrX	35869597	18.0	RNA_siLuc	Pgrmc1	0.6980593252698174
chrX	35869598	18.0	RNA_siLuc	Pgrmc1	0.6980593252698174
chrX	35869599	14.0	RNA_siLuc	Pgrmc1	0.5429350307654135
chrX	35869600	14.0	RNA_siLuc	Pgrmc1	0.5429350307654135
chrX	35869601	10.0	RNA_siLuc	Pgrmc1	0.38781073626100965
chrX	35869602	10.0	RNA_siLuc	Pgrmc1	0.38781073626100965
chrX	35869603	10.0	RNA_siLuc	Pgrmc1	0.38781073626100965
chrX	35869604	10.0	RNA_siLuc	Pgrmc1	0.38781073626100965
chrX	35869605	10.0	RNA_siLuc	Pgrmc1	0.38781073626100965
chrX	35869606	10.0	RNA_siLuc	Pgrmc1	0.38781073626100965
chrX	35869607	3.0	RNA_siLuc	Pgrmc1	0.1163432208783029
chrX	35869608	4.0	RNA_siLuc	Pgrmc1	0.15512429450440388
chrX	35869609	4.0	RNA_siLuc	Pgrmc1	0.15512429450440388
chrX	35869610	4.0	RNA_siLuc	Pgrmc1	0.15512429450440388
chrX	35869611	4.0	RNA_siLuc	Pgrmc1	0.15512429450440388
chrX	35869612	4.0	RNA_siLuc	Pgrmc1	0.15512429450440388
chrX	35869613	4.0	RNA_siLuc	Pgrmc1	0.15512429450440388
chrX	35869614	4.0	RNA_siLuc	Pgrmc1	0.15512429450440388
chrX	35869615	4.0	RNA_siLuc	Pgrmc1	0.15512429450440388
chrX	35869616	4.0	RNA_siLuc	Pgrmc1	0.15512429450440388
chrX	35869617	4.0	RNA_siLuc	Pgrmc1	0.15512429450440388
chrX	35869618	4.0	RNA_siLuc	Pgrmc1	0.15512429450440388
chrX	35869619	4.0	RNA_siLuc	Pgrmc1	0.15512429450440388
chrX	35869620	4.0	RNA_siLuc	Pgrmc1	0.15512429450440388
chrX	35869621	4.0	RNA_siLuc	Pgrmc1	0.15512429450440388
chrX	35869622	5.0	RNA_siLuc	Pgrmc1	0.19390536813050482
chrX	35869623	5.0	RNA_siLuc	Pgrmc1	0.19390536813050482
chrX	35869624	8.0	RNA_siLuc	Pgrmc1	0.31024858900880775
chrX	35869625	8.0	RNA_siLuc	Pgrmc1	0.31024858900880775
chrX	35869626	8.0	RNA_siLuc	Pgrmc1	0.31024858900880775
chrX	35869627	8.0	RNA_siLuc	Pgrmc1	0.31024858900880775
chrX	35869628	8.0	RNA_siLuc	Pgrmc1	0.31024858900880775
chrX	35869629	8.0	RNA_siLuc	Pgrmc1	0.31024858900880775
chrX	35869630	9.0	RNA_siLuc	Pgrmc1	0.3490296626349087
chrX	35869631	9.0	RNA_siLuc	Pgrmc1	0.3490296626349087
chrX	35869632	8.0	RNA_siLuc	Pgrmc1	0.31024858900880775
chrX	35869633	8.0	RNA_siLuc	Pgrmc1	0.31024858900880775
chrX	35869634	8.0	RNA_siLuc	Pgrmc1	0.31024858900880775
chrX	35869635	7.0	RNA_siLuc	Pgrmc1	0.27146751538270675
chrX	35869636	7.0	RNA_siLuc	Pgrmc1	0.27146751538270675
chrX	35869637	7.0	RNA_siLuc	Pgrmc1	0.27146751538270675
chrX	35869638	7.0	RNA_siLuc	Pgrmc1	0.27146751538270675
chrX	35869639	7.0	RNA_siLuc	Pgrmc1	0.27146751538270675
chrX	35869640	7.0	RNA_siLuc	Pgrmc1	0.27146751538270675
chrX	35869641	7.0	RNA_siLuc	Pgrmc1	0.27146751538270675
chrX	35869642	7.0	RNA_siLuc	Pgrmc1	0.27146751538270675
chrX	35869643	7.0	RNA_siLuc	Pgrmc1	0.27146751538270675
chrX	35869644	7.0	RNA_siLuc	Pgrmc1	0.27146751538270675
chrX	35869645	8.0	RNA_siLuc	Pgrmc1	0.31024858900880775
chrX	35869646	8.0	RNA_siLuc	Pgrmc1	0.31024858900880775
chrX	35869647	7.0	RNA_siLuc	Pgrmc1	0.27146751538270675
chrX	35869648	7.0	RNA_siLuc	Pgrmc1	0.27146751538270675
chrX	35869649	7.0	RNA_siLuc	Pgrmc1	0.27146751538270675
chrX	35869650	7.0	RNA_siLuc	Pgrmc1	0.27146751538270675
chrX	35869651	7.0	RNA_siLuc	Pgrmc1	0.27146751538270675
chrX	35869652	6.0	RNA_siLuc	Pgrmc1	0.2326864417566058
chrX	35869653	6.0	RNA_siLuc	Pgrmc1	0.2326864417566058
chrX	35869654	6.0	RNA_siLuc	Pgrmc1	0.2326864417566058
chrX	35869655	6.0	RNA_siLuc	Pgrmc1	0.2326864417566058
chrX	35869656	6.0	RNA_siLuc	Pgrmc1	0.2326864417566058
chrX	35869657	6.0	RNA_siLuc	Pgrmc1	0.2326864417566058
chrX	35869658	6.0	RNA_siLuc	Pgrmc1	0.2326864417566058
chrX	35869659	6.0	RNA_siLuc	Pgrmc1	0.2326864417566058
chrX	35869660	6.0	RNA_siLuc	Pgrmc1	0.2326864417566058
chrX	35869661	6.0	RNA_siLuc	Pgrmc1	0.2326864417566058
chrX	35869662	6.0	RNA_siLuc	Pgrmc1	0.2326864417566058
chrX	35869663	6.0	RNA_siLuc	Pgrmc1	0.2326864417566058
chrX	35869664	6.0	RNA_siLuc	Pgrmc1	0.2326864417566058
chrX	35869665	6.0	RNA_siLuc	Pgrmc1	0.2326864417566058
chrX	35869666	6.0	RNA_siLuc	Pgrmc1	0.2326864417566058
chrX	35869667	6.0	RNA_siLuc	Pgrmc1	0.2326864417566058
chrX	35869668	3.0	RNA_siLuc	Pgrmc1	0.1163432208783029
chrX	35869669	3.0	RNA_siLuc	Pgrmc1	0.1163432208783029
chrX	35869670	3.0	RNA_siLuc	Pgrmc1	0.1163432208783029
chrX	35869671	3.0	RNA_siLuc	Pgrmc1	0.1163432208783029
chrX	35869672	3.0	RNA_siLuc	Pgrmc1	0.1163432208783029
chrX	35869673	3.0	RNA_siLuc	Pgrmc1	0.1163432208783029
chrX	35869674	3.0	RNA_siLuc	Pgrmc1	0.1163432208783029
chrX	35869675	3.0	RNA_siLuc	Pgrmc1	0.1163432208783029
chrX	35869676	3.0	RNA_siLuc	Pgrmc1	0.1163432208783029
chrX	35869677	3.0	RNA_siLuc	Pgrmc1	0.1163432208783029
chrX	35869678	3.0	RNA_siLuc	Pgrmc1	0.1163432208783029
chrX	35869679	3.0	RNA_siLuc	Pgrmc1	0.1163432208783029
chrX	35869680	3.0	RNA_siLuc	Pgrmc1	0.1163432208783029
chrX	35869681	3.0	RNA_siLuc	Pgrmc1	0.1163432208783029
chrX	35869682	2.0	RNA_siLuc	Pgrmc1	0.07756214725220194
chrX	35869683	2.0	RNA_siLuc	Pgrmc1	0.07756214725220194
chrX	35869684	2.0	RNA_siLuc	Pgrmc1	0.07756214725220194
chrX	35869685	2.0	RNA_siLuc	Pgrmc1	0.07756214725220194
chrX	35869686	2.0	RNA_siLuc	Pgrmc1	0.07756214725220194
chrX	35869687	2.0	RNA_siLuc	Pgrmc1	0.07756214725220194
chrX	35869688	1.0	RNA_siLuc	Pgrmc1	0.03878107362610097
chrX	35869689	1.0	RNA_siLuc	Pgrmc1	0.03878107362610097
chrX	35869690	1.0	RNA_siLuc	Pgrmc1	0.03878107362610097
chrX	35869691	1.0	RNA_siLuc	Pgrmc1	0.03878107362610097
chrX	35869692	1.0	RNA_siLuc	Pgrmc1	0.03878107362610097
chrX	35869693	1.0	RNA_siLuc	Pgrmc1	0.03878107362610097
chrX	35869694	1.0	RNA_siLuc	Pgrmc1	0.03878107362610097
chrX	35869695	1.0	RNA_siLuc	Pgrmc1	0.03878107362610097
chrX	35869696	1.0	RNA_siLuc	Pgrmc1	0.03878107362610097
chrX	35869697	1.0	RNA_siLuc	Pgrmc1	0.03878107362610097
chrX	35869698	1.0	RNA_siLuc	Pgrmc1	0.03878107362610097
chrX	35869699	1.0	RNA_siLuc	Pgrmc1	0.03878107362610097
chrX	35869700	1.0	RNA_siLuc	Pgrmc1	0.03878107362610097
chrX	35869701	1.0	RNA_siLuc	Pgrmc1	0.03878107362610097
chrX	35869702	1.0	RNA_siLuc	Pgrmc1	0.03878107362610097
chrX	35869703	1.0	RNA_siLuc	Pgrmc1	0.03878107362610097
chrX	35869704	1.0	RNA_siLuc	Pgrmc1	0.03878107362610097
chrX	35869705	1.0	RNA_siLuc	Pgrmc1	0.03878107362610097
chrX	35869706	1.0	RNA_siLuc	Pgrmc1	0.03878107362610097
chrX	35869707	1.0	RNA_siLuc	Pgrmc1	0.03878107362610097
chrX	35869708	1.0	RNA_siLuc	Pgrmc1	0.03878107362610097
chrX	35869709	1.0	RNA_siLuc	Pgrmc1	0.03878107362610097
chrX	35869710	1.0	RNA_siLuc	Pgrmc1	0.03878107362610097
chrX	35869711	1.0	RNA_siLuc	Pgrmc1	0.03878107362610097
chrX	35869712	1.0	RNA_siLuc	Pgrmc1	0.03878107362610097
chrX	35869713	1.0	RNA_siLuc	Pgrmc1	0.03878107362610097
chrX	35869714	1.0	RNA_siLuc	Pgrmc1	0.03878107362610097
chrX	35869715	1.0	RNA_siLuc	Pgrmc1	0.03878107362610097
chrX	35869716	1.0	RNA_siLuc	Pgrmc1	0.03878107362610097
chrX	35869717	1.0	RNA_siLuc	Pgrmc1	0.03878107362610097
chrX	35869718	0.0	RNA_siLuc	Pgrmc1	0.0
chrX	35869719	0.0	RNA_siLuc	Pgrmc1	0.0
chrX	35869720	0.0	RNA_siLuc	Pgrmc1	0.0
chrX	35869721	0.0	RNA_siLuc	Pgrmc1	0.0
chrX	35869722	0.0	RNA_siLuc	Pgrmc1	0.0
chrX	35869723	0.0	RNA_siLuc	Pgrmc1	0.0
chrX	35869724	0.0	RNA_siLuc	Pgrmc1	0.0
chrX	35869725	0.0	RNA_siLuc	Pgrmc1	0.0
chrX	35869726	0.0	RNA_siLuc	Pgrmc1	0.0
chrX	35869727	0.0	RNA_siLuc	Pgrmc1	0.0
chrX	35869728	0.0	RNA_siLuc	Pgrmc1	0.0
chrX	35869729	0.0	RNA_siLuc	Pgrmc1	0.0
chrX	35869730	0.0	RNA_siLuc	Pgrmc1	0.0
chrX	35869731	0.0	RNA_siLuc	Pgrmc1	0.0
chrX	35869732	0.0	RNA_siLuc	Pgrmc1	0.0
chrX	35869733	0.0	RNA_siLuc	Pgrmc1	0.0
chrX	35869734	0.0	RNA_siLuc	Pgrmc1	0.0
chrX	35869735	0.0	RNA_siLuc	Pgrmc1	0.0
chrX	35869736	0.0	RNA_siLuc	Pgrmc1	0.0
chrX	35869737	0.0	RNA_siLuc	Pgrmc1	0.0
chrX	35869738	0.0	RNA_siLuc	Pgrmc1	0.0
chrX	35869739	0.0	RNA_siLuc	Pgrmc1	0.0
chrX	35869740	0.0	RNA_siLuc	Pgrmc1	0.0
chrX	35869741	0.0	RNA_siLuc	Pgrmc1	0.0
chrX	35869742	0.0	RNA_siLuc	Pgrmc1	0.0
chrX	35869743	0.0	RNA_siLuc	Pgrmc1	0.0
chrX	35869744	0.0	RNA_siLuc	Pgrmc1	0.0
chrX	35869745	0.0	RNA_siLuc	Pgrmc1	0.0
chrX	35869746	0.0	RNA_siLuc	Pgrmc1	0.0
chrX	35869747	0.0	RNA_siLuc	Pgrmc1	0.0
chrX	35869748	0.0	RNA_siLuc	Pgrmc1	0.0
chrX	35869749	0.0	RNA_siLuc	Pgrmc1	0.0
chrX	35869750	0.0	RNA_siLuc	Pgrmc1	0.0
chrX	35869751	0.0	RNA_siLuc	Pgrmc1	0.0
chrX	35869752	0.0	RNA_siLuc	Pgrmc1	0.0
chrX	35869753	0.0	RNA_siLuc	Pgrmc1	0.0
chrX	35869754	0.0	RNA_siLuc	Pgrmc1	0.0
chrX	35869755	0.0	RNA_siLuc	Pgrmc1	0.0
chrX	35869756	0.0	RNA_siLuc	Pgrmc1	0.0
chrX	35869757	0.0	RNA_siLuc	Pgrmc1	0.0
chrX	35869758	0.0	RNA_siLuc	Pgrmc1	0.0
chrX	35869759	0.0	RNA_siLuc	Pgrmc1	0.0
chrX	35869760	0.0	RNA_siLuc	Pgrmc1	0.0
chrX	35869761	0.0	RNA_siLuc	Pgrmc1	0.0
chrX	35869762	0.0	RNA_siLuc	Pgrmc1	0.0
chrX	35869763	0.0	RNA_siLuc	Pgrmc1	0.0
chrX	35869764	0.0	RNA_siLuc	Pgrmc1	0.0
chrX	35869765	0.0	RNA_siLuc	Pgrmc1	0.0
chrX	35869766	0.0	RNA_siLuc	Pgrmc1	0.0
chrX	35869767	0.0	RNA_siLuc	Pgrmc1	0.0
chrX	35869768	0.0	RNA_siLuc	Pgrmc1	0.0
chrX	35869769	0.0	RNA_siLuc	Pgrmc1	0.0
chrX	35869770	0.0	RNA_siLuc	Pgrmc1	0.0
chrX	35869771	0.0	RNA_siLuc	Pgrmc1	0.0
chrX	35869772	0.0	RNA_siLuc	Pgrmc1	0.0
chrX	35869773	0.0	RNA_siLuc	Pgrmc1	0.0
chrX	35869774	0.0	RNA_siLuc	Pgrmc1	0.0
chrX	35869775	0.0	RNA_siLuc	Pgrmc1	0.0
chrX	35869776	0.0	RNA_siLuc	Pgrmc1	0.0
chrX	35869777	0.0	RNA_siLuc	Pgrmc1	0.0
chrX	35869778	0.0	RNA_siLuc	Pgrmc1	0.0
chrX	35869779	0.0	RNA_siLuc	Pgrmc1	0.0
chrX	35869780	0.0	RNA_siLuc	Pgrmc1	0.0
chrX	35869781	0.0	RNA_siLuc	Pgrmc1	0.0
chrX	35869782	0.0	RNA_siLuc	Pgrmc1	0.0
chrX	35869783	0.0	RNA_siLuc	Pgrmc1	0.0
chrX	35869784	0.0	RNA_siLuc	Pgrmc1	0.0
chrX	35869785	0.0	RNA_siLuc	Pgrmc1	0.0
chrX	35869786	0.0	RNA_siLuc	Pgrmc1	0.0
chrX	35869787	0.0	RNA_siLuc	Pgrmc1	0.0
chrX	35869788	0.0	RNA_siLuc	Pgrmc1	0.0
chrX	35869789	0.0	RNA_siLuc	Pgrmc1	0.0
chrX	35869790	0.0	RNA_siLuc	Pgrmc1	0.0
chrX	35869791	0.0	RNA_siLuc	Pgrmc1	0.0
chrX	35869792	0.0	RNA_siLuc	Pgrmc1	0.0
chrX	35869793	0.0	RNA_siLuc	Pgrmc1	0.0
chrX	35869794	0.0	RNA_siLuc	Pgrmc1	0.0
chrX	35869795	0.0	RNA_siLuc	Pgrmc1	0.0
chrX	35869796	0.0	RNA_siLuc	Pgrmc1	0.0
chrX	35869797	0.0	RNA_siLuc	Pgrmc1	0.0
chrX	35869798	0.0	RNA_siLuc	Pgrmc1	0.0
chrX	35869799	0.0	RNA_siLuc	Pgrmc1	0.0
chrX	35869800	0.0	RNA_siLuc	Pgrmc1	0.0
chrX	35869801	0.0	RNA_siLuc	Pgrmc1	0.0
chrX	35869802	0.0	RNA_siLuc	Pgrmc1	0.0
chrX	35869803	0.0	RNA_siLuc	Pgrmc1	0.0
chrX	35869804	0.0	RNA_siLuc	Pgrmc1	0.0
chrX	35869805	0.0	RNA_siLuc	Pgrmc1	0.0
chrX	35869806	0.0	RNA_siLuc	Pgrmc1	0.0
chrX	35869807	0.0	RNA_siLuc	Pgrmc1	0.0
chrX	35869808	0.0	RNA_siLuc	Pgrmc1	0.0
chrX	35869809	0.0	RNA_siLuc	Pgrmc1	0.0
chrX	35869810	0.0	RNA_siLuc	Pgrmc1	0.0
chrX	35869811	5.0	RNA_siLuc	Pgrmc1	0.19390536813050482
chrX	35869812	5.0	RNA_siLuc	Pgrmc1	0.19390536813050482
chrX	35869813	5.0	RNA_siLuc	Pgrmc1	0.19390536813050482
chrX	35869814	5.0	RNA_siLuc	Pgrmc1	0.19390536813050482
chrX	35869815	5.0	RNA_siLuc	Pgrmc1	0.19390536813050482
chrX	35869816	5.0	RNA_siLuc	Pgrmc1	0.19390536813050482
chrX	35869817	5.0	RNA_siLuc	Pgrmc1	0.19390536813050482
chrX	35869818	5.0	RNA_siLuc	Pgrmc1	0.19390536813050482
chrX	35869819	5.0	RNA_siLuc	Pgrmc1	0.19390536813050482
chrX	35869820	5.0	RNA_siLuc	Pgrmc1	0.19390536813050482
chrX	35869821	5.0	RNA_siLuc	Pgrmc1	0.19390536813050482
chrX	35869822	5.0	RNA_siLuc	Pgrmc1	0.19390536813050482
chrX	35869823	5.0	RNA_siLuc	Pgrmc1	0.19390536813050482
chrX	35869824	5.0	RNA_siLuc	Pgrmc1	0.19390536813050482
chrX	35869825	5.0	RNA_siLuc	Pgrmc1	0.19390536813050482
chrX	35869826	5.0	RNA_siLuc	Pgrmc1	0.19390536813050482
chrX	35869827	5.0	RNA_siLuc	Pgrmc1	0.19390536813050482
chrX	35869828	5.0	RNA_siLuc	Pgrmc1	0.19390536813050482
chrX	35869829	5.0	RNA_siLuc	Pgrmc1	0.19390536813050482
chrX	35869830	5.0	RNA_siLuc	Pgrmc1	0.19390536813050482
chrX	35869831	5.0	RNA_siLuc	Pgrmc1	0.19390536813050482
chrX	35869832	5.0	RNA_siLuc	Pgrmc1	0.19390536813050482
chrX	35869833	5.0	RNA_siLuc	Pgrmc1	0.19390536813050482
chrX	35869834	5.0	RNA_siLuc	Pgrmc1	0.19390536813050482
chrX	35869835	5.0	RNA_siLuc	Pgrmc1	0.19390536813050482
chrX	35869836	5.0	RNA_siLuc	Pgrmc1	0.19390536813050482
chrX	35869837	5.0	RNA_siLuc	Pgrmc1	0.19390536813050482
chrX	35869838	5.0	RNA_siLuc	Pgrmc1	0.19390536813050482
chrX	35869839	5.0	RNA_siLuc	Pgrmc1	0.19390536813050482
chrX	35869840	5.0	RNA_siLuc	Pgrmc1	0.19390536813050482
chrX	35869841	5.0	RNA_siLuc	Pgrmc1	0.19390536813050482
chrX	35869842	5.0	RNA_siLuc	Pgrmc1	0.19390536813050482
chrX	35869843	5.0	RNA_siLuc	Pgrmc1	0.19390536813050482
chrX	35869844	5.0	RNA_siLuc	Pgrmc1	0.19390536813050482
chrX	35869845	5.0	RNA_siLuc	Pgrmc1	0.19390536813050482
chrX	35869846	5.0	RNA_siLuc	Pgrmc1	0.19390536813050482
chrX	35869847	5.0	RNA_siLuc	Pgrmc1	0.19390536813050482
chrX	35869848	5.0	RNA_siLuc	Pgrmc1	0.19390536813050482
chrX	35869849	5.0	RNA_siLuc	Pgrmc1	0.19390536813050482
chrX	35869850	5.0	RNA_siLuc	Pgrmc1	0.19390536813050482
chrX	35869851	5.0	RNA_siLuc	Pgrmc1	0.19390536813050482
chrX	35869852	5.0	RNA_siLuc	Pgrmc1	0.19390536813050482
chrX	35869853	5.0	RNA_siLuc	Pgrmc1	0.19390536813050482
chrX	35869854	5.0	RNA_siLuc	Pgrmc1	0.19390536813050482
chrX	35869855	5.0	RNA_siLuc	Pgrmc1	0.19390536813050482
chrX	35869856	5.0	RNA_siLuc	Pgrmc1	0.19390536813050482
chrX	35869857	0.0	RNA_siLuc	Pgrmc1	0.0
chrX	35869858	0.0	RNA_siLuc	Pgrmc1	0.0
chrX	35869859	0.0	RNA_siLuc	Pgrmc1	0.0
chrX	35869860	0.0	RNA_siLuc	Pgrmc1	0.0
chrX	35869861	0.0	RNA_siLuc	Pgrmc1	0.0
chrX	35869862	0.0	RNA_siLuc	Pgrmc1	0.0
chrX	35869863	0.0	RNA_siLuc	Pgrmc1	0.0
chrX	35869864	0.0	RNA_siLuc	Pgrmc1	0.0
chrX	35869865	0.0	RNA_siLuc	Pgrmc1	0.0
chrX	35869866	0.0	RNA_siLuc	Pgrmc1	0.0
chrX	35869867	0.0	RNA_siLuc	Pgrmc1	0.0
chrX	35869868	0.0	RNA_siLuc	Pgrmc1	0.0
chrX	35869869	0.0	RNA_siLuc	Pgrmc1	0.0
chrX	35869870	0.0	RNA_siLuc	Pgrmc1	0.0
chrX	35869871	0.0	RNA_siLuc	Pgrmc1	0.0
chrX	35869872	0.0	RNA_siLuc	Pgrmc1	0.0
chrX	35869873	0.0	RNA_siLuc	Pgrmc1	0.0
chrX	35869874	0.0	RNA_siLuc	Pgrmc1	0.0
chrX	35869875	0.0	RNA_siLuc	Pgrmc1	0.0
chrX	35869876	0.0	RNA_siLuc	Pgrmc1	0.0
chrX	35869877	0.0	RNA_siLuc	Pgrmc1	0.0
chrX	35869878	0.0	RNA_siLuc	Pgrmc1	0.0
chrX	35869879	0.0	RNA_siLuc	Pgrmc1	0.0
chrX	35869880	0.0	RNA_siLuc	Pgrmc1	0.0
chrX	35869881	0.0	RNA_siLuc	Pgrmc1	0.0
chrX	35869882	0.0	RNA_siLuc	Pgrmc1	0.0
chrX	35869883	0.0	RNA_siLuc	Pgrmc1	0.0
chrX	35869884	0.0	RNA_siLuc	Pgrmc1	0.0
chrX	35869885	0.0	RNA_siLuc	Pgrmc1	0.0
chrX	35869886	0.0	RNA_siLuc	Pgrmc1	0.0
chrX	35869887	0.0	RNA_siLuc	Pgrmc1	0.0
chrX	35869888	0.0	RNA_siLuc	Pgrmc1	0.0
chrX	35869889	0.0	RNA_siLuc	Pgrmc1	0.0
chrX	35869890	0.0	RNA_siLuc	Pgrmc1	0.0
chrX	35869891	0.0	RNA_siLuc	Pgrmc1	0.0
chrX	35869892	0.0	RNA_siLuc	Pgrmc1	0.0
chrX	35869893	0.0	RNA_siLuc	Pgrmc1	0.0
chrX	35869894	0.0	RNA_siLuc	Pgrmc1	0.0
chrX	35869895	0.0	RNA_siLuc	Pgrmc1	0.0
chrX	35869896	0.0	RNA_siLuc	Pgrmc1	0.0
chrX	35869897	0.0	RNA_siLuc	Pgrmc1	0.0
chrX	35869898	0.0	RNA_siLuc	Pgrmc1	0.0
chrX	35869899	0.0	RNA_siLuc	Pgrmc1	0.0
chrX	35869900	0.0	RNA_siLuc	Pgrmc1	0.0
chrX	35869901	0.0	RNA_siLuc	Pgrmc1	0.0
chrX	35869902	0.0	RNA_siLuc	Pgrmc1	0.0
chrX	35869903	0.0	RNA_siLuc	Pgrmc1	0.0
chrX	35869904	0.0	RNA_siLuc	Pgrmc1	0.0
chrX	35869905	0.0	RNA_siLuc	Pgrmc1	0.0
chrX	35869906	0.0	RNA_siLuc	Pgrmc1	0.0
chrX	35869907	0.0	RNA_siLuc	Pgrmc1	0.0
chrX	35869908	0.0	RNA_siLuc	Pgrmc1	0.0
chrX	35869909	0.0	RNA_siLuc	Pgrmc1	0.0
chrX	35869910	0.0	RNA_siLuc	Pgrmc1	0.0
chrX	35869911	0.0	RNA_siLuc	Pgrmc1	0.0
chrX	35869912	0.0	RNA_siLuc	Pgrmc1	0.0
chrX	35869913	0.0	RNA_siLuc	Pgrmc1	0.0
chrX	35869914	0.0	RNA_siLuc	Pgrmc1	0.0
chrX	35869915	0.0	RNA_siLuc	Pgrmc1	0.0
chrX	35869916	0.0	RNA_siLuc	Pgrmc1	0.0
chrX	35869917	0.0	RNA_siLuc	Pgrmc1	0.0
chrX	35869918	0.0	RNA_siLuc	Pgrmc1	0.0
chrX	35869919	0.0	RNA_siLuc	Pgrmc1	0.0
chrX	35869920	0.0	RNA_siLuc	Pgrmc1	0.0
chrX	35869921	0.0	RNA_siLuc	Pgrmc1	0.0
chrX	35869922	0.0	RNA_siLuc	Pgrmc1	0.0
chrX	35869923	0.0	RNA_siLuc	Pgrmc1	0.0
chrX	35869924	0.0	RNA_siLuc	Pgrmc1	0.0
chrX	35869925	0.0	RNA_siLuc	Pgrmc1	0.0
chrX	35869926	0.0	RNA_siLuc	Pgrmc1	0.0
chrX	35869927	0.0	RNA_siLuc	Pgrmc1	0.0
chrX	35869928	0.0	RNA_siLuc	Pgrmc1	0.0
chrX	35869929	0.0	RNA_siLuc	Pgrmc1	0.0
chrX	35869930	0.0	RNA_siLuc	Pgrmc1	0.0
chrX	35869931	0.0	RNA_siLuc	Pgrmc1	0.0
chrX	35869932	0.0	RNA_siLuc	Pgrmc1	0.0
chrX	35869933	0.0	RNA_siLuc	Pgrmc1	0.0
chrX	35869934	0.0	RNA_siLuc	Pgrmc1	0.0
chrX	35869935	0.0	RNA_siLuc	Pgrmc1	0.0
chrX	35869936	0.0	RNA_siLuc	Pgrmc1	0.0
chrX	35869937	0.0	RNA_siLuc	Pgrmc1	0.0
chrX	35869938	0.0	RNA_siLuc	Pgrmc1	0.0
chrX	35869939	0.0	RNA_siLuc	Pgrmc1	0.0
chrX	35869940	0.0	RNA_siLuc	Pgrmc1	0.0
chrX	35869941	0.0	RNA_siLuc	Pgrmc1	0.0
chrX	35869942	0.0	RNA_siLuc	Pgrmc1	0.0
chrX	35869943	0.0	RNA_siLuc	Pgrmc1	0.0
chrX	35869944	0.0	RNA_siLuc	Pgrmc1	0.0
chrX	35869945	0.0	RNA_siLuc	Pgrmc1	0.0
chrX	35869946	0.0	RNA_siLuc	Pgrmc1	0.0
chrX	35869947	0.0	RNA_siLuc	Pgrmc1	0.0
chrX	35869948	0.0	RNA_siLuc	Pgrmc1	0.0
chrX	35869949	0.0	RNA_siLuc	Pgrmc1	0.0
chrX	35869950	0.0	RNA_siLuc	Pgrmc1	0.0
chrX	35869951	0.0	RNA_siLuc	Pgrmc1	0.0
chrX	35869952	0.0	RNA_siLuc	Pgrmc1	0.0
chrX	35869953	0.0	RNA_siLuc	Pgrmc1	0.0
chrX	35869954	0.0	RNA_siLuc	Pgrmc1	0.0
chrX	35869955	0.0	RNA_siLuc	Pgrmc1	0.0
chrX	35869956	0.0	RNA_siLuc	Pgrmc1	0.0
chrX	35869957	0.0	RNA_siLuc	Pgrmc1	0.0
chrX	35869958	0.0	RNA_siLuc	Pgrmc1	0.0
chrX	35869959	0.0	RNA_siLuc	Pgrmc1	0.0
chrX	35869960	0.0	RNA_siLuc	Pgrmc1	0.0
chrX	35869961	0.0	RNA_siLuc	Pgrmc1	0.0
chrX	35869962	0.0	RNA_siLuc	Pgrmc1	0.0
chrX	35869963	0.0	RNA_siLuc	Pgrmc1	0.0
chrX	35869964	0.0	RNA_siLuc	Pgrmc1	0.0
chrX	35869965	0.0	RNA_siLuc	Pgrmc1	0.0
chrX	35869966	0.0	RNA_siLuc	Pgrmc1	0.0
chrX	35869967	0.0	RNA_siLuc	Pgrmc1	0.0
chrX	35869968	0.0	RNA_siLuc	Pgrmc1	0.0
chrX	35869969	0.0	RNA_siLuc	Pgrmc1	0.0
chrX	35869970	0.0	RNA_siLuc	Pgrmc1	0.0
chrX	35869971	0.0	RNA_siLuc	Pgrmc1	0.0
chrX	35869972	0.0	RNA_siLuc	Pgrmc1	0.0
chrX	35869973	0.0	RNA_siLuc	Pgrmc1	0.0
chrX	35869974	0.0	RNA_siLuc	Pgrmc1	0.0
chrX	35869975	0.0	RNA_siLuc	Pgrmc1	0.0
chrX	35869976	0.0	RNA_siLuc	Pgrmc1	0.0
chrX	35869977	0.0	RNA_siLuc	Pgrmc1	0.0
chrX	35869978	0.0	RNA_siLuc	Pgrmc1	0.0
chrX	35869979	0.0	RNA_siLuc	Pgrmc1	0.0
chrX	35869980	0.0	RNA_siLuc	Pgrmc1	0.0
chrX	35869981	0.0	RNA_siLuc	Pgrmc1	0.0
chrX	35869982	0.0	RNA_siLuc	Pgrmc1	0.0
chrX	35869983	0.0	RNA_siLuc	Pgrmc1	0.0
chrX	35869984	0.0	RNA_siLuc	Pgrmc1	0.0
chrX	35869985	0.0	RNA_siLuc	Pgrmc1	0.0
chrX	35869986	0.0	RNA_siLuc	Pgrmc1	0.0
chrX	35869987	0.0	RNA_siLuc	Pgrmc1	0.0
chrX	35869988	0.0	RNA_siLuc	Pgrmc1	0.0
chrX	35869989	0.0	RNA_siLuc	Pgrmc1	0.0
chrX	35869990	0.0	RNA_siLuc	Pgrmc1	0.0
chrX	35869991	0.0	RNA_siLuc	Pgrmc1	0.0
chrX	35869992	0.0	RNA_siLuc	Pgrmc1	0.0
chrX	35869993	0.0	RNA_siLuc	Pgrmc1	0.0
chrX	35869994	0.0	RNA_siLuc	Pgrmc1	0.0
chrX	35869995	0.0	RNA_siLuc	Pgrmc1	0.0
chrX	35869996	0.0	RNA_siLuc	Pgrmc1	0.0
chrX	35869997	0.0	RNA_siLuc	Pgrmc1	0.0
chrX	35869998	0.0	RNA_siLuc	Pgrmc1	0.0
chrX	35869999	0.0	RNA_siLuc	Pgrmc1	0.0
chrX	35870000	0.0	RNA_siLuc	Pgrmc1	0.0
chrX	35870001	0.0	RNA_siLuc	Pgrmc1	0.0
chrX	35870002	0.0	RNA_siLuc	Pgrmc1	0.0
chrX	35870003	0.0	RNA_siLuc	Pgrmc1	0.0
chrX	35870004	0.0	RNA_siLuc	Pgrmc1	0.0
chrX	35870005	0.0	RNA_siLuc	Pgrmc1	0.0
chrX	35870006	0.0	RNA_siLuc	Pgrmc1	0.0
chrX	35870007	0.0	RNA_siLuc	Pgrmc1	0.0
chrX	35870008	0.0	RNA_siLuc	Pgrmc1	0.0
chrX	35870009	0.0	RNA_siLuc	Pgrmc1	0.0
chrX	35870010	0.0	RNA_siLuc	Pgrmc1	0.0
chrX	35870011	0.0	RNA_siLuc	Pgrmc1	0.0
chrX	35870012	0.0	RNA_siLuc	Pgrmc1	0.0
chrX	35870013	0.0	RNA_siLuc	Pgrmc1	0.0
chrX	35870014	0.0	RNA_siLuc	Pgrmc1	0.0
chrX	35870015	0.0	RNA_siLuc	Pgrmc1	0.0
chrX	35870016	0.0	RNA_siLuc	Pgrmc1	0.0
chrX	35870017	0.0	RNA_siLuc	Pgrmc1	0.0
chrX	35870018	0.0	RNA_siLuc	Pgrmc1	0.0
chrX	35870019	0.0	RNA_siLuc	Pgrmc1	0.0
chrX	35870020	0.0	RNA_siLuc	Pgrmc1	0.0
chrX	35870021	0.0	RNA_siLuc	Pgrmc1	0.0
chrX	35870022	0.0	RNA_siLuc	Pgrmc1	0.0
chrX	35870023	0.0	RNA_siLuc	Pgrmc1	0.0
chrX	35870024	0.0	RNA_siLuc	Pgrmc1	0.0
chrX	35870025	0.0	RNA_siLuc	Pgrmc1	0.0
chrX	35870026	0.0	RNA_siLuc	Pgrmc1	0.0
chrX	35870027	0.0	RNA_siLuc	Pgrmc1	0.0
chrX	35870028	0.0	RNA_siLuc	Pgrmc1	0.0
chrX	35870029	0.0	RNA_siLuc	Pgrmc1	0.0
chrX	35870030	0.0	RNA_siLuc	Pgrmc1	0.0
chrX	35870031	0.0	RNA_siLuc	Pgrmc1	0.0
chrX	35870032	0.0	RNA_siLuc	Pgrmc1	0.0
chrX	35870033	0.0	RNA_siLuc	Pgrmc1	0.0
chrX	35870034	0.0	RNA_siLuc	Pgrmc1	0.0
chrX	35870035	0.0	RNA_siLuc	Pgrmc1	0.0
chrX	35870036	0.0	RNA_siLuc	Pgrmc1	0.0
chrX	35870037	0.0	RNA_siLuc	Pgrmc1	0.0
chrX	35870038	0.0	RNA_siLuc	Pgrmc1	0.0
chrX	35870039	0.0	RNA_siLuc	Pgrmc1	0.0
chrX	35870040	0.0	RNA_siLuc	Pgrmc1	0.0
chrX	35870041	0.0	RNA_siLuc	Pgrmc1	0.0
chrX	35870042	0.0	RNA_siLuc	Pgrmc1	0.0
chrX	35870043	0.0	RNA_siLuc	Pgrmc1	0.0
chrX	35870044	0.0	RNA_siLuc	Pgrmc1	0.0
chrX	35870045	0.0	RNA_siLuc	Pgrmc1	0.0
chrX	35870046	0.0	RNA_siLuc	Pgrmc1	0.0
chrX	35870047	0.0	RNA_siLuc	Pgrmc1	0.0
chrX	35870048	0.0	RNA_siLuc	Pgrmc1	0.0
chrX	35870049	0.0	RNA_siLuc	Pgrmc1	0.0
chrX	35870050	0.0	RNA_siLuc	Pgrmc1	0.0
chrX	35870051	0.0	RNA_siLuc	Pgrmc1	0.0
chrX	35870052	0.0	RNA_siLuc	Pgrmc1	0.0
chrX	35870053	0.0	RNA_siLuc	Pgrmc1	0.0
chrX	35870054	0.0	RNA_siLuc	Pgrmc1	0.0
chrX	35870055	0.0	RNA_siLuc	Pgrmc1	0.0
chrX	35870056	0.0	RNA_siLuc	Pgrmc1	0.0
chrX	35870057	0.0	RNA_siLuc	Pgrmc1	0.0
chrX	35870058	0.0	RNA_siLuc	Pgrmc1	0.0
chrX	35870059	0.0	RNA_siLuc	Pgrmc1	0.0
chrX	35870060	0.0	RNA_siLuc	Pgrmc1	0.0
chrX	35870061	0.0	RNA_siLuc	Pgrmc1	0.0
chrX	35870062	0.0	RNA_siLuc	Pgrmc1	0.0
chrX	35870063	0.0	RNA_siLuc	Pgrmc1	0.0
chrX	35870064	0.0	RNA_siLuc	Pgrmc1	0.0
chrX	35870065	0.0	RNA_siLuc	Pgrmc1	0.0
chrX	35870066	0.0	RNA_siLuc	Pgrmc1	0.0
chrX	35870067	0.0	RNA_siLuc	Pgrmc1	0.0
chrX	35870068	0.0	RNA_siLuc	Pgrmc1	0.0
chrX	35870069	0.0	RNA_siLuc	Pgrmc1	0.0
chrX	35870070	0.0	RNA_siLuc	Pgrmc1	0.0
chrX	35870071	0.0	RNA_siLuc	Pgrmc1	0.0
chrX	35870072	0.0	RNA_siLuc	Pgrmc1	0.0
chrX	35870073	0.0	RNA_siLuc	Pgrmc1	0.0
chrX	35870074	0.0	RNA_siLuc	Pgrmc1	0.0
chrX	35870075	0.0	RNA_siLuc	Pgrmc1	0.0
chrX	35870076	0.0	RNA_siLuc	Pgrmc1	0.0
chrX	35870077	0.0	RNA_siLuc	Pgrmc1	0.0
chrX	35870078	0.0	RNA_siLuc	Pgrmc1	0.0
chrX	35870079	0.0	RNA_siLuc	Pgrmc1	0.0
chrX	35870080	0.0	RNA_siLuc	Pgrmc1	0.0
chrX	35870081	0.0	RNA_siLuc	Pgrmc1	0.0
chrX	35870082	0.0	RNA_siLuc	Pgrmc1	0.0
chrX	35870083	0.0	RNA_siLuc	Pgrmc1	0.0
chrX	35870084	0.0	RNA_siLuc	Pgrmc1	0.0
chrX	35870085	0.0	RNA_siLuc	Pgrmc1	0.0
chrX	35870086	0.0	RNA_siLuc	Pgrmc1	0.0
chrX	35870087	0.0	RNA_siLuc	Pgrmc1	0.0
chrX	35870088	0.0	RNA_siLuc	Pgrmc1	0.0
chrX	35870089	0.0	RNA_siLuc	Pgrmc1	0.0
chrX	35870090	0.0	RNA_siLuc	Pgrmc1	0.0
chrX	35870091	0.0	RNA_siLuc	Pgrmc1	0.0
chrX	35870092	0.0	RNA_siLuc	Pgrmc1	0.0
chrX	35870093	0.0	RNA_siLuc	Pgrmc1	0.0
chrX	35870094	0.0	RNA_siLuc	Pgrmc1	0.0
chrX	35870095	0.0	RNA_siLuc	Pgrmc1	0.0
chrX	35870096	0.0	RNA_siLuc	Pgrmc1	0.0
chrX	35870097	0.0	RNA_siLuc	Pgrmc1	0.0
chrX	35870098	0.0	RNA_siLuc	Pgrmc1	0.0
chrX	35870099	0.0	RNA_siLuc	Pgrmc1	0.0
chrX	35870100	0.0	RNA_siLuc	Pgrmc1	0.0
chrX	35870101	0.0	RNA_siLuc	Pgrmc1	0.0
chrX	35870102	0.0	RNA_siLuc	Pgrmc1	0.0
chrX	35870103	0.0	RNA_siLuc	Pgrmc1	0.0
chrX	35870104	0.0	RNA_siLuc	Pgrmc1	0.0
chrX	35870105	0.0	RNA_siLuc	Pgrmc1	0.0
chrX	35870106	0.0	RNA_siLuc	Pgrmc1	0.0
chrX	35870107	0.0	RNA_siLuc	Pgrmc1	0.0
chrX	35870108	0.0	RNA_siLuc	Pgrmc1	0.0
chrX	35870109	0.0	RNA_siLuc	Pgrmc1	0.0
chrX	35870110	0.0	RNA_siLuc	Pgrmc1	0.0
chrX	35870111	0.0	RNA_siLuc	Pgrmc1	0.0
chrX	35870112	0.0	RNA_siLuc	Pgrmc1	0.0
chrX	35870113	0.0	RNA_siLuc	Pgrmc1	0.0
chrX	35870114	0.0	RNA_siLuc	Pgrmc1	0.0
chrX	35870115	0.0	RNA_siLuc	Pgrmc1	0.0
chrX	35870116	0.0	RNA_siLuc	Pgrmc1	0.0
chrX	35870117	0.0	RNA_siLuc	Pgrmc1	0.0
chrX	35870118	0.0	RNA_siLuc	Pgrmc1	0.0
chrX	35870119	0.0	RNA_siLuc	Pgrmc1	0.0
chrX	35870120	0.0	RNA_siLuc	Pgrmc1	0.0
chrX	35870121	0.0	RNA_siLuc	Pgrmc1	0.0
chrX	35870122	0.0	RNA_siLuc	Pgrmc1	0.0
chrX	35870123	0.0	RNA_siLuc	Pgrmc1	0.0
chrX	35870124	0.0	RNA_siLuc	Pgrmc1	0.0
chrX	35870125	0.0	RNA_siLuc	Pgrmc1	0.0
chrX	35870126	0.0	RNA_siLuc	Pgrmc1	0.0
chrX	35870127	0.0	RNA_siLuc	Pgrmc1	0.0
chrX	35870128	0.0	RNA_siLuc	Pgrmc1	0.0
chrX	35870129	0.0	RNA_siLuc	Pgrmc1	0.0
chrX	35870130	0.0	RNA_siLuc	Pgrmc1	0.0
chrX	35870131	0.0	RNA_siLuc	Pgrmc1	0.0
chrX	35870132	0.0	RNA_siLuc	Pgrmc1	0.0
chrX	35870133	0.0	RNA_siLuc	Pgrmc1	0.0
chrX	35870134	0.0	RNA_siLuc	Pgrmc1	0.0
chrX	35870135	0.0	RNA_siLuc	Pgrmc1	0.0
chrX	35870136	0.0	RNA_siLuc	Pgrmc1	0.0
chrX	35870137	0.0	RNA_siLuc	Pgrmc1	0.0
chrX	35870138	0.0	RNA_siLuc	Pgrmc1	0.0
chrX	35870139	0.0	RNA_siLuc	Pgrmc1	0.0
chrX	35870140	0.0	RNA_siLuc	Pgrmc1	0.0
chrX	35870141	0.0	RNA_siLuc	Pgrmc1	0.0
chrX	35870142	0.0	RNA_siLuc	Pgrmc1	0.0
chrX	35870143	0.0	RNA_siLuc	Pgrmc1	0.0
chrX	35870144	0.0	RNA_siLuc	Pgrmc1	0.0
chrX	35870145	0.0	RNA_siLuc	Pgrmc1	0.0
chrX	35870146	0.0	RNA_siLuc	Pgrmc1	0.0
chrX	35870147	0.0	RNA_siLuc	Pgrmc1	0.0
chrX	35870148	0.0	RNA_siLuc	Pgrmc1	0.0
chrX	35870149	0.0	RNA_siLuc	Pgrmc1	0.0
chrX	35870150	0.0	RNA_siLuc	Pgrmc1	0.0
chrX	35870151	0.0	RNA_siLuc	Pgrmc1	0.0
chrX	35870152	0.0	RNA_siLuc	Pgrmc1	0.0
chrX	35870153	0.0	RNA_siLuc	Pgrmc1	0.0
chrX	35870154	0.0	RNA_siLuc	Pgrmc1	0.0
chrX	35870155	0.0	RNA_siLuc	Pgrmc1	0.0
chrX	35870156	0.0	RNA_siLuc	Pgrmc1	0.0
chrX	35870157	0.0	RNA_siLuc	Pgrmc1	0.0
chrX	35870158	0.0	RNA_siLuc	Pgrmc1	0.0
chrX	35870159	0.0	RNA_siLuc	Pgrmc1	0.0
chrX	35870160	0.0	RNA_siLuc	Pgrmc1	0.0
chrX	35870161	0.0	RNA_siLuc	Pgrmc1	0.0
chrX	35870162	0.0	RNA_siLuc	Pgrmc1	0.0
chrX	35870163	0.0	RNA_siLuc	Pgrmc1	0.0
chrX	35870164	0.0	RNA_siLuc	Pgrmc1	0.0
chrX	35870165	0.0	RNA_siLuc	Pgrmc1	0.0
chrX	35870166	0.0	RNA_siLuc	Pgrmc1	0.0
chrX	35870167	0.0	RNA_siLuc	Pgrmc1	0.0
chrX	35870168	0.0	RNA_siLuc	Pgrmc1	0.0
chrX	35870169	0.0	RNA_siLuc	Pgrmc1	0.0
chrX	35870170	0.0	RNA_siLuc	Pgrmc1	0.0
chrX	35870171	0.0	RNA_siLuc	Pgrmc1	0.0
chrX	35870172	0.0	RNA_siLuc	Pgrmc1	0.0
chrX	35870173	0.0	RNA_siLuc	Pgrmc1	0.0
chrX	35870174	0.0	RNA_siLuc	Pgrmc1	0.0
chrX	35870175	0.0	RNA_siLuc	Pgrmc1	0.0
chrX	35870176	0.0	RNA_siLuc	Pgrmc1	0.0
chrX	35870177	0.0	RNA_siLuc	Pgrmc1	0.0
chrX	35870178	0.0	RNA_siLuc	Pgrmc1	0.0
chrX	35870179	0.0	RNA_siLuc	Pgrmc1	0.0
chrX	35870180	0.0	RNA_siLuc	Pgrmc1	0.0
chrX	35870181	0.0	RNA_siLuc	Pgrmc1	0.0
chrX	35870182	0.0	RNA_siLuc	Pgrmc1	0.0
chrX	35870183	0.0	RNA_siLuc	Pgrmc1	0.0
chrX	35870184	0.0	RNA_siLuc	Pgrmc1	0.0
chrX	35870185	0.0	RNA_siLuc	Pgrmc1	0.0
chrX	35870186	0.0	RNA_siLuc	Pgrmc1	0.0
chrX	35870187	0.0	RNA_siLuc	Pgrmc1	0.0
chrX	35870188	0.0	RNA_siLuc	Pgrmc1	0.0
chrX	35870189	0.0	RNA_siLuc	Pgrmc1	0.0
chrX	35870190	0.0	RNA_siLuc	Pgrmc1	0.0
chrX	35870191	0.0	RNA_siLuc	Pgrmc1	0.0
chrX	35870192	0.0	RNA_siLuc	Pgrmc1	0.0
chrX	35870193	0.0	RNA_siLuc	Pgrmc1	0.0
chrX	35870194	0.0	RNA_siLuc	Pgrmc1	0.0
chrX	35870195	0.0	RNA_siLuc	Pgrmc1	0.0
chrX	35870196	0.0	RNA_siLuc	Pgrmc1	0.0
chrX	35870197	0.0	RNA_siLuc	Pgrmc1	0.0
chrX	35870198	0.0	RNA_siLuc	Pgrmc1	0.0
chrX	35870199	0.0	RNA_siLuc	Pgrmc1	0.0
chrX	35870200	0.0	RNA_siLuc	Pgrmc1	0.0
chrX	35870201	0.0	RNA_siLuc	Pgrmc1	0.0
chrX	35870202	0.0	RNA_siLuc	Pgrmc1	0.0
chrX	35870203	0.0	RNA_siLuc	Pgrmc1	0.0
chrX	35870204	0.0	RNA_siLuc	Pgrmc1	0.0
chrX	35870205	0.0	RNA_siLuc	Pgrmc1	0.0
chrX	35870206	0.0	RNA_siLuc	Pgrmc1	0.0
chrX	35870207	0.0	RNA_siLuc	Pgrmc1	0.0
chrX	35870208	0.0	RNA_siLuc	Pgrmc1	0.0
chrX	35870209	0.0	RNA_siLuc	Pgrmc1	0.0
chrX	35870210	0.0	RNA_siLuc	Pgrmc1	0.0
chrX	35870211	0.0	RNA_siLuc	Pgrmc1	0.0
chrX	35870212	0.0	RNA_siLuc	Pgrmc1	0.0
chrX	35870213	0.0	RNA_siLuc	Pgrmc1	0.0
chrX	35870214	0.0	RNA_siLuc	Pgrmc1	0.0
chrX	35870215	0.0	RNA_siLuc	Pgrmc1	0.0
chrX	35870216	0.0	RNA_siLuc	Pgrmc1	0.0
chrX	35870217	0.0	RNA_siLuc	Pgrmc1	0.0
chrX	35870218	0.0	RNA_siLuc	Pgrmc1	0.0
chrX	35870219	0.0	RNA_siLuc	Pgrmc1	0.0
chrX	35870220	0.0	RNA_siLuc	Pgrmc1	0.0
chrX	35870221	0.0	RNA_siLuc	Pgrmc1	0.0
chrX	35870222	0.0	RNA_siLuc	Pgrmc1	0.0
chrX	35870223	0.0	RNA_siLuc	Pgrmc1	0.0
chrX	35870224	0.0	RNA_siLuc	Pgrmc1	0.0
chrX	35870225	0.0	RNA_siLuc	Pgrmc1	0.0
chrX	35870226	0.0	RNA_siLuc	Pgrmc1	0.0
chrX	35870227	0.0	RNA_siLuc	Pgrmc1	0.0
chrX	35870228	0.0	RNA_siLuc	Pgrmc1	0.0
chrX	35870229	0.0	RNA_siLuc	Pgrmc1	0.0
chrX	35870230	0.0	RNA_siLuc	Pgrmc1	0.0
chrX	35870231	0.0	RNA_siLuc	Pgrmc1	0.0
chrX	35870232	0.0	RNA_siLuc	Pgrmc1	0.0
chrX	35870233	0.0	RNA_siLuc	Pgrmc1	0.0
chrX	35870234	0.0	RNA_siLuc	Pgrmc1	0.0
chrX	35870235	0.0	RNA_siLuc	Pgrmc1	0.0
chrX	35870236	0.0	RNA_siLuc	Pgrmc1	0.0
chrX	35870237	0.0	RNA_siLuc	Pgrmc1	0.0
chrX	35870238	0.0	RNA_siLuc	Pgrmc1	0.0
chrX	35870239	0.0	RNA_siLuc	Pgrmc1	0.0
chrX	35870240	0.0	RNA_siLuc	Pgrmc1	0.0
chrX	35870241	0.0	RNA_siLuc	Pgrmc1	0.0
chrX	35870242	0.0	RNA_siLuc	Pgrmc1	0.0
chrX	35870243	0.0	RNA_siLuc	Pgrmc1	0.0
chrX	35870244	0.0	RNA_siLuc	Pgrmc1	0.0
chrX	35870245	0.0	RNA_siLuc	Pgrmc1	0.0
chrX	35870246	0.0	RNA_siLuc	Pgrmc1	0.0
chrX	35870247	0.0	RNA_siLuc	Pgrmc1	0.0
chrX	35870248	0.0	RNA_siLuc	Pgrmc1	0.0
chrX	35870249	0.0	RNA_siLuc	Pgrmc1	0.0
chrX	35870250	0.0	RNA_siLuc	Pgrmc1	0.0
chrX	35870251	0.0	RNA_siLuc	Pgrmc1	0.0
chrX	35870252	0.0	RNA_siLuc	Pgrmc1	0.0
chrX	35870253	0.0	RNA_siLuc	Pgrmc1	0.0
chrX	35870254	0.0	RNA_siLuc	Pgrmc1	0.0
chrX	35870255	0.0	RNA_siLuc	Pgrmc1	0.0
chrX	35870256	0.0	RNA_siLuc	Pgrmc1	0.0
chrX	35870257	0.0	RNA_siLuc	Pgrmc1	0.0
chrX	35870258	0.0	RNA_siLuc	Pgrmc1	0.0
chrX	35870259	0.0	RNA_siLuc	Pgrmc1	0.0
chrX	35870260	0.0	RNA_siLuc	Pgrmc1	0.0
chrX	35870261	0.0	RNA_siLuc	Pgrmc1	0.0
chrX	35870262	0.0	RNA_siLuc	Pgrmc1	0.0
chrX	35870263	0.0	RNA_siLuc	Pgrmc1	0.0
chrX	35870264	0.0	RNA_siLuc	Pgrmc1	0.0
chrX	35870265	0.0	RNA_siLuc	Pgrmc1	0.0
chrX	35870266	0.0	RNA_siLuc	Pgrmc1	0.0
chrX	35870267	0.0	RNA_siLuc	Pgrmc1	0.0
chrX	35870268	0.0	RNA_siLuc	Pgrmc1	0.0
chrX	35870269	0.0	RNA_siLuc	Pgrmc1	0.0
chrX	35870270	0.0	RNA_siLuc	Pgrmc1	0.0
chrX	35870271	0.0	RNA_siLuc	Pgrmc1	0.0
chrX	35870272	0.0	RNA_siLuc	Pgrmc1	0.0
chrX	35870273	0.0	RNA_siLuc	Pgrmc1	0.0
chrX	35870274	0.0	RNA_siLuc	Pgrmc1	0.0
chrX	35870275	0.0	RNA_siLuc	Pgrmc1	0.0
chrX	35870276	0.0	RNA_siLuc	Pgrmc1	0.0
chrX	35870277	0.0	RNA_siLuc	Pgrmc1	0.0
chrX	35870278	0.0	RNA_siLuc	Pgrmc1	0.0
chrX	35870279	0.0	RNA_siLuc	Pgrmc1	0.0
chrX	35870280	0.0	RNA_siLuc	Pgrmc1	0.0
chrX	35870281	0.0	RNA_siLuc	Pgrmc1	0.0
chrX	35870282	0.0	RNA_siLuc	Pgrmc1	0.0
chrX	35870283	0.0	RNA_siLuc	Pgrmc1	0.0
chrX	35870284	0.0	RNA_siLuc	Pgrmc1	0.0
chrX	35870285	0.0	RNA_siLuc	Pgrmc1	0.0
chrX	35870286	0.0	RNA_siLuc	Pgrmc1	0.0
chrX	35870287	0.0	RNA_siLuc	Pgrmc1	0.0
chrX	35870288	0.0	RNA_siLuc	Pgrmc1	0.0
chrX	35870289	0.0	RNA_siLuc	Pgrmc1	0.0
chrX	35870290	0.0	RNA_siLuc	Pgrmc1	0.0
chrX	35870291	0.0	RNA_siLuc	Pgrmc1	0.0
chrX	35870292	0.0	RNA_siLuc	Pgrmc1	0.0
chrX	35870293	0.0	RNA_siLuc	Pgrmc1	0.0
chrX	35870294	0.0	RNA_siLuc	Pgrmc1	0.0
chrX	35870295	0.0	RNA_siLuc	Pgrmc1	0.0
chrX	35870296	0.0	RNA_siLuc	Pgrmc1	0.0
chrX	35870297	0.0	RNA_siLuc	Pgrmc1	0.0
chrX	35870298	0.0	RNA_siLuc	Pgrmc1	0.0
chrX	35870299	0.0	RNA_siLuc	Pgrmc1	0.0
chrX	35870300	0.0	RNA_siLuc	Pgrmc1	0.0
chrX	35870301	0.0	RNA_siLuc	Pgrmc1	0.0
chrX	35870302	0.0	RNA_siLuc	Pgrmc1	0.0
chrX	35870303	0.0	RNA_siLuc	Pgrmc1	0.0
chrX	35870304	0.0	RNA_siLuc	Pgrmc1	0.0
chrX	35870305	0.0	RNA_siLuc	Pgrmc1	0.0
chrX	35870306	0.0	RNA_siLuc	Pgrmc1	0.0
chrX	35870307	0.0	RNA_siLuc	Pgrmc1	0.0
chrX	35870308	0.0	RNA_siLuc	Pgrmc1	0.0
chrX	35870309	0.0	RNA_siLuc	Pgrmc1	0.0
chrX	35870310	0.0	RNA_siLuc	Pgrmc1	0.0
chrX	35870311	0.0	RNA_siLuc	Pgrmc1	0.0
chrX	35870312	0.0	RNA_siLuc	Pgrmc1	0.0
chrX	35870313	0.0	RNA_siLuc	Pgrmc1	0.0
chrX	35870314	0.0	RNA_siLuc	Pgrmc1	0.0
chrX	35870315	0.0	RNA_siLuc	Pgrmc1	0.0
chrX	35870316	0.0	RNA_siLuc	Pgrmc1	0.0
chrX	35870317	0.0	RNA_siLuc	Pgrmc1	0.0
chrX	35870318	0.0	RNA_siLuc	Pgrmc1	0.0
chrX	35870319	0.0	RNA_siLuc	Pgrmc1	0.0
chrX	35870320	0.0	RNA_siLuc	Pgrmc1	0.0
chrX	35870321	0.0	RNA_siLuc	Pgrmc1	0.0
chrX	35870322	0.0	RNA_siLuc	Pgrmc1	0.0
chrX	35870323	0.0	RNA_siLuc	Pgrmc1	0.0
chrX	35870324	0.0	RNA_siLuc	Pgrmc1	0.0
chrX	35870325	0.0	RNA_siLuc	Pgrmc1	0.0
chrX	35870326	0.0	RNA_siLuc	Pgrmc1	0.0
chrX	35870327	0.0	RNA_siLuc	Pgrmc1	0.0
chrX	35870328	0.0	RNA_siLuc	Pgrmc1	0.0
chrX	35870329	0.0	RNA_siLuc	Pgrmc1	0.0
chrX	35870330	0.0	RNA_siLuc	Pgrmc1	0.0
chrX	35870331	0.0	RNA_siLuc	Pgrmc1	0.0
chrX	35870332	0.0	RNA_siLuc	Pgrmc1	0.0
chrX	35870333	0.0	RNA_siLuc	Pgrmc1	0.0
chrX	35870334	0.0	RNA_siLuc	Pgrmc1	0.0
chrX	35870335	0.0	RNA_siLuc	Pgrmc1	0.0
chrX	35870336	0.0	RNA_siLuc	Pgrmc1	0.0
chrX	35870337	0.0	RNA_siLuc	Pgrmc1	0.0
chrX	35870338	0.0	RNA_siLuc	Pgrmc1	0.0
chrX	35870339	0.0	RNA_siLuc	Pgrmc1	0.0
chrX	35870340	0.0	RNA_siLuc	Pgrmc1	0.0
chrX	35870341	0.0	RNA_siLuc	Pgrmc1	0.0
chrX	35870342	0.0	RNA_siLuc	Pgrmc1	0.0
chrX	35870343	0.0	RNA_siLuc	Pgrmc1	0.0
chrX	35870344	0.0	RNA_siLuc	Pgrmc1	0.0
chrX	35870345	0.0	RNA_siLuc	Pgrmc1	0.0
chrX	35870346	0.0	RNA_siLuc	Pgrmc1	0.0
chrX	35870347	0.0	RNA_siLuc	Pgrmc1	0.0
chrX	35870348	0.0	RNA_siLuc	Pgrmc1	0.0
chrX	35870349	0.0	RNA_siLuc	Pgrmc1	0.0
chrX	35870350	0.0	RNA_siLuc	Pgrmc1	0.0
chrX	35870351	0.0	RNA_siLuc	Pgrmc1	0.0
chrX	35870352	0.0	RNA_siLuc	Pgrmc1	0.0
chrX	35870353	0.0	RNA_siLuc	Pgrmc1	0.0
chrX	35870354	0.0	RNA_siLuc	Pgrmc1	0.0
chrX	35870355	0.0	RNA_siLuc	Pgrmc1	0.0
chrX	35870356	0.0	RNA_siLuc	Pgrmc1	0.0
chrX	35870357	0.0	RNA_siLuc	Pgrmc1	0.0
chrX	35870358	0.0	RNA_siLuc	Pgrmc1	0.0
chrX	35870359	0.0	RNA_siLuc	Pgrmc1	0.0
chrX	35870360	0.0	RNA_siLuc	Pgrmc1	0.0
chrX	35870361	0.0	RNA_siLuc	Pgrmc1	0.0
chrX	35870362	0.0	RNA_siLuc	Pgrmc1	0.0
chrX	35870363	0.0	RNA_siLuc	Pgrmc1	0.0
chrX	35870364	0.0	RNA_siLuc	Pgrmc1	0.0
chrX	35870365	0.0	RNA_siLuc	Pgrmc1	0.0
chrX	35870366	0.0	RNA_siLuc	Pgrmc1	0.0
chrX	35870367	0.0	RNA_siLuc	Pgrmc1	0.0
chrX	35870368	0.0	RNA_siLuc	Pgrmc1	0.0
chrX	35870369	0.0	RNA_siLuc	Pgrmc1	0.0
chrX	35870370	0.0	RNA_siLuc	Pgrmc1	0.0
chrX	35870371	0.0	RNA_siLuc	Pgrmc1	0.0
chrX	35870372	0.0	RNA_siLuc	Pgrmc1	0.0
chrX	35870373	0.0	RNA_siLuc	Pgrmc1	0.0
chrX	35870374	0.0	RNA_siLuc	Pgrmc1	0.0
chrX	35870375	0.0	RNA_siLuc	Pgrmc1	0.0
chrX	35870376	0.0	RNA_siLuc	Pgrmc1	0.0
chrX	35870377	0.0	RNA_siLuc	Pgrmc1	0.0
chrX	35870378	0.0	RNA_siLuc	Pgrmc1	0.0
chrX	35870379	0.0	RNA_siLuc	Pgrmc1	0.0
chrX	35870380	0.0	RNA_siLuc	Pgrmc1	0.0
chrX	35870381	0.0	RNA_siLuc	Pgrmc1	0.0
chrX	35870382	0.0	RNA_siLuc	Pgrmc1	0.0
chrX	35870383	0.0	RNA_siLuc	Pgrmc1	0.0
chrX	35870384	0.0	RNA_siLuc	Pgrmc1	0.0
chrX	35870385	0.0	RNA_siLuc	Pgrmc1	0.0
chrX	35870386	0.0	RNA_siLuc	Pgrmc1	0.0
chrX	35870387	0.0	RNA_siLuc	Pgrmc1	0.0
chrX	35870388	0.0	RNA_siLuc	Pgrmc1	0.0
chrX	35870389	0.0	RNA_siLuc	Pgrmc1	0.0
chrX	35870390	0.0	RNA_siLuc	Pgrmc1	0.0
chrX	35870391	0.0	RNA_siLuc	Pgrmc1	0.0
chrX	35870392	0.0	RNA_siLuc	Pgrmc1	0.0
chrX	35870393	0.0	RNA_siLuc	Pgrmc1	0.0
chrX	35870394	0.0	RNA_siLuc	Pgrmc1	0.0
chrX	35870395	0.0	RNA_siLuc	Pgrmc1	0.0
chrX	35870396	0.0	RNA_siLuc	Pgrmc1	0.0
chrX	35870397	0.0	RNA_siLuc	Pgrmc1	0.0
chrX	35870398	0.0	RNA_siLuc	Pgrmc1	0.0
chrX	35870399	0.0	RNA_siLuc	Pgrmc1	0.0
chrX	35870400	0.0	RNA_siLuc	Pgrmc1	0.0
chrX	35870401	0.0	RNA_siLuc	Pgrmc1	0.0
chrX	35870402	0.0	RNA_siLuc	Pgrmc1	0.0
chrX	35870403	0.0	RNA_siLuc	Pgrmc1	0.0
chrX	35870404	0.0	RNA_siLuc	Pgrmc1	0.0
chrX	35870405	0.0	RNA_siLuc	Pgrmc1	0.0
chrX	35870406	0.0	RNA_siLuc	Pgrmc1	0.0
chrX	35870407	0.0	RNA_siLuc	Pgrmc1	0.0
chrX	35870408	0.0	RNA_siLuc	Pgrmc1	0.0
chrX	35870409	0.0	RNA_siLuc	Pgrmc1	0.0
chrX	35870410	0.0	RNA_siLuc	Pgrmc1	0.0
chrX	35870411	0.0	RNA_siLuc	Pgrmc1	0.0
chrX	35870412	0.0	RNA_siLuc	Pgrmc1	0.0
chrX	35870413	0.0	RNA_siLuc	Pgrmc1	0.0
chrX	35870414	0.0	RNA_siLuc	Pgrmc1	0.0
chrX	35870415	0.0	RNA_siLuc	Pgrmc1	0.0
chrX	35870416	0.0	RNA_siLuc	Pgrmc1	0.0
chrX	35870417	0.0	RNA_siLuc	Pgrmc1	0.0
chrX	35870418	0.0	RNA_siLuc	Pgrmc1	0.0
chrX	35870419	0.0	RNA_siLuc	Pgrmc1	0.0
chrX	35870420	0.0	RNA_siLuc	Pgrmc1	0.0
chrX	35870421	0.0	RNA_siLuc	Pgrmc1	0.0
chrX	35870422	0.0	RNA_siLuc	Pgrmc1	0.0
chrX	35870423	0.0	RNA_siLuc	Pgrmc1	0.0
chrX	35870424	0.0	RNA_siLuc	Pgrmc1	0.0
chrX	35870425	0.0	RNA_siLuc	Pgrmc1	0.0
chrX	35870426	0.0	RNA_siLuc	Pgrmc1	0.0
chrX	35870427	0.0	RNA_siLuc	Pgrmc1	0.0
chrX	35870428	0.0	RNA_siLuc	Pgrmc1	0.0
chrX	35870429	0.0	RNA_siLuc	Pgrmc1	0.0
chrX	35870430	0.0	RNA_siLuc	Pgrmc1	0.0
chrX	35870431	0.0	RNA_siLuc	Pgrmc1	0.0
chrX	35870432	0.0	RNA_siLuc	Pgrmc1	0.0
chrX	35870433	0.0	RNA_siLuc	Pgrmc1	0.0
chrX	35870434	0.0	RNA_siLuc	Pgrmc1	0.0
chrX	35870435	0.0	RNA_siLuc	Pgrmc1	0.0
chrX	35870436	0.0	RNA_siLuc	Pgrmc1	0.0
chrX	35870437	0.0	RNA_siLuc	Pgrmc1	0.0
chrX	35870438	0.0	RNA_siLuc	Pgrmc1	0.0
chrX	35870439	0.0	RNA_siLuc	Pgrmc1	0.0
chrX	35870440	0.0	RNA_siLuc	Pgrmc1	0.0
chrX	35870441	0.0	RNA_siLuc	Pgrmc1	0.0
chrX	35870442	0.0	RNA_siLuc	Pgrmc1	0.0
chrX	35870443	0.0	RNA_siLuc	Pgrmc1	0.0
chrX	35870444	0.0	RNA_siLuc	Pgrmc1	0.0
chrX	35870445	0.0	RNA_siLuc	Pgrmc1	0.0
chrX	35870446	0.0	RNA_siLuc	Pgrmc1	0.0
chrX	35870447	0.0	RNA_siLuc	Pgrmc1	0.0
chrX	35870448	0.0	RNA_siLuc	Pgrmc1	0.0
chrX	35870449	0.0	RNA_siLuc	Pgrmc1	0.0
chrX	35870450	0.0	RNA_siLuc	Pgrmc1	0.0
chrX	35870451	0.0	RNA_siLuc	Pgrmc1	0.0
chrX	35870452	0.0	RNA_siLuc	Pgrmc1	0.0
chrX	35870453	0.0	RNA_siLuc	Pgrmc1	0.0
chrX	35870454	0.0	RNA_siLuc	Pgrmc1	0.0
chrX	35870455	0.0	RNA_siLuc	Pgrmc1	0.0
chrX	35870456	0.0	RNA_siLuc	Pgrmc1	0.0
chrX	35870457	0.0	RNA_siLuc	Pgrmc1	0.0
chrX	35870458	0.0	RNA_siLuc	Pgrmc1	0.0
chrX	35870459	0.0	RNA_siLuc	Pgrmc1	0.0
chrX	35870460	0.0	RNA_siLuc	Pgrmc1	0.0
chrX	35870461	0.0	RNA_siLuc	Pgrmc1	0.0
chrX	35870462	0.0	RNA_siLuc	Pgrmc1	0.0
chrX	35870463	0.0	RNA_siLuc	Pgrmc1	0.0
chrX	35870464	0.0	RNA_siLuc	Pgrmc1	0.0
chrX	35870465	0.0	RNA_siLuc	Pgrmc1	0.0
chrX	35870466	0.0	RNA_siLuc	Pgrmc1	0.0
chrX	35870467	0.0	RNA_siLuc	Pgrmc1	0.0
chrX	35870468	0.0	RNA_siLuc	Pgrmc1	0.0
chrX	35870469	0.0	RNA_siLuc	Pgrmc1	0.0
chrX	35870470	0.0	RNA_siLuc	Pgrmc1	0.0
chrX	35870471	0.0	RNA_siLuc	Pgrmc1	0.0
chrX	35870472	0.0	RNA_siLuc	Pgrmc1	0.0
chrX	35870473	0.0	RNA_siLuc	Pgrmc1	0.0
chrX	35870474	0.0	RNA_siLuc	Pgrmc1	0.0
chrX	35870475	0.0	RNA_siLuc	Pgrmc1	0.0
chrX	35870476	0.0	RNA_siLuc	Pgrmc1	0.0
chrX	35870477	0.0	RNA_siLuc	Pgrmc1	0.0
chrX	35870478	0.0	RNA_siLuc	Pgrmc1	0.0
chrX	35870479	0.0	RNA_siLuc	Pgrmc1	0.0
chrX	35870480	0.0	RNA_siLuc	Pgrmc1	0.0
chrX	35870481	0.0	RNA_siLuc	Pgrmc1	0.0
chrX	35870482	0.0	RNA_siLuc	Pgrmc1	0.0
chrX	35870483	0.0	RNA_siLuc	Pgrmc1	0.0
chrX	35870484	0.0	RNA_siLuc	Pgrmc1	0.0
chrX	35870485	0.0	RNA_siLuc	Pgrmc1	0.0
chrX	35870486	0.0	RNA_siLuc	Pgrmc1	0.0
chrX	35870487	0.0	RNA_siLuc	Pgrmc1	0.0
chrX	35870488	0.0	RNA_siLuc	Pgrmc1	0.0
chrX	35870489	0.0	RNA_siLuc	Pgrmc1	0.0
chrX	35870490	0.0	RNA_siLuc	Pgrmc1	0.0
chrX	35870491	0.0	RNA_siLuc	Pgrmc1	0.0
chrX	35870492	0.0	RNA_siLuc	Pgrmc1	0.0
chrX	35870493	0.0	RNA_siLuc	Pgrmc1	0.0
chrX	35870494	0.0	RNA_siLuc	Pgrmc1	0.0
chrX	35870495	0.0	RNA_siLuc	Pgrmc1	0.0
chrX	35870496	0.0	RNA_siLuc	Pgrmc1	0.0
chrX	35870497	0.0	RNA_siLuc	Pgrmc1	0.0
chrX	35870498	0.0	RNA_siLuc	Pgrmc1	0.0
chrX	35870499	0.0	RNA_siLuc	Pgrmc1	0.0
chrX	35870500	0.0	RNA_siLuc	Pgrmc1	0.0
chrX	35870501	0.0	RNA_siLuc	Pgrmc1	0.0
chrX	35870502	0.0	RNA_siLuc	Pgrmc1	0.0
chrX	35870503	0.0	RNA_siLuc	Pgrmc1	0.0
chrX	35870504	0.0	RNA_siLuc	Pgrmc1	0.0
chrX	35870505	0.0	RNA_siLuc	Pgrmc1	0.0
chrX	35870506	0.0	RNA_siLuc	Pgrmc1	0.0
chrX	35870507	0.0	RNA_siLuc	Pgrmc1	0.0
chrX	35870508	0.0	RNA_siLuc	Pgrmc1	0.0
chrX	35870509	0.0	RNA_siLuc	Pgrmc1	0.0
chrX	35870510	0.0	RNA_siLuc	Pgrmc1	0.0
chrX	35870511	0.0	RNA_siLuc	Pgrmc1	0.0
chrX	35870512	0.0	RNA_siLuc	Pgrmc1	0.0
chrX	35870513	0.0	RNA_siLuc	Pgrmc1	0.0
chrX	35870514	0.0	RNA_siLuc	Pgrmc1	0.0
chrX	35870515	0.0	RNA_siLuc	Pgrmc1	0.0
chrX	35870516	0.0	RNA_siLuc	Pgrmc1	0.0
chrX	35870517	0.0	RNA_siLuc	Pgrmc1	0.0
chrX	35870518	0.0	RNA_siLuc	Pgrmc1	0.0
chrX	35870519	0.0	RNA_siLuc	Pgrmc1	0.0
chrX	35870520	0.0	RNA_siLuc	Pgrmc1	0.0
chrX	35870521	0.0	RNA_siLuc	Pgrmc1	0.0
chrX	35870522	0.0	RNA_siLuc	Pgrmc1	0.0
chrX	35870523	0.0	RNA_siLuc	Pgrmc1	0.0
chrX	35870524	0.0	RNA_siLuc	Pgrmc1	0.0
chrX	35870525	0.0	RNA_siLuc	Pgrmc1	0.0
chrX	35870526	0.0	RNA_siLuc	Pgrmc1	0.0
chrX	35870527	0.0	RNA_siLuc	Pgrmc1	0.0
chrX	35870528	0.0	RNA_siLuc	Pgrmc1	0.0
chrX	35870529	0.0	RNA_siLuc	Pgrmc1	0.0
chrX	35870530	0.0	RNA_siLuc	Pgrmc1	0.0
chrX	35870531	0.0	RNA_siLuc	Pgrmc1	0.0
chrX	35870532	0.0	RNA_siLuc	Pgrmc1	0.0
chrX	35870533	0.0	RNA_siLuc	Pgrmc1	0.0
chrX	35870534	0.0	RNA_siLuc	Pgrmc1	0.0
chrX	35870535	0.0	RNA_siLuc	Pgrmc1	0.0
chrX	35870536	0.0	RNA_siLuc	Pgrmc1	0.0
chrX	35870537	0.0	RNA_siLuc	Pgrmc1	0.0
chrX	35870538	0.0	RNA_siLuc	Pgrmc1	0.0
chrX	35870539	0.0	RNA_siLuc	Pgrmc1	0.0
chrX	35870540	0.0	RNA_siLuc	Pgrmc1	0.0
chrX	35870541	0.0	RNA_siLuc	Pgrmc1	0.0
chrX	35870542	0.0	RNA_siLuc	Pgrmc1	0.0
chrX	35870543	0.0	RNA_siLuc	Pgrmc1	0.0
chrX	35870544	0.0	RNA_siLuc	Pgrmc1	0.0
chrX	35870545	0.0	RNA_siLuc	Pgrmc1	0.0
chrX	35870546	0.0	RNA_siLuc	Pgrmc1	0.0
chrX	35870547	0.0	RNA_siLuc	Pgrmc1	0.0
chrX	35870548	0.0	RNA_siLuc	Pgrmc1	0.0
chrX	35870549	0.0	RNA_siLuc	Pgrmc1	0.0
chrX	35870550	0.0	RNA_siLuc	Pgrmc1	0.0
chrX	35870551	0.0	RNA_siLuc	Pgrmc1	0.0
chrX	35870552	0.0	RNA_siLuc	Pgrmc1	0.0
chrX	35870553	0.0	RNA_siLuc	Pgrmc1	0.0
chrX	35870554	0.0	RNA_siLuc	Pgrmc1	0.0
chrX	35870555	0.0	RNA_siLuc	Pgrmc1	0.0
chrX	35870556	0.0	RNA_siLuc	Pgrmc1	0.0
chrX	35870557	0.0	RNA_siLuc	Pgrmc1	0.0
chrX	35870558	0.0	RNA_siLuc	Pgrmc1	0.0
chrX	35870559	0.0	RNA_siLuc	Pgrmc1	0.0
chrX	35870560	0.0	RNA_siLuc	Pgrmc1	0.0
chrX	35870561	0.0	RNA_siLuc	Pgrmc1	0.0
chrX	35870562	0.0	RNA_siLuc	Pgrmc1	0.0
chrX	35870563	0.0	RNA_siLuc	Pgrmc1	0.0
chrX	35870564	0.0	RNA_siLuc	Pgrmc1	0.0
chrX	35870565	0.0	RNA_siLuc	Pgrmc1	0.0
chrX	35870566	0.0	RNA_siLuc	Pgrmc1	0.0
chrX	35870567	0.0	RNA_siLuc	Pgrmc1	0.0
chrX	35870568	0.0	RNA_siLuc	Pgrmc1	0.0
chrX	35870569	0.0	RNA_siLuc	Pgrmc1	0.0
chrX	35870570	0.0	RNA_siLuc	Pgrmc1	0.0
chrX	35870571	0.0	RNA_siLuc	Pgrmc1	0.0
chrX	35870572	0.0	RNA_siLuc	Pgrmc1	0.0
chrX	35870573	0.0	RNA_siLuc	Pgrmc1	0.0
chrX	35870574	0.0	RNA_siLuc	Pgrmc1	0.0
chrX	35870575	0.0	RNA_siLuc	Pgrmc1	0.0
chrX	35870576	0.0	RNA_siLuc	Pgrmc1	0.0
chrX	35870577	0.0	RNA_siLuc	Pgrmc1	0.0
chrX	35870578	0.0	RNA_siLuc	Pgrmc1	0.0
chrX	35870579	0.0	RNA_siLuc	Pgrmc1	0.0
chrX	35870580	0.0	RNA_siLuc	Pgrmc1	0.0
chrX	35870581	0.0	RNA_siLuc	Pgrmc1	0.0
chrX	35870582	0.0	RNA_siLuc	Pgrmc1	0.0
chrX	35870583	0.0	RNA_siLuc	Pgrmc1	0.0
chrX	35870584	0.0	RNA_siLuc	Pgrmc1	0.0
chrX	35870585	0.0	RNA_siLuc	Pgrmc1	0.0
chrX	35870586	0.0	RNA_siLuc	Pgrmc1	0.0
chrX	35870587	0.0	RNA_siLuc	Pgrmc1	0.0
chrX	35870588	0.0	RNA_siLuc	Pgrmc1	0.0
chrX	35870589	0.0	RNA_siLuc	Pgrmc1	0.0
chrX	35870590	0.0	RNA_siLuc	Pgrmc1	0.0
chrX	35870591	0.0	RNA_siLuc	Pgrmc1	0.0
chrX	35870592	0.0	RNA_siLuc	Pgrmc1	0.0
chrX	35870593	0.0	RNA_siLuc	Pgrmc1	0.0
chrX	35870594	0.0	RNA_siLuc	Pgrmc1	0.0
chrX	35870595	0.0	RNA_siLuc	Pgrmc1	0.0
chrX	35870596	0.0	RNA_siLuc	Pgrmc1	0.0
chrX	35870597	0.0	RNA_siLuc	Pgrmc1	0.0
chrX	35870598	0.0	RNA_siLuc	Pgrmc1	0.0
chrX	35870599	0.0	RNA_siLuc	Pgrmc1	0.0
chrX	35870600	0.0	RNA_siLuc	Pgrmc1	0.0
chrX	35870601	0.0	RNA_siLuc	Pgrmc1	0.0
chrX	35870602	0.0	RNA_siLuc	Pgrmc1	0.0
chrX	35870603	0.0	RNA_siLuc	Pgrmc1	0.0
chrX	35870604	0.0	RNA_siLuc	Pgrmc1	0.0
chrX	35870605	0.0	RNA_siLuc	Pgrmc1	0.0
chrX	35870606	0.0	RNA_siLuc	Pgrmc1	0.0
chrX	35870607	0.0	RNA_siLuc	Pgrmc1	0.0
chrX	35870608	0.0	RNA_siLuc	Pgrmc1	0.0
chrX	35870609	0.0	RNA_siLuc	Pgrmc1	0.0
chrX	35870610	0.0	RNA_siLuc	Pgrmc1	0.0
chrX	35870611	0.0	RNA_siLuc	Pgrmc1	0.0
chrX	35870612	0.0	RNA_siLuc	Pgrmc1	0.0
chrX	35870613	0.0	RNA_siLuc	Pgrmc1	0.0
chrX	35870614	0.0	RNA_siLuc	Pgrmc1	0.0
chrX	35870615	0.0	RNA_siLuc	Pgrmc1	0.0
chrX	35870616	0.0	RNA_siLuc	Pgrmc1	0.0
chrX	35870617	0.0	RNA_siLuc	Pgrmc1	0.0
chrX	35870618	0.0	RNA_siLuc	Pgrmc1	0.0
chrX	35870619	0.0	RNA_siLuc	Pgrmc1	0.0
chrX	35870620	0.0	RNA_siLuc	Pgrmc1	0.0
chrX	35870621	0.0	RNA_siLuc	Pgrmc1	0.0
chrX	35870622	0.0	RNA_siLuc	Pgrmc1	0.0
chrX	35870623	0.0	RNA_siLuc	Pgrmc1	0.0
chrX	35870624	0.0	RNA_siLuc	Pgrmc1	0.0
chrX	35870625	0.0	RNA_siLuc	Pgrmc1	0.0
chrX	35870626	0.0	RNA_siLuc	Pgrmc1	0.0
chrX	35870627	0.0	RNA_siLuc	Pgrmc1	0.0
chrX	35870628	0.0	RNA_siLuc	Pgrmc1	0.0
chrX	35870629	0.0	RNA_siLuc	Pgrmc1	0.0
chrX	35870630	0.0	RNA_siLuc	Pgrmc1	0.0
chrX	35870631	0.0	RNA_siLuc	Pgrmc1	0.0
chrX	35870632	0.0	RNA_siLuc	Pgrmc1	0.0
chrX	35870633	0.0	RNA_siLuc	Pgrmc1	0.0
chrX	35870634	0.0	RNA_siLuc	Pgrmc1	0.0
chrX	35870635	0.0	RNA_siLuc	Pgrmc1	0.0
chrX	35870636	0.0	RNA_siLuc	Pgrmc1	0.0
chrX	35870637	0.0	RNA_siLuc	Pgrmc1	0.0
chrX	35870638	0.0	RNA_siLuc	Pgrmc1	0.0
chrX	35870639	0.0	RNA_siLuc	Pgrmc1	0.0
chrX	35870640	0.0	RNA_siLuc	Pgrmc1	0.0
chrX	35870641	0.0	RNA_siLuc	Pgrmc1	0.0
chrX	35870642	0.0	RNA_siLuc	Pgrmc1	0.0
chrX	35870643	0.0	RNA_siLuc	Pgrmc1	0.0
chrX	35870644	0.0	RNA_siLuc	Pgrmc1	0.0
chrX	35870645	0.0	RNA_siLuc	Pgrmc1	0.0
chrX	35870646	0.0	RNA_siLuc	Pgrmc1	0.0
chrX	35870647	0.0	RNA_siLuc	Pgrmc1	0.0
chrX	35870648	0.0	RNA_siLuc	Pgrmc1	0.0
chrX	35870649	0.0	RNA_siLuc	Pgrmc1	0.0
chrX	35870650	0.0	RNA_siLuc	Pgrmc1	0.0
chrX	35870651	0.0	RNA_siLuc	Pgrmc1	0.0
chrX	35870652	0.0	RNA_siLuc	Pgrmc1	0.0
chrX	35870653	0.0	RNA_siLuc	Pgrmc1	0.0
chrX	35870654	0.0	RNA_siLuc	Pgrmc1	0.0
chrX	35870655	0.0	RNA_siLuc	Pgrmc1	0.0
chrX	35870656	0.0	RNA_siLuc	Pgrmc1	0.0
chrX	35870657	0.0	RNA_siLuc	Pgrmc1	0.0
chrX	35870658	0.0	RNA_siLuc	Pgrmc1	0.0
chrX	35870659	0.0	RNA_siLuc	Pgrmc1	0.0
chrX	35870660	0.0	RNA_siLuc	Pgrmc1	0.0
chrX	35870661	0.0	RNA_siLuc	Pgrmc1	0.0
chrX	35870662	0.0	RNA_siLuc	Pgrmc1	0.0
chrX	35870663	0.0	RNA_siLuc	Pgrmc1	0.0
chrX	35870664	0.0	RNA_siLuc	Pgrmc1	0.0
chrX	35870665	0.0	RNA_siLuc	Pgrmc1	0.0
chrX	35870666	0.0	RNA_siLuc	Pgrmc1	0.0
chrX	35870667	0.0	RNA_siLuc	Pgrmc1	0.0
chrX	35870668	0.0	RNA_siLuc	Pgrmc1	0.0
chrX	35870669	0.0	RNA_siLuc	Pgrmc1	0.0
chrX	35870670	0.0	RNA_siLuc	Pgrmc1	0.0
chrX	35870671	0.0	RNA_siLuc	Pgrmc1	0.0
chrX	35870672	0.0	RNA_siLuc	Pgrmc1	0.0
chrX	35870673	0.0	RNA_siLuc	Pgrmc1	0.0
chrX	35870674	0.0	RNA_siLuc	Pgrmc1	0.0
chrX	35870675	0.0	RNA_siLuc	Pgrmc1	0.0
chrX	35870676	0.0	RNA_siLuc	Pgrmc1	0.0
chrX	35870677	0.0	RNA_siLuc	Pgrmc1	0.0
chrX	35870678	0.0	RNA_siLuc	Pgrmc1	0.0
chrX	35870679	0.0	RNA_siLuc	Pgrmc1	0.0
chrX	35870680	0.0	RNA_siLuc	Pgrmc1	0.0
chrX	35870681	0.0	RNA_siLuc	Pgrmc1	0.0
chrX	35870682	0.0	RNA_siLuc	Pgrmc1	0.0
chrX	35870683	0.0	RNA_siLuc	Pgrmc1	0.0
chrX	35870684	0.0	RNA_siLuc	Pgrmc1	0.0
chrX	35870685	0.0	RNA_siLuc	Pgrmc1	0.0
chrX	35870686	0.0	RNA_siLuc	Pgrmc1	0.0
chrX	35870687	0.0	RNA_siLuc	Pgrmc1	0.0
chrX	35870688	0.0	RNA_siLuc	Pgrmc1	0.0
chrX	35870689	0.0	RNA_siLuc	Pgrmc1	0.0
chrX	35870690	0.0	RNA_siLuc	Pgrmc1	0.0
chrX	35870691	0.0	RNA_siLuc	Pgrmc1	0.0
chrX	35870692	0.0	RNA_siLuc	Pgrmc1	0.0
chrX	35870693	0.0	RNA_siLuc	Pgrmc1	0.0
chrX	35870694	0.0	RNA_siLuc	Pgrmc1	0.0
chrX	35870695	0.0	RNA_siLuc	Pgrmc1	0.0
chrX	35870696	0.0	RNA_siLuc	Pgrmc1	0.0
chrX	35870697	0.0	RNA_siLuc	Pgrmc1	0.0
chrX	35870698	0.0	RNA_siLuc	Pgrmc1	0.0
chrX	35870699	0.0	RNA_siLuc	Pgrmc1	0.0
chrX	35870700	0.0	RNA_siLuc	Pgrmc1	0.0
chrX	35870701	0.0	RNA_siLuc	Pgrmc1	0.0
chrX	35870702	0.0	RNA_siLuc	Pgrmc1	0.0
chrX	35870703	0.0	RNA_siLuc	Pgrmc1	0.0
chrX	35870704	0.0	RNA_siLuc	Pgrmc1	0.0
chrX	35870705	0.0	RNA_siLuc	Pgrmc1	0.0
chrX	35870706	0.0	RNA_siLuc	Pgrmc1	0.0
chrX	35870707	0.0	RNA_siLuc	Pgrmc1	0.0
chrX	35870708	0.0	RNA_siLuc	Pgrmc1	0.0
chrX	35870709	0.0	RNA_siLuc	Pgrmc1	0.0
chrX	35870710	0.0	RNA_siLuc	Pgrmc1	0.0
chrX	35870711	0.0	RNA_siLuc	Pgrmc1	0.0
chrX	35870712	0.0	RNA_siLuc	Pgrmc1	0.0
chrX	35870713	0.0	RNA_siLuc	Pgrmc1	0.0
chrX	35870714	0.0	RNA_siLuc	Pgrmc1	0.0
chrX	35870715	0.0	RNA_siLuc	Pgrmc1	0.0
chrX	35870716	0.0	RNA_siLuc	Pgrmc1	0.0
chrX	35870717	0.0	RNA_siLuc	Pgrmc1	0.0
chrX	35870718	0.0	RNA_siLuc	Pgrmc1	0.0
chrX	35870719	0.0	RNA_siLuc	Pgrmc1	0.0
chrX	35870720	0.0	RNA_siLuc	Pgrmc1	0.0
chrX	35870721	0.0	RNA_siLuc	Pgrmc1	0.0
chrX	35870722	0.0	RNA_siLuc	Pgrmc1	0.0
chrX	35870723	0.0	RNA_siLuc	Pgrmc1	0.0
chrX	35870724	0.0	RNA_siLuc	Pgrmc1	0.0
chrX	35870725	0.0	RNA_siLuc	Pgrmc1	0.0
chrX	35870726	0.0	RNA_siLuc	Pgrmc1	0.0
chrX	35870727	0.0	RNA_siLuc	Pgrmc1	0.0
chrX	35870728	0.0	RNA_siLuc	Pgrmc1	0.0
chrX	35870729	0.0	RNA_siLuc	Pgrmc1	0.0
chrX	35870730	0.0	RNA_siLuc	Pgrmc1	0.0
chrX	35870731	0.0	RNA_siLuc	Pgrmc1	0.0
chrX	35870732	0.0	RNA_siLuc	Pgrmc1	0.0
